C:\Users\benja\Documents\slm_learning\.venv\Lib\site-packages\modal\_utils\async_utils.py:45: DeprecationWarning: 'asyncio.WindowsSelectorEventLoopPolicy' is deprecated and slated for removal in Python 3.16
  asyncio.set_event_loop_policy(asyncio.WindowsSelectorEventLoopPolicy())
C:\Users\benja\Documents\slm_learning\.venv\Lib\site-packages\modal\_utils\async_utils.py:45: DeprecationWarning: 'asyncio.set_event_loop_policy' is deprecated and slated for removal in Python 3.16
  asyncio.set_event_loop_policy(asyncio.WindowsSelectorEventLoopPolicy())
✓ Initialized. View run at 
https://modal.com/apps/b2gdevs/main/ap-znuWOjDlnTvl9E6KYRiA1d
✓ Created objects.
├── 🔨 Created mount 
│   C:\Users\benja\Documents\slm_learning\modal_app\train_lora.py
├── 🔨 Created function train_a10g.
├── 🔨 Created function train.
├── 🔨 Created function train_a100.
├── 🔨 Created function list_volumes.
└── 🔨 Created function upload_local_jsonl.
[main] firing ladder-1p5b-coder-2026-05-08 on Modal A10G...
[train] run_id=ladder-1p5b-coder-2026-05-08
[train] base=Qwen/Qwen2.5-Coder-1.5B-Instruct dataset=/data/external/open-code-reasoning/data.parquet
[train] gpu_visible: NVIDIA A10

[1AGenerating train split: 0 examples [00:00, ? examples/s]
[1AGenerating train split: 3317 examples [00:00, 5727.10 examples/s]
[1AGenerating train split: 6634 examples [00:00, 9093.40 examples/s]
[1AGenerating train split: 9951 examples [00:01, 11103.30 examples/s]
[1AGenerating train split: 13268 examples [00:01, 12834.94 examples/s]
[1AGenerating train split: 16585 examples [00:01, 13974.21 examples/s]
[1AGenerating train split: 19902 examples [00:01, 14106.87 examples/s]
[1AGenerating train split: 23219 examples [00:01, 15304.15 examples/s]
[1AGenerating train split: 26536 examples [00:02, 15481.24 examples/s]
[1AGenerating train split: 30000 examples [00:02, 14413.10 examples/s]
[train] loaded 30000 rows from /data/external/open-code-reasoning/data.parquet
Warning: You are sending unauthenticated requests to the HF Hub. Please set a HF_TOKEN to enable higher rate limits and faster downloads.
[train] loading base in torch.bfloat16 ...

[1ALoading weights:   0%|          | 0/338 [00:00<?, ?it/s]
[1ALoading weights:   0%|          | 1/338 [00:00<01:31,  3.67it/s]
[1ALoading weights:   5%|▌         | 17/338 [00:00<00:05, 54.45it/s]
[1ALoading weights:  12%|█▏        | 40/338 [00:00<00:02, 107.71it/s]
[1ALoading weights:  19%|█▊        | 63/338 [00:00<00:01, 142.92it/s]
[1ALoading weights:  26%|██▌       | 88/338 [00:00<00:01, 171.56it/s]
[1ALoading weights:  33%|███▎      | 112/338 [00:00<00:01, 183.72it/s]
[1ALoading weights:  40%|████      | 136/338 [00:00<00:01, 192.39it/s]
[1ALoading weights:  47%|████▋     | 160/338 [00:01<00:00, 203.66it/s]
[1ALoading weights:  54%|█████▍    | 184/338 [00:01<00:00, 205.57it/s]
[1ALoading weights:  61%|██████    | 207/338 [00:01<00:00, 212.35it/s]
[1ALoading weights:  68%|██████▊   | 231/338 [00:01<00:00, 215.21it/s]
[1ALoading weights:  75%|███████▌  | 255/338 [00:01<00:00, 215.57it/s]
[1ALoading weights:  82%|████████▏ | 277/338 [00:01<00:00, 214.62it/s]
[1ALoading weights:  88%|████████▊ | 299/338 [00:01<00:00, 204.28it/s]
[1ALoading weights:  95%|█████████▍| 320/338 [00:01<00:00, 169.60it/s]
[1ALoading weights: 100%|██████████| 338/338 [00:01<00:00, 171.29it/s]
[train] trainable params: 18.46M / 1562.18M (1.18%)

[1AMap:   0%|          | 0/30000 [00:00<?, ? examples/s]
[1AMap:   2%|▏         | 493/30000 [00:00<00:06, 4863.20 examples/s]
[1AMap:   3%|▎         | 1000/30000 [00:00<00:07, 3924.59 examples/s]
[1AMap:   5%|▌         | 1560/30000 [00:00<00:06, 4587.14 examples/s]
[1AMap:   7%|▋         | 2242/30000 [00:00<00:06, 4145.71 examples/s]
[1AMap:   9%|▉         | 2787/30000 [00:00<00:06, 4514.15 examples/s]
[1AMap:  11%|█         | 3316/30000 [00:00<00:06, 4321.12 examples/s]
[1AMap:  13%|█▎        | 3937/30000 [00:00<00:05, 4836.25 examples/s]
[1AMap:  15%|█▌        | 4637/30000 [00:01<00:05, 4633.94 examples/s]
[1AMap:  18%|█▊        | 5306/30000 [00:01<00:05, 4545.04 examples/s]
[1AMap:  20%|█▉        | 5897/30000 [00:01<00:04, 4874.72 examples/s]
[1AMap:  22%|██▏       | 6629/30000 [00:01<00:04, 4699.02 examples/s]
[1AMap:  24%|██▍       | 7314/30000 [00:01<00:04, 4649.52 examples/s]
[1AMap:  27%|██▋       | 7976/30000 [00:01<00:04, 5108.34 examples/s]
[1AMap:  29%|██▉       | 8662/30000 [00:01<00:04, 4928.17 examples/s]
[1AMap:  31%|███       | 9300/30000 [00:01<00:04, 4704.10 examples/s]
[1AMap:  33%|███▎      | 9907/30000 [00:02<00:03, 5023.83 examples/s]
[1AMap:  35%|███▌      | 10576/30000 [00:02<00:04, 4686.25 examples/s]
[1AMap:  38%|███▊      | 11263/30000 [00:02<00:04, 4303.30 examples/s]
[1AMap:  39%|███▉      | 11794/30000 [00:02<00:04, 4519.45 examples/s]
[1AMap:  42%|████▏     | 12522/30000 [00:02<00:04, 4268.68 examples/s]
[1AMap:  43%|████▎     | 13000/30000 [00:02<00:04, 4062.36 examples/s]
[1AMap:  45%|████▌     | 13623/30000 [00:02<00:03, 4545.71 examples/s]
[1AMap:  48%|████▊     | 14300/30000 [00:03<00:03, 4438.04 examples/s]
[1AMap:  50%|████▉     | 14901/30000 [00:03<00:03, 4800.25 examples/s]
[1AMap:  52%|█████▏    | 15610/30000 [00:03<00:03, 4641.60 examples/s]
[1AMap:  54%|█████▍    | 16304/30000 [00:03<00:03, 4478.92 examples/s]
[1AMap:  57%|█████▋    | 16993/30000 [00:03<00:02, 5019.79 examples/s]
[1AMap:  59%|█████▉    | 17681/30000 [00:03<00:02, 4874.82 examples/s]
[1AMap:  61%|██████    | 18325/30000 [00:03<00:02, 4684.86 examples/s]
[1AMap:  63%|██████▎   | 18997/30000 [00:04<00:02, 5155.25 examples/s]
[1AMap:  66%|██████▌   | 19661/30000 [00:04<00:02, 4912.67 examples/s]
[1AMap:  68%|██████▊   | 20317/30000 [00:04<00:02, 4737.22 examples/s]
[1AMap:  70%|██████▉   | 20952/30000 [00:04<00:01, 5113.61 examples/s]
[1AMap:  72%|███████▏  | 21552/30000 [00:04<00:01, 4706.34 examples/s]
[1AMap:  74%|███████▍  | 22253/30000 [00:04<00:01, 4365.63 examples/s]
[1AMap:  76%|███████▌  | 22810/30000 [00:04<00:01, 4631.25 examples/s]
[1AMap:  79%|███████▊  | 23584/30000 [00:05<00:01, 4437.59 examples/s]
[1AMap:  81%|████████  | 24271/30000 [00:05<00:01, 4353.06 examples/s]
[1AMap:  83%|████████▎ | 24802/30000 [00:05<00:01, 4557.88 examples/s]
[1AMap:  84%|████████▍ | 25286/30000 [00:05<00:01, 4309.36 examples/s]
[1AMap:  86%|████████▌ | 25865/30000 [00:05<00:00, 4660.22 examples/s]
[1AMap:  89%|████████▊ | 26598/30000 [00:05<00:00, 4504.04 examples/s]
[1AMap:  91%|█████████ | 27286/30000 [00:05<00:00, 4393.57 examples/s]
[1AMap:  93%|█████████▎| 27787/30000 [00:06<00:00, 4529.05 examples/s]
[1AMap:  94%|█████████▍| 28296/30000 [00:06<00:00, 4337.01 examples/s]
[1AMap:  96%|█████████▋| 28883/30000 [00:06<00:00, 4708.81 examples/s]
[1AMap:  98%|█████████▊| 29536/30000 [00:06<00:00, 4438.10 examples/s]
[1AMap: 100%|██████████| 30000/30000 [00:06<00:00, 4084.29 examples/s]
[1AMap: 100%|██████████| 30000/30000 [00:06<00:00, 4565.87 examples/s]
[transformers] warmup_ratio is deprecated and will be removed in v5.2. Use `warmup_steps` instead.

[1AAdding EOS to train dataset:   0%|          | 0/30000 [00:00<?, ? examples/s]
[1AAdding EOS to train dataset:   3%|▎         | 1000/30000 [00:00<00:03, 8297.26 examples/s]
[1AAdding EOS to train dataset:   7%|▋         | 2000/30000 [00:00<00:03, 8225.66 examples/s]
[1AAdding EOS to train dataset:  10%|█         | 3000/30000 [00:00<00:03, 7623.12 examples/s]
[1AAdding EOS to train dataset:  13%|█▎        | 4000/30000 [00:00<00:03, 7401.40 examples/s]
[1AAdding EOS to train dataset:  17%|█▋        | 5000/30000 [00:00<00:03, 7351.25 examples/s]
[1AAdding EOS to train dataset:  20%|██        | 6000/30000 [00:00<00:03, 7417.88 examples/s]
[1AAdding EOS to train dataset:  23%|██▎       | 7000/30000 [00:00<00:03, 7614.62 examples/s]
[1AAdding EOS to train dataset:  27%|██▋       | 8000/30000 [00:01<00:02, 7748.65 examples/s]
[1AAdding EOS to train dataset:  30%|███       | 9000/30000 [00:01<00:02, 7595.65 examples/s]
[1AAdding EOS to train dataset:  33%|███▎      | 10000/30000 [00:01<00:02, 7610.69 examples/s]
[1AAdding EOS to train dataset:  37%|███▋      | 11000/30000 [00:01<00:02, 7487.02 examples/s]
[1AAdding EOS to train dataset:  40%|████      | 12000/30000 [00:01<00:02, 7704.09 examples/s]
[1AAdding EOS to train dataset:  43%|████▎     | 13000/30000 [00:01<00:02, 7838.47 examples/s]
[1AAdding EOS to train dataset:  47%|████▋     | 14000/30000 [00:01<00:02, 7642.01 examples/s]
[1AAdding EOS to train dataset:  50%|█████     | 15000/30000 [00:01<00:01, 7513.99 examples/s]
[1AAdding EOS to train dataset:  53%|█████▎    | 16000/30000 [00:02<00:01, 7284.63 examples/s]
[1AAdding EOS to train dataset:  57%|█████▋    | 17000/30000 [00:02<00:01, 7227.09 examples/s]
[1AAdding EOS to train dataset:  60%|██████    | 18000/30000 [00:02<00:01, 7194.57 examples/s]
[1AAdding EOS to train dataset:  63%|██████▎   | 19000/30000 [00:02<00:01, 7279.99 examples/s]
[1AAdding EOS to train dataset:  67%|██████▋   | 20000/30000 [00:02<00:01, 7535.18 examples/s]
[1AAdding EOS to train dataset:  70%|███████   | 21000/30000 [00:02<00:01, 7677.16 examples/s]
[1AAdding EOS to train dataset:  73%|███████▎  | 22000/30000 [00:02<00:01, 7570.31 examples/s]
[1AAdding EOS to train dataset:  77%|███████▋  | 23000/30000 [00:03<00:00, 7691.11 examples/s]
[1AAdding EOS to train dataset:  80%|████████  | 24000/30000 [00:03<00:00, 7655.75 examples/s]
[1AAdding EOS to train dataset:  83%|████████▎ | 25000/30000 [00:03<00:00, 7700.51 examples/s]
[1AAdding EOS to train dataset:  87%|████████▋ | 26000/30000 [00:03<00:00, 7957.10 examples/s]
[1AAdding EOS to train dataset:  90%|█████████ | 27000/30000 [00:03<00:00, 8036.54 examples/s]
[1AAdding EOS to train dataset:  93%|█████████▎| 28000/30000 [00:03<00:00, 8265.27 examples/s]
[1AAdding EOS to train dataset:  97%|█████████▋| 29000/30000 [00:03<00:00, 8325.57 examples/s]
[1AAdding EOS to train dataset: 100%|██████████| 30000/30000 [00:03<00:00, 8160.87 examples/s]
[1AAdding EOS to train dataset: 100%|██████████| 30000/30000 [00:03<00:00, 7689.67 examples/s]

[1ATokenizing train dataset:   0%|          | 0/30000 [00:00<?, ? examples/s]
[1ATokenizing train dataset:   0%|          | 7/30000 [00:00<07:34, 66.02 examples/s]
[1ATokenizing train dataset:   0%|          | 14/30000 [00:00<07:48, 64.06 examples/s]
[1ATokenizing train dataset:   0%|          | 24/30000 [00:00<06:43, 74.33 examples/s]
[1ATokenizing train dataset:   0%|          | 34/30000 [00:00<06:25, 77.79 examples/s]
[1ATokenizing train dataset:   0%|          | 43/30000 [00:00<06:49, 73.22 examples/s]
[1ATokenizing train dataset:   0%|          | 61/30000 [00:00<05:00, 99.54 examples/s]
[1ATokenizing train dataset:   0%|          | 72/30000 [00:00<06:10, 80.84 examples/s]
[1ATokenizing train dataset:   0%|          | 83/30000 [00:01<06:00, 83.09 examples/s]
[1ATokenizing train dataset:   0%|          | 94/30000 [00:01<07:45, 64.28 examples/s]
[1ATokenizing train dataset:   0%|          | 102/30000 [00:01<07:53, 63.11 examples/s]
[1ATokenizing train dataset:   0%|          | 110/30000 [00:01<07:52, 63.28 examples/s]
[1ATokenizing train dataset:   0%|          | 117/30000 [00:01<07:57, 62.63 examples/s]
[1ATokenizing train dataset:   0%|          | 125/30000 [00:01<08:54, 55.92 examples/s]
[1ATokenizing train dataset:   0%|          | 133/30000 [00:01<08:36, 57.80 examples/s]
[1ATokenizing train dataset:   0%|          | 145/30000 [00:02<07:17, 68.27 examples/s]
[1ATokenizing train dataset:   1%|          | 154/30000 [00:02<08:14, 60.37 examples/s]
[1ATokenizing train dataset:   1%|          | 161/30000 [00:02<08:12, 60.53 examples/s]
[1ATokenizing train dataset:   1%|          | 169/30000 [00:02<08:01, 62.02 examples/s]
[1ATokenizing train dataset:   1%|          | 178/30000 [00:02<07:43, 64.30 examples/s]
[1ATokenizing train dataset:   1%|          | 186/30000 [00:02<08:54, 55.75 examples/s]
[1ATokenizing train dataset:   1%|          | 195/30000 [00:03<09:26, 52.57 examples/s]
[1ATokenizing train dataset:   1%|          | 202/30000 [00:03<09:03, 54.78 examples/s]
[1ATokenizing train dataset:   1%|          | 212/30000 [00:03<08:05, 61.37 examples/s]
[1ATokenizing train dataset:   1%|          | 221/30000 [00:03<07:37, 65.06 examples/s]
[1ATokenizing train dataset:   1%|          | 228/30000 [00:03<07:55, 62.63 examples/s]
[1ATokenizing train dataset:   1%|          | 239/30000 [00:03<07:06, 69.85 examples/s]
[1ATokenizing train dataset:   1%|          | 248/30000 [00:03<08:04, 61.38 examples/s]
[1ATokenizing train dataset:   1%|          | 256/30000 [00:04<08:46, 56.53 examples/s]
[1ATokenizing train dataset:   1%|          | 263/30000 [00:04<08:35, 57.67 examples/s]
[1ATokenizing train dataset:   1%|          | 271/30000 [00:04<09:30, 52.13 examples/s]
[1ATokenizing train dataset:   1%|          | 282/30000 [00:04<07:45, 63.84 examples/s]
[1ATokenizing train dataset:   1%|          | 290/30000 [00:04<07:40, 64.57 examples/s]
[1ATokenizing train dataset:   1%|          | 298/30000 [00:04<07:23, 66.95 examples/s]
[1ATokenizing train dataset:   1%|          | 308/30000 [00:04<07:56, 62.31 examples/s]
[1ATokenizing train dataset:   1%|          | 317/30000 [00:05<08:32, 57.92 examples/s]
[1ATokenizing train dataset:   1%|          | 326/30000 [00:05<09:12, 53.73 examples/s]
[1ATokenizing train dataset:   1%|          | 337/30000 [00:05<08:45, 56.45 examples/s]
[1ATokenizing train dataset:   1%|          | 347/30000 [00:05<07:52, 62.70 examples/s]
[1ATokenizing train dataset:   1%|          | 354/30000 [00:05<08:03, 61.30 examples/s]
[1ATokenizing train dataset:   1%|          | 362/30000 [00:05<07:57, 62.11 examples/s]
[1ATokenizing train dataset:   1%|          | 374/30000 [00:05<06:56, 71.19 examples/s]
[1ATokenizing train dataset:   1%|▏         | 382/30000 [00:06<07:57, 61.97 examples/s]
[1ATokenizing train dataset:   1%|▏         | 393/30000 [00:06<07:04, 69.75 examples/s]
[1ATokenizing train dataset:   1%|▏         | 402/30000 [00:06<07:41, 64.13 examples/s]
[1ATokenizing train dataset:   1%|▏         | 410/30000 [00:06<07:26, 66.25 examples/s]
[1ATokenizing train dataset:   1%|▏         | 419/30000 [00:06<08:00, 61.59 examples/s]
[1ATokenizing train dataset:   1%|▏         | 427/30000 [00:06<08:09, 60.37 examples/s]
[1ATokenizing train dataset:   1%|▏         | 437/30000 [00:06<07:14, 68.05 examples/s]
[1ATokenizing train dataset:   1%|▏         | 446/30000 [00:06<06:52, 71.72 examples/s]
[1ATokenizing train dataset:   2%|▏         | 459/30000 [00:07<07:17, 67.45 examples/s]
[1ATokenizing train dataset:   2%|▏         | 468/30000 [00:07<07:45, 63.47 examples/s]
[1ATokenizing train dataset:   2%|▏         | 475/30000 [00:07<07:58, 61.68 examples/s]
[1ATokenizing train dataset:   2%|▏         | 485/30000 [00:07<08:22, 58.72 examples/s]
[1ATokenizing train dataset:   2%|▏         | 493/30000 [00:07<07:58, 61.72 examples/s]
[1ATokenizing train dataset:   2%|▏         | 500/30000 [00:07<08:13, 59.78 examples/s]
[1ATokenizing train dataset:   2%|▏         | 507/30000 [00:08<08:18, 59.16 examples/s]
[1ATokenizing train dataset:   2%|▏         | 518/30000 [00:08<06:52, 71.40 examples/s]
[1ATokenizing train dataset:   2%|▏         | 529/30000 [00:08<06:16, 78.28 examples/s]
[1ATokenizing train dataset:   2%|▏         | 542/30000 [00:08<07:15, 67.61 examples/s]
[1ATokenizing train dataset:   2%|▏         | 550/30000 [00:08<07:23, 66.35 examples/s]
[1ATokenizing train dataset:   2%|▏         | 560/30000 [00:08<07:52, 62.33 examples/s]
[1ATokenizing train dataset:   2%|▏         | 569/30000 [00:08<08:37, 56.84 examples/s]
[1ATokenizing train dataset:   2%|▏         | 578/30000 [00:09<08:13, 59.58 examples/s]
[1ATokenizing train dataset:   2%|▏         | 585/30000 [00:09<08:06, 60.46 examples/s]
[1ATokenizing train dataset:   2%|▏         | 592/30000 [00:09<08:14, 59.50 examples/s]
[1ATokenizing train dataset:   2%|▏         | 603/30000 [00:09<07:00, 69.83 examples/s]
[1ATokenizing train dataset:   2%|▏         | 613/30000 [00:09<07:47, 62.86 examples/s]
[1ATokenizing train dataset:   2%|▏         | 624/30000 [00:09<07:48, 62.77 examples/s]
[1ATokenizing train dataset:   2%|▏         | 631/30000 [00:09<08:11, 59.71 examples/s]
[1ATokenizing train dataset:   2%|▏         | 639/30000 [00:10<08:54, 54.97 examples/s]
[1ATokenizing train dataset:   2%|▏         | 647/30000 [00:10<08:35, 56.96 examples/s]
[1ATokenizing train dataset:   2%|▏         | 657/30000 [00:10<07:54, 61.85 examples/s]
[1ATokenizing train dataset:   2%|▏         | 665/30000 [00:10<07:44, 63.18 examples/s]
[1ATokenizing train dataset:   2%|▏         | 678/30000 [00:10<06:41, 73.03 examples/s]
[1ATokenizing train dataset:   2%|▏         | 689/30000 [00:10<06:23, 76.46 examples/s]
[1ATokenizing train dataset:   2%|▏         | 699/30000 [00:10<07:28, 65.33 examples/s]
[1ATokenizing train dataset:   2%|▏         | 708/30000 [00:11<07:55, 61.67 examples/s]
[1ATokenizing train dataset:   2%|▏         | 717/30000 [00:11<07:15, 67.31 examples/s]
[1ATokenizing train dataset:   2%|▏         | 726/30000 [00:11<07:01, 69.49 examples/s]
[1ATokenizing train dataset:   2%|▏         | 737/30000 [00:11<07:17, 66.85 examples/s]
[1ATokenizing train dataset:   2%|▏         | 746/30000 [00:11<06:48, 71.60 examples/s]
[1ATokenizing train dataset:   3%|▎         | 754/30000 [00:11<07:03, 69.06 examples/s]
[1ATokenizing train dataset:   3%|▎         | 763/30000 [00:11<06:50, 71.29 examples/s]
[1ATokenizing train dataset:   3%|▎         | 773/30000 [00:12<06:55, 70.26 examples/s]
[1ATokenizing train dataset:   3%|▎         | 782/30000 [00:12<06:45, 72.06 examples/s]
[1ATokenizing train dataset:   3%|▎         | 791/30000 [00:12<06:57, 69.88 examples/s]
[1ATokenizing train dataset:   3%|▎         | 800/30000 [00:12<07:48, 62.34 examples/s]
[1ATokenizing train dataset:   3%|▎         | 808/30000 [00:12<07:40, 63.33 examples/s]
[1ATokenizing train dataset:   3%|▎         | 821/30000 [00:12<07:27, 65.15 examples/s]
[1ATokenizing train dataset:   3%|▎         | 829/30000 [00:12<08:01, 60.56 examples/s]
[1ATokenizing train dataset:   3%|▎         | 836/30000 [00:13<08:57, 54.21 examples/s]
[1ATokenizing train dataset:   3%|▎         | 848/30000 [00:13<07:22, 65.88 examples/s]
[1ATokenizing train dataset:   3%|▎         | 856/30000 [00:13<07:10, 67.71 examples/s]
[1ATokenizing train dataset:   3%|▎         | 864/30000 [00:13<07:52, 61.72 examples/s]
[1ATokenizing train dataset:   3%|▎         | 873/30000 [00:13<08:54, 54.47 examples/s]
[1ATokenizing train dataset:   3%|▎         | 879/30000 [00:13<09:18, 52.11 examples/s]
[1ATokenizing train dataset:   3%|▎         | 886/30000 [00:13<09:09, 52.95 examples/s]
[1ATokenizing train dataset:   3%|▎         | 894/30000 [00:14<08:19, 58.24 examples/s]
[1ATokenizing train dataset:   3%|▎         | 902/30000 [00:14<08:45, 55.35 examples/s]
[1ATokenizing train dataset:   3%|▎         | 912/30000 [00:14<07:42, 62.95 examples/s]
[1ATokenizing train dataset:   3%|▎         | 922/30000 [00:14<06:58, 69.52 examples/s]
[1ATokenizing train dataset:   3%|▎         | 931/30000 [00:14<06:51, 70.56 examples/s]
[1ATokenizing train dataset:   3%|▎         | 940/30000 [00:14<07:48, 61.98 examples/s]
[1ATokenizing train dataset:   3%|▎         | 947/30000 [00:14<08:10, 59.17 examples/s]
[1ATokenizing train dataset:   3%|▎         | 954/30000 [00:15<08:23, 57.69 examples/s]
[1ATokenizing train dataset:   3%|▎         | 962/30000 [00:15<09:09, 52.88 examples/s]
[1ATokenizing train dataset:   3%|▎         | 974/30000 [00:15<07:16, 66.42 examples/s]
[1ATokenizing train dataset:   3%|▎         | 985/30000 [00:15<07:18, 66.15 examples/s]
[1ATokenizing train dataset:   3%|▎         | 998/30000 [00:15<06:52, 70.30 examples/s]
[1ATokenizing train dataset:   3%|▎         | 1009/30000 [00:17<26:19, 18.35 examples/s]
[1ATokenizing train dataset:   3%|▎         | 1016/30000 [00:17<22:19, 21.64 examples/s]
[1ATokenizing train dataset:   3%|▎         | 1025/30000 [00:17<17:37, 27.40 examples/s]
[1ATokenizing train dataset:   3%|▎         | 1032/30000 [00:17<16:12, 29.77 examples/s]
[1ATokenizing train dataset:   3%|▎         | 1039/30000 [00:17<14:06, 34.23 examples/s]
[1ATokenizing train dataset:   4%|▎         | 1050/30000 [00:17<10:47, 44.68 examples/s]
[1ATokenizing train dataset:   4%|▎         | 1060/30000 [00:18<09:02, 53.36 examples/s]
[1ATokenizing train dataset:   4%|▎         | 1069/30000 [00:18<09:09, 52.70 examples/s]
[1ATokenizing train dataset:   4%|▎         | 1081/30000 [00:18<07:29, 64.38 examples/s]
[1ATokenizing train dataset:   4%|▎         | 1090/30000 [00:18<08:50, 54.52 examples/s]
[1ATokenizing train dataset:   4%|▎         | 1100/30000 [00:18<08:40, 55.49 examples/s]
[1ATokenizing train dataset:   4%|▎         | 1110/30000 [00:18<08:49, 54.52 examples/s]
[1ATokenizing train dataset:   4%|▎         | 1118/30000 [00:19<08:13, 58.58 examples/s]
[1ATokenizing train dataset:   4%|▍         | 1129/30000 [00:19<07:01, 68.54 examples/s]
[1ATokenizing train dataset:   4%|▍         | 1137/30000 [00:19<07:57, 60.40 examples/s]
[1ATokenizing train dataset:   4%|▍         | 1145/30000 [00:19<08:41, 55.38 examples/s]
[1ATokenizing train dataset:   4%|▍         | 1156/30000 [00:19<07:37, 63.03 examples/s]
[1ATokenizing train dataset:   4%|▍         | 1166/30000 [00:19<08:02, 59.75 examples/s]
[1ATokenizing train dataset:   4%|▍         | 1175/30000 [00:19<08:33, 56.16 examples/s]
[1ATokenizing train dataset:   4%|▍         | 1182/30000 [00:20<08:30, 56.49 examples/s]
[1ATokenizing train dataset:   4%|▍         | 1189/30000 [00:20<08:07, 59.11 examples/s]
[1ATokenizing train dataset:   4%|▍         | 1200/30000 [00:20<06:58, 68.79 examples/s]
[1ATokenizing train dataset:   4%|▍         | 1212/30000 [00:20<06:20, 75.73 examples/s]
[1ATokenizing train dataset:   4%|▍         | 1227/30000 [00:20<06:13, 77.08 examples/s]
[1ATokenizing train dataset:   4%|▍         | 1237/30000 [00:20<06:50, 70.07 examples/s]
[1ATokenizing train dataset:   4%|▍         | 1246/30000 [00:20<07:06, 67.47 examples/s]
[1ATokenizing train dataset:   4%|▍         | 1253/30000 [00:21<07:19, 65.38 examples/s]
[1ATokenizing train dataset:   4%|▍         | 1261/30000 [00:21<07:30, 63.75 examples/s]
[1ATokenizing train dataset:   4%|▍         | 1269/30000 [00:21<07:41, 62.19 examples/s]
[1ATokenizing train dataset:   4%|▍         | 1278/30000 [00:21<07:24, 64.58 examples/s]
[1ATokenizing train dataset:   4%|▍         | 1286/30000 [00:21<07:07, 67.24 examples/s]
[1ATokenizing train dataset:   4%|▍         | 1293/30000 [00:21<07:22, 64.89 examples/s]
[1ATokenizing train dataset:   4%|▍         | 1301/30000 [00:21<07:39, 62.46 examples/s]
[1ATokenizing train dataset:   4%|▍         | 1309/30000 [00:21<07:33, 63.23 examples/s]
[1ATokenizing train dataset:   4%|▍         | 1319/30000 [00:22<07:56, 60.25 examples/s]
[1ATokenizing train dataset:   4%|▍         | 1328/30000 [00:22<09:00, 53.03 examples/s]
[1ATokenizing train dataset:   4%|▍         | 1338/30000 [00:22<07:58, 59.92 examples/s]
[1ATokenizing train dataset:   4%|▍         | 1350/30000 [00:22<07:38, 62.49 examples/s]
[1ATokenizing train dataset:   5%|▍         | 1360/30000 [00:22<07:32, 63.28 examples/s]
[1ATokenizing train dataset:   5%|▍         | 1370/30000 [00:22<07:55, 60.26 examples/s]
[1ATokenizing train dataset:   5%|▍         | 1378/30000 [00:23<08:00, 59.57 examples/s]
[1ATokenizing train dataset:   5%|▍         | 1385/30000 [00:23<08:23, 56.83 examples/s]
[1ATokenizing train dataset:   5%|▍         | 1392/30000 [00:23<08:13, 57.92 examples/s]
[1ATokenizing train dataset:   5%|▍         | 1399/30000 [00:23<08:12, 58.04 examples/s]
[1ATokenizing train dataset:   5%|▍         | 1406/30000 [00:23<08:33, 55.71 examples/s]
[1ATokenizing train dataset:   5%|▍         | 1414/30000 [00:23<08:08, 58.47 examples/s]
[1ATokenizing train dataset:   5%|▍         | 1424/30000 [00:23<07:00, 67.90 examples/s]
[1ATokenizing train dataset:   5%|▍         | 1436/30000 [00:23<06:20, 75.10 examples/s]
[1ATokenizing train dataset:   5%|▍         | 1447/30000 [00:24<06:33, 72.56 examples/s]
[1ATokenizing train dataset:   5%|▍         | 1455/30000 [00:24<06:52, 69.13 examples/s]
[1ATokenizing train dataset:   5%|▍         | 1463/30000 [00:24<07:50, 60.59 examples/s]
[1ATokenizing train dataset:   5%|▍         | 1470/30000 [00:24<08:12, 57.93 examples/s]
[1ATokenizing train dataset:   5%|▍         | 1478/30000 [00:24<07:51, 60.43 examples/s]
[1ATokenizing train dataset:   5%|▍         | 1488/30000 [00:24<07:17, 65.10 examples/s]
[1ATokenizing train dataset:   5%|▍         | 1498/30000 [00:24<06:40, 71.21 examples/s]
[1ATokenizing train dataset:   5%|▌         | 1506/30000 [00:25<06:44, 70.51 examples/s]
[1ATokenizing train dataset:   5%|▌         | 1516/30000 [00:25<06:30, 72.91 examples/s]
[1ATokenizing train dataset:   5%|▌         | 1527/30000 [00:25<07:19, 64.75 examples/s]
[1ATokenizing train dataset:   5%|▌         | 1535/30000 [00:25<08:11, 57.93 examples/s]
[1ATokenizing train dataset:   5%|▌         | 1543/30000 [00:25<09:01, 52.57 examples/s]
[1ATokenizing train dataset:   5%|▌         | 1549/30000 [00:25<09:16, 51.11 examples/s]
[1ATokenizing train dataset:   5%|▌         | 1555/30000 [00:26<09:19, 50.84 examples/s]
[1ATokenizing train dataset:   5%|▌         | 1564/30000 [00:26<08:22, 56.63 examples/s]
[1ATokenizing train dataset:   5%|▌         | 1578/30000 [00:26<06:40, 71.04 examples/s]
[1ATokenizing train dataset:   5%|▌         | 1586/30000 [00:26<06:41, 70.80 examples/s]
[1ATokenizing train dataset:   5%|▌         | 1595/30000 [00:26<06:30, 72.71 examples/s]
[1ATokenizing train dataset:   5%|▌         | 1603/30000 [00:26<06:42, 70.60 examples/s]
[1ATokenizing train dataset:   5%|▌         | 1611/30000 [00:26<06:34, 72.02 examples/s]
[1ATokenizing train dataset:   5%|▌         | 1621/30000 [00:26<08:06, 58.38 examples/s]
[1ATokenizing train dataset:   5%|▌         | 1629/30000 [00:27<07:52, 60.05 examples/s]
[1ATokenizing train dataset:   5%|▌         | 1636/30000 [00:27<07:58, 59.31 examples/s]
[1ATokenizing train dataset:   5%|▌         | 1643/30000 [00:27<08:04, 58.57 examples/s]
[1ATokenizing train dataset:   6%|▌         | 1654/30000 [00:27<07:06, 66.38 examples/s]
[1ATokenizing train dataset:   6%|▌         | 1666/30000 [00:27<05:59, 78.71 examples/s]
[1ATokenizing train dataset:   6%|▌         | 1678/30000 [00:27<06:23, 73.92 examples/s]
[1ATokenizing train dataset:   6%|▌         | 1686/30000 [00:27<06:37, 71.23 examples/s]
[1ATokenizing train dataset:   6%|▌         | 1698/30000 [00:28<06:39, 70.79 examples/s]
[1ATokenizing train dataset:   6%|▌         | 1709/30000 [00:28<06:59, 67.38 examples/s]
[1ATokenizing train dataset:   6%|▌         | 1716/30000 [00:28<07:07, 66.19 examples/s]
[1ATokenizing train dataset:   6%|▌         | 1724/30000 [00:28<06:52, 68.58 examples/s]
[1ATokenizing train dataset:   6%|▌         | 1733/30000 [00:28<06:26, 73.16 examples/s]
[1ATokenizing train dataset:   6%|▌         | 1741/30000 [00:28<07:35, 62.09 examples/s]
[1ATokenizing train dataset:   6%|▌         | 1750/30000 [00:28<09:11, 51.22 examples/s]
[1ATokenizing train dataset:   6%|▌         | 1759/30000 [00:29<08:06, 58.02 examples/s]
[1ATokenizing train dataset:   6%|▌         | 1766/30000 [00:29<07:57, 59.18 examples/s]
[1ATokenizing train dataset:   6%|▌         | 1773/30000 [00:29<07:44, 60.72 examples/s]
[1ATokenizing train dataset:   6%|▌         | 1781/30000 [00:29<07:32, 62.42 examples/s]
[1ATokenizing train dataset:   6%|▌         | 1789/30000 [00:29<07:23, 63.58 examples/s]
[1ATokenizing train dataset:   6%|▌         | 1797/30000 [00:29<07:05, 66.32 examples/s]
[1ATokenizing train dataset:   6%|▌         | 1804/30000 [00:29<07:23, 63.60 examples/s]
[1ATokenizing train dataset:   6%|▌         | 1819/30000 [00:29<05:31, 84.96 examples/s]
[1ATokenizing train dataset:   6%|▌         | 1828/30000 [00:30<06:38, 70.65 examples/s]
[1ATokenizing train dataset:   6%|▌         | 1837/30000 [00:30<06:30, 72.07 examples/s]
[1ATokenizing train dataset:   6%|▌         | 1850/30000 [00:30<06:29, 72.35 examples/s]
[1ATokenizing train dataset:   6%|▌         | 1859/30000 [00:30<07:27, 62.95 examples/s]
[1ATokenizing train dataset:   6%|▌         | 1868/30000 [00:30<07:11, 65.25 examples/s]
[1ATokenizing train dataset:   6%|▋         | 1877/30000 [00:30<07:42, 60.77 examples/s]
[1ATokenizing train dataset:   6%|▋         | 1890/30000 [00:30<06:31, 71.79 examples/s]
[1ATokenizing train dataset:   6%|▋         | 1902/30000 [00:31<06:51, 68.33 examples/s]
[1ATokenizing train dataset:   6%|▋         | 1913/30000 [00:31<06:18, 74.14 examples/s]
[1ATokenizing train dataset:   6%|▋         | 1924/30000 [00:31<06:39, 70.23 examples/s]
[1ATokenizing train dataset:   6%|▋         | 1932/30000 [00:31<06:39, 70.34 examples/s]
[1ATokenizing train dataset:   6%|▋         | 1944/30000 [00:31<05:48, 80.56 examples/s]
[1ATokenizing train dataset:   7%|▋         | 1957/30000 [00:31<05:14, 89.11 examples/s]
[1ATokenizing train dataset:   7%|▋         | 1969/30000 [00:31<05:45, 81.20 examples/s]
[1ATokenizing train dataset:   7%|▋         | 1979/30000 [00:32<05:45, 81.15 examples/s]
[1ATokenizing train dataset:   7%|▋         | 1990/30000 [00:32<06:12, 75.28 examples/s]
[1ATokenizing train dataset:   7%|▋         | 1999/30000 [00:32<06:52, 67.90 examples/s]
[1ATokenizing train dataset:   7%|▋         | 2007/30000 [00:33<13:38, 34.22 examples/s]
[1ATokenizing train dataset:   7%|▋         | 2014/30000 [00:33<12:31, 37.22 examples/s]
[1ATokenizing train dataset:   7%|▋         | 2022/30000 [00:33<10:44, 43.41 examples/s]
[1ATokenizing train dataset:   7%|▋         | 2034/30000 [00:33<08:33, 54.46 examples/s]
[1ATokenizing train dataset:   7%|▋         | 2044/30000 [00:33<08:00, 58.20 examples/s]
[1ATokenizing train dataset:   7%|▋         | 2052/30000 [00:33<07:38, 61.00 examples/s]
[1ATokenizing train dataset:   7%|▋         | 2063/30000 [00:33<06:46, 68.77 examples/s]
[1ATokenizing train dataset:   7%|▋         | 2071/30000 [00:33<07:51, 59.26 examples/s]
[1ATokenizing train dataset:   7%|▋         | 2081/30000 [00:34<07:38, 60.93 examples/s]
[1ATokenizing train dataset:   7%|▋         | 2089/30000 [00:34<07:53, 58.94 examples/s]
[1ATokenizing train dataset:   7%|▋         | 2102/30000 [00:34<07:17, 63.82 examples/s]
[1ATokenizing train dataset:   7%|▋         | 2112/30000 [00:34<07:12, 64.46 examples/s]
[1ATokenizing train dataset:   7%|▋         | 2123/30000 [00:34<07:13, 64.37 examples/s]
[1ATokenizing train dataset:   7%|▋         | 2131/30000 [00:34<07:02, 65.93 examples/s]
[1ATokenizing train dataset:   7%|▋         | 2139/30000 [00:35<07:16, 63.82 examples/s]
[1ATokenizing train dataset:   7%|▋         | 2146/30000 [00:35<07:54, 58.70 examples/s]
[1ATokenizing train dataset:   7%|▋         | 2155/30000 [00:35<08:07, 57.12 examples/s]
[1ATokenizing train dataset:   7%|▋         | 2162/30000 [00:35<08:01, 57.85 examples/s]
[1ATokenizing train dataset:   7%|▋         | 2171/30000 [00:35<07:19, 63.37 examples/s]
[1ATokenizing train dataset:   7%|▋         | 2182/30000 [00:35<06:38, 69.87 examples/s]
[1ATokenizing train dataset:   7%|▋         | 2194/30000 [00:35<06:33, 70.66 examples/s]
[1ATokenizing train dataset:   7%|▋         | 2203/30000 [00:36<07:42, 60.06 examples/s]
[1ATokenizing train dataset:   7%|▋         | 2212/30000 [00:36<07:31, 61.60 examples/s]
[1ATokenizing train dataset:   7%|▋         | 2222/30000 [00:36<07:32, 61.34 examples/s]
[1ATokenizing train dataset:   7%|▋         | 2229/30000 [00:36<07:53, 58.64 examples/s]
[1ATokenizing train dataset:   7%|▋         | 2236/30000 [00:36<07:45, 59.59 examples/s]
[1ATokenizing train dataset:   7%|▋         | 2247/30000 [00:36<06:43, 68.71 examples/s]
[1ATokenizing train dataset:   8%|▊         | 2256/30000 [00:36<07:57, 58.05 examples/s]
[1ATokenizing train dataset:   8%|▊         | 2267/30000 [00:37<06:53, 67.02 examples/s]
[1ATokenizing train dataset:   8%|▊         | 2275/30000 [00:37<07:39, 60.34 examples/s]
[1ATokenizing train dataset:   8%|▊         | 2283/30000 [00:37<07:49, 59.00 examples/s]
[1ATokenizing train dataset:   8%|▊         | 2293/30000 [00:37<08:10, 56.45 examples/s]
[1ATokenizing train dataset:   8%|▊         | 2300/30000 [00:37<08:14, 55.98 examples/s]
[1ATokenizing train dataset:   8%|▊         | 2309/30000 [00:37<07:27, 61.90 examples/s]
[1ATokenizing train dataset:   8%|▊         | 2321/30000 [00:37<06:16, 73.60 examples/s]
[1ATokenizing train dataset:   8%|▊         | 2331/30000 [00:38<06:05, 75.71 examples/s]
[1ATokenizing train dataset:   8%|▊         | 2339/30000 [00:38<06:25, 71.76 examples/s]
[1ATokenizing train dataset:   8%|▊         | 2347/30000 [00:38<06:28, 71.17 examples/s]
[1ATokenizing train dataset:   8%|▊         | 2355/30000 [00:38<06:38, 69.35 examples/s]
[1ATokenizing train dataset:   8%|▊         | 2365/30000 [00:38<07:02, 65.47 examples/s]
[1ATokenizing train dataset:   8%|▊         | 2373/30000 [00:38<06:57, 66.10 examples/s]
[1ATokenizing train dataset:   8%|▊         | 2382/30000 [00:38<06:55, 66.52 examples/s]
[1ATokenizing train dataset:   8%|▊         | 2393/30000 [00:39<07:12, 63.87 examples/s]
[1ATokenizing train dataset:   8%|▊         | 2402/30000 [00:39<06:37, 69.42 examples/s]
[1ATokenizing train dataset:   8%|▊         | 2410/30000 [00:39<07:42, 59.61 examples/s]
[1ATokenizing train dataset:   8%|▊         | 2420/30000 [00:39<07:41, 59.75 examples/s]
[1ATokenizing train dataset:   8%|▊         | 2429/30000 [00:39<08:21, 55.02 examples/s]
[1ATokenizing train dataset:   8%|▊         | 2436/30000 [00:39<08:12, 55.95 examples/s]
[1ATokenizing train dataset:   8%|▊         | 2444/30000 [00:39<08:19, 55.16 examples/s]
[1ATokenizing train dataset:   8%|▊         | 2451/30000 [00:40<08:11, 56.04 examples/s]
[1ATokenizing train dataset:   8%|▊         | 2458/30000 [00:40<08:03, 56.92 examples/s]
[1ATokenizing train dataset:   8%|▊         | 2469/30000 [00:40<06:47, 67.63 examples/s]
[1ATokenizing train dataset:   8%|▊         | 2480/30000 [00:40<06:10, 74.38 examples/s]
[1ATokenizing train dataset:   8%|▊         | 2491/30000 [00:40<05:55, 77.30 examples/s]
[1ATokenizing train dataset:   8%|▊         | 2499/30000 [00:40<06:07, 74.83 examples/s]
[1ATokenizing train dataset:   8%|▊         | 2510/30000 [00:40<06:29, 70.65 examples/s]
[1ATokenizing train dataset:   8%|▊         | 2521/30000 [00:41<06:50, 66.87 examples/s]
[1ATokenizing train dataset:   8%|▊         | 2530/30000 [00:41<06:34, 69.55 examples/s]
[1ATokenizing train dataset:   8%|▊         | 2540/30000 [00:41<06:03, 75.57 examples/s]
[1ATokenizing train dataset:   9%|▊         | 2551/30000 [00:41<05:47, 78.89 examples/s]
[1ATokenizing train dataset:   9%|▊         | 2562/30000 [00:41<06:30, 70.24 examples/s]
[1ATokenizing train dataset:   9%|▊         | 2570/30000 [00:41<06:32, 69.94 examples/s]
[1ATokenizing train dataset:   9%|▊         | 2578/30000 [00:41<06:45, 67.66 examples/s]
[1ATokenizing train dataset:   9%|▊         | 2585/30000 [00:41<07:19, 62.41 examples/s]
[1ATokenizing train dataset:   9%|▊         | 2595/30000 [00:42<07:23, 61.84 examples/s]
[1ATokenizing train dataset:   9%|▊         | 2605/30000 [00:42<06:47, 67.30 examples/s]
[1ATokenizing train dataset:   9%|▊         | 2615/30000 [00:42<06:17, 72.57 examples/s]
[1ATokenizing train dataset:   9%|▉         | 2625/30000 [00:42<06:01, 75.74 examples/s]
[1ATokenizing train dataset:   9%|▉         | 2635/30000 [00:42<05:52, 77.58 examples/s]
[1ATokenizing train dataset:   9%|▉         | 2643/30000 [00:42<05:56, 76.76 examples/s]
[1ATokenizing train dataset:   9%|▉         | 2653/30000 [00:42<06:46, 67.20 examples/s]
[1ATokenizing train dataset:   9%|▉         | 2662/30000 [00:43<06:39, 68.35 examples/s]
[1ATokenizing train dataset:   9%|▉         | 2671/30000 [00:43<06:48, 66.95 examples/s]
[1ATokenizing train dataset:   9%|▉         | 2680/30000 [00:43<07:20, 62.01 examples/s]
[1ATokenizing train dataset:   9%|▉         | 2693/30000 [00:43<06:07, 74.24 examples/s]
[1ATokenizing train dataset:   9%|▉         | 2703/30000 [00:43<06:10, 73.69 examples/s]
[1ATokenizing train dataset:   9%|▉         | 2712/30000 [00:43<06:02, 75.30 examples/s]
[1ATokenizing train dataset:   9%|▉         | 2723/30000 [00:43<06:41, 67.92 examples/s]
[1ATokenizing train dataset:   9%|▉         | 2731/30000 [00:43<06:41, 67.90 examples/s]
[1ATokenizing train dataset:   9%|▉         | 2740/30000 [00:44<06:39, 68.16 examples/s]
[1ATokenizing train dataset:   9%|▉         | 2749/30000 [00:44<07:02, 64.57 examples/s]
[1ATokenizing train dataset:   9%|▉         | 2758/30000 [00:44<07:43, 58.76 examples/s]
[1ATokenizing train dataset:   9%|▉         | 2768/30000 [00:44<06:45, 67.12 examples/s]
[1ATokenizing train dataset:   9%|▉         | 2776/30000 [00:44<06:41, 67.84 examples/s]
[1ATokenizing train dataset:   9%|▉         | 2787/30000 [00:44<07:15, 62.53 examples/s]
[1ATokenizing train dataset:   9%|▉         | 2795/30000 [00:45<07:55, 57.24 examples/s]
[1ATokenizing train dataset:   9%|▉         | 2802/30000 [00:45<08:04, 56.11 examples/s]
[1ATokenizing train dataset:   9%|▉         | 2810/30000 [00:45<07:52, 57.58 examples/s]
[1ATokenizing train dataset:   9%|▉         | 2819/30000 [00:45<07:16, 62.34 examples/s]
[1ATokenizing train dataset:   9%|▉         | 2829/30000 [00:45<07:21, 61.54 examples/s]
[1ATokenizing train dataset:   9%|▉         | 2841/30000 [00:45<06:53, 65.66 examples/s]
[1ATokenizing train dataset:  10%|▉         | 2851/30000 [00:45<06:50, 66.15 examples/s]
[1ATokenizing train dataset:  10%|▉         | 2858/30000 [00:46<07:07, 63.55 examples/s]
[1ATokenizing train dataset:  10%|▉         | 2865/30000 [00:46<07:14, 62.42 examples/s]
[1ATokenizing train dataset:  10%|▉         | 2874/30000 [00:46<06:59, 64.72 examples/s]
[1ATokenizing train dataset:  10%|▉         | 2883/30000 [00:46<07:23, 61.14 examples/s]
[1ATokenizing train dataset:  10%|▉         | 2892/30000 [00:46<07:04, 63.90 examples/s]
[1ATokenizing train dataset:  10%|▉         | 2902/30000 [00:46<06:22, 70.90 examples/s]
[1ATokenizing train dataset:  10%|▉         | 2910/30000 [00:46<06:37, 68.19 examples/s]
[1ATokenizing train dataset:  10%|▉         | 2924/30000 [00:46<05:24, 83.35 examples/s]
[1ATokenizing train dataset:  10%|▉         | 2934/30000 [00:47<05:17, 85.21 examples/s]
[1ATokenizing train dataset:  10%|▉         | 2948/30000 [00:47<06:16, 71.89 examples/s]
[1ATokenizing train dataset:  10%|▉         | 2956/30000 [00:47<06:13, 72.39 examples/s]
[1ATokenizing train dataset:  10%|▉         | 2966/30000 [00:47<07:16, 61.97 examples/s]
[1ATokenizing train dataset:  10%|▉         | 2977/30000 [00:47<07:28, 60.26 examples/s]
[1ATokenizing train dataset:  10%|▉         | 2990/30000 [00:47<06:27, 69.68 examples/s]
[1ATokenizing train dataset:  10%|█         | 3000/30000 [00:48<12:20, 36.47 examples/s]
[1ATokenizing train dataset:  10%|█         | 3011/30000 [00:48<10:17, 43.74 examples/s]
[1ATokenizing train dataset:  10%|█         | 3018/30000 [00:48<09:38, 46.67 examples/s]
[1ATokenizing train dataset:  10%|█         | 3031/30000 [00:48<07:29, 59.99 examples/s]
[1ATokenizing train dataset:  10%|█         | 3041/30000 [00:49<07:44, 58.07 examples/s]
[1ATokenizing train dataset:  10%|█         | 3052/30000 [00:49<07:26, 60.29 examples/s]
[1ATokenizing train dataset:  10%|█         | 3060/30000 [00:49<07:21, 60.96 examples/s]
[1ATokenizing train dataset:  10%|█         | 3068/30000 [00:49<07:10, 62.62 examples/s]
[1ATokenizing train dataset:  10%|█         | 3075/30000 [00:49<07:26, 60.36 examples/s]
[1ATokenizing train dataset:  10%|█         | 3089/30000 [00:49<05:46, 77.60 examples/s]
[1ATokenizing train dataset:  10%|█         | 3101/30000 [00:49<05:56, 75.46 examples/s]
[1ATokenizing train dataset:  10%|█         | 3112/30000 [00:50<05:26, 82.46 examples/s]
[1ATokenizing train dataset:  10%|█         | 3123/30000 [00:50<05:52, 76.24 examples/s]
[1ATokenizing train dataset:  10%|█         | 3134/30000 [00:50<06:39, 67.18 examples/s]
[1ATokenizing train dataset:  10%|█         | 3144/30000 [00:50<06:40, 67.03 examples/s]
[1ATokenizing train dataset:  11%|█         | 3155/30000 [00:50<06:54, 64.76 examples/s]
[1ATokenizing train dataset:  11%|█         | 3165/30000 [00:50<06:20, 70.50 examples/s]
[1ATokenizing train dataset:  11%|█         | 3174/30000 [00:50<06:04, 73.55 examples/s]
[1ATokenizing train dataset:  11%|█         | 3184/30000 [00:51<06:39, 67.12 examples/s]
[1ATokenizing train dataset:  11%|█         | 3195/30000 [00:51<06:07, 72.88 examples/s]
[1ATokenizing train dataset:  11%|█         | 3204/30000 [00:51<06:08, 72.78 examples/s]
[1ATokenizing train dataset:  11%|█         | 3212/30000 [00:51<06:16, 71.07 examples/s]
[1ATokenizing train dataset:  11%|█         | 3223/30000 [00:51<06:06, 73.10 examples/s]
[1ATokenizing train dataset:  11%|█         | 3234/30000 [00:51<05:40, 78.51 examples/s]
[1ATokenizing train dataset:  11%|█         | 3247/30000 [00:51<05:13, 85.28 examples/s]
[1ATokenizing train dataset:  11%|█         | 3257/30000 [00:52<05:56, 75.01 examples/s]
[1ATokenizing train dataset:  11%|█         | 3268/30000 [00:52<05:27, 81.65 examples/s]
[1ATokenizing train dataset:  11%|█         | 3281/30000 [00:52<05:47, 76.78 examples/s]
[1ATokenizing train dataset:  11%|█         | 3290/30000 [00:52<06:51, 64.90 examples/s]
[1ATokenizing train dataset:  11%|█         | 3299/30000 [00:52<07:30, 59.32 examples/s]
[1ATokenizing train dataset:  11%|█         | 3309/30000 [00:52<06:56, 64.02 examples/s]
[1ATokenizing train dataset:  11%|█         | 3318/30000 [00:52<06:39, 66.82 examples/s]
[1ATokenizing train dataset:  11%|█         | 3329/30000 [00:53<06:45, 65.74 examples/s]
[1ATokenizing train dataset:  11%|█         | 3338/30000 [00:53<06:21, 69.91 examples/s]
[1ATokenizing train dataset:  11%|█         | 3346/30000 [00:53<06:29, 68.46 examples/s]
[1ATokenizing train dataset:  11%|█         | 3354/30000 [00:53<06:44, 65.82 examples/s]
[1ATokenizing train dataset:  11%|█         | 3364/30000 [00:53<06:15, 70.92 examples/s]
[1ATokenizing train dataset:  11%|█         | 3373/30000 [00:53<06:05, 72.87 examples/s]
[1ATokenizing train dataset:  11%|█▏        | 3384/30000 [00:53<05:43, 77.55 examples/s]
[1ATokenizing train dataset:  11%|█▏        | 3394/30000 [00:54<06:24, 69.13 examples/s]
[1ATokenizing train dataset:  11%|█▏        | 3405/30000 [00:54<05:52, 75.51 examples/s]
[1ATokenizing train dataset:  11%|█▏        | 3416/30000 [00:54<05:40, 78.09 examples/s]
[1ATokenizing train dataset:  11%|█▏        | 3424/30000 [00:54<06:11, 71.50 examples/s]
[1ATokenizing train dataset:  11%|█▏        | 3436/30000 [00:54<06:13, 71.15 examples/s]
[1ATokenizing train dataset:  11%|█▏        | 3444/30000 [00:54<06:12, 71.34 examples/s]
[1ATokenizing train dataset:  12%|█▏        | 3457/30000 [00:54<05:14, 84.35 examples/s]
[1ATokenizing train dataset:  12%|█▏        | 3466/30000 [00:54<05:41, 77.67 examples/s]
[1ATokenizing train dataset:  12%|█▏        | 3476/30000 [00:55<06:05, 72.52 examples/s]
[1ATokenizing train dataset:  12%|█▏        | 3485/30000 [00:55<07:57, 55.52 examples/s]
[1ATokenizing train dataset:  12%|█▏        | 3493/30000 [00:55<08:22, 52.71 examples/s]
[1ATokenizing train dataset:  12%|█▏        | 3500/30000 [00:55<08:13, 53.67 examples/s]
[1ATokenizing train dataset:  12%|█▏        | 3506/30000 [00:55<08:18, 53.15 examples/s]
[1ATokenizing train dataset:  12%|█▏        | 3514/30000 [00:56<08:58, 49.22 examples/s]
[1ATokenizing train dataset:  12%|█▏        | 3525/30000 [00:56<07:15, 60.86 examples/s]
[1ATokenizing train dataset:  12%|█▏        | 3534/30000 [00:56<06:38, 66.37 examples/s]
[1ATokenizing train dataset:  12%|█▏        | 3543/30000 [00:56<06:24, 68.85 examples/s]
[1ATokenizing train dataset:  12%|█▏        | 3554/30000 [00:56<07:10, 61.37 examples/s]
[1ATokenizing train dataset:  12%|█▏        | 3561/30000 [00:56<07:29, 58.83 examples/s]
[1ATokenizing train dataset:  12%|█▏        | 3569/30000 [00:56<07:08, 61.73 examples/s]
[1ATokenizing train dataset:  12%|█▏        | 3578/30000 [00:56<07:43, 56.95 examples/s]
[1ATokenizing train dataset:  12%|█▏        | 3584/30000 [00:57<08:11, 53.77 examples/s]
[1ATokenizing train dataset:  12%|█▏        | 3591/30000 [00:57<09:22, 46.98 examples/s]
[1ATokenizing train dataset:  12%|█▏        | 3597/30000 [00:57<09:10, 48.00 examples/s]
[1ATokenizing train dataset:  12%|█▏        | 3607/30000 [00:57<07:42, 57.12 examples/s]
[1ATokenizing train dataset:  12%|█▏        | 3616/30000 [00:57<08:20, 52.77 examples/s]
[1ATokenizing train dataset:  12%|█▏        | 3625/30000 [00:57<08:20, 52.67 examples/s]
[1ATokenizing train dataset:  12%|█▏        | 3633/30000 [00:58<07:56, 55.29 examples/s]
[1ATokenizing train dataset:  12%|█▏        | 3639/30000 [00:58<08:08, 53.99 examples/s]
[1ATokenizing train dataset:  12%|█▏        | 3646/30000 [00:58<07:52, 55.72 examples/s]
[1ATokenizing train dataset:  12%|█▏        | 3652/30000 [00:58<08:26, 52.03 examples/s]
[1ATokenizing train dataset:  12%|█▏        | 3658/30000 [00:58<08:15, 53.18 examples/s]
[1ATokenizing train dataset:  12%|█▏        | 3664/30000 [00:58<08:12, 53.51 examples/s]
[1ATokenizing train dataset:  12%|█▏        | 3672/30000 [00:58<09:06, 48.16 examples/s]
[1ATokenizing train dataset:  12%|█▏        | 3682/30000 [00:58<07:27, 58.84 examples/s]
[1ATokenizing train dataset:  12%|█▏        | 3696/30000 [00:59<05:46, 75.97 examples/s]
[1ATokenizing train dataset:  12%|█▏        | 3706/30000 [00:59<05:27, 80.18 examples/s]
[1ATokenizing train dataset:  12%|█▏        | 3719/30000 [00:59<05:37, 77.92 examples/s]
[1ATokenizing train dataset:  12%|█▏        | 3728/30000 [00:59<05:32, 78.93 examples/s]
[1ATokenizing train dataset:  12%|█▏        | 3738/30000 [00:59<06:21, 68.90 examples/s]
[1ATokenizing train dataset:  12%|█▏        | 3746/30000 [00:59<06:26, 67.85 examples/s]
[1ATokenizing train dataset:  13%|█▎        | 3757/30000 [00:59<07:02, 62.13 examples/s]
[1ATokenizing train dataset:  13%|█▎        | 3768/30000 [01:00<06:16, 69.72 examples/s]
[1ATokenizing train dataset:  13%|█▎        | 3779/30000 [01:00<06:03, 72.17 examples/s]
[1ATokenizing train dataset:  13%|█▎        | 3792/30000 [01:00<06:15, 69.88 examples/s]
[1ATokenizing train dataset:  13%|█▎        | 3801/30000 [01:00<06:05, 71.61 examples/s]
[1ATokenizing train dataset:  13%|█▎        | 3809/30000 [01:00<06:14, 69.99 examples/s]
[1ATokenizing train dataset:  13%|█▎        | 3817/30000 [01:00<06:09, 70.79 examples/s]
[1ATokenizing train dataset:  13%|█▎        | 3826/30000 [01:00<06:39, 65.56 examples/s]
[1ATokenizing train dataset:  13%|█▎        | 3833/30000 [01:01<06:50, 63.78 examples/s]
[1ATokenizing train dataset:  13%|█▎        | 3843/30000 [01:01<06:13, 70.10 examples/s]
[1ATokenizing train dataset:  13%|█▎        | 3852/30000 [01:01<06:34, 66.34 examples/s]
[1ATokenizing train dataset:  13%|█▎        | 3861/30000 [01:01<07:30, 58.04 examples/s]
[1ATokenizing train dataset:  13%|█▎        | 3872/30000 [01:01<06:34, 66.26 examples/s]
[1ATokenizing train dataset:  13%|█▎        | 3880/30000 [01:01<06:34, 66.21 examples/s]
[1ATokenizing train dataset:  13%|█▎        | 3888/30000 [01:01<06:26, 67.51 examples/s]
[1ATokenizing train dataset:  13%|█▎        | 3897/30000 [01:01<06:05, 71.44 examples/s]
[1ATokenizing train dataset:  13%|█▎        | 3907/30000 [01:02<05:49, 74.67 examples/s]
[1ATokenizing train dataset:  13%|█▎        | 3922/30000 [01:02<04:55, 88.12 examples/s]
[1ATokenizing train dataset:  13%|█▎        | 3931/30000 [01:02<05:57, 72.90 examples/s]
[1ATokenizing train dataset:  13%|█▎        | 3942/30000 [01:02<05:33, 78.04 examples/s]
[1ATokenizing train dataset:  13%|█▎        | 3952/30000 [01:02<06:49, 63.62 examples/s]
[1ATokenizing train dataset:  13%|█▎        | 3961/30000 [01:02<06:36, 65.59 examples/s]
[1ATokenizing train dataset:  13%|█▎        | 3970/30000 [01:03<06:36, 65.66 examples/s]
[1ATokenizing train dataset:  13%|█▎        | 3984/30000 [01:03<05:40, 76.47 examples/s]
[1ATokenizing train dataset:  13%|█▎        | 3993/30000 [01:03<05:38, 76.94 examples/s]
[1ATokenizing train dataset:  13%|█▎        | 4002/30000 [01:03<12:17, 35.26 examples/s]
[1ATokenizing train dataset:  13%|█▎        | 4009/30000 [01:04<11:02, 39.23 examples/s]
[1ATokenizing train dataset:  13%|█▎        | 4018/30000 [01:04<09:44, 44.45 examples/s]
[1ATokenizing train dataset:  13%|█▎        | 4026/30000 [01:04<08:58, 48.22 examples/s]
[1ATokenizing train dataset:  13%|█▎        | 4033/30000 [01:04<08:25, 51.37 examples/s]
[1ATokenizing train dataset:  13%|█▎        | 4040/30000 [01:04<08:10, 52.90 examples/s]
[1ATokenizing train dataset:  13%|█▎        | 4047/30000 [01:04<08:03, 53.65 examples/s]
[1ATokenizing train dataset:  14%|█▎        | 4055/30000 [01:04<08:27, 51.09 examples/s]
[1ATokenizing train dataset:  14%|█▎        | 4065/30000 [01:04<07:17, 59.35 examples/s]
[1ATokenizing train dataset:  14%|█▎        | 4072/30000 [01:05<07:07, 60.58 examples/s]
[1ATokenizing train dataset:  14%|█▎        | 4081/30000 [01:05<06:48, 63.51 examples/s]
[1ATokenizing train dataset:  14%|█▎        | 4091/30000 [01:05<06:15, 69.03 examples/s]
[1ATokenizing train dataset:  14%|█▎        | 4099/30000 [01:05<06:17, 68.60 examples/s]
[1ATokenizing train dataset:  14%|█▎        | 4109/30000 [01:05<06:49, 63.21 examples/s]
[1ATokenizing train dataset:  14%|█▎        | 4116/30000 [01:05<06:43, 64.22 examples/s]
[1ATokenizing train dataset:  14%|█▎        | 4123/30000 [01:05<06:58, 61.86 examples/s]
[1ATokenizing train dataset:  14%|█▍        | 4137/30000 [01:06<06:34, 65.49 examples/s]
[1ATokenizing train dataset:  14%|█▍        | 4144/30000 [01:06<06:57, 61.90 examples/s]
[1ATokenizing train dataset:  14%|█▍        | 4151/30000 [01:06<07:04, 60.91 examples/s]
[1ATokenizing train dataset:  14%|█▍        | 4163/30000 [01:06<05:48, 74.11 examples/s]
[1ATokenizing train dataset:  14%|█▍        | 4171/30000 [01:06<05:53, 73.00 examples/s]
[1ATokenizing train dataset:  14%|█▍        | 4181/30000 [01:06<07:00, 61.33 examples/s]
[1ATokenizing train dataset:  14%|█▍        | 4189/30000 [01:06<06:49, 62.97 examples/s]
[1ATokenizing train dataset:  14%|█▍        | 4198/30000 [01:07<07:09, 60.07 examples/s]
[1ATokenizing train dataset:  14%|█▍        | 4207/30000 [01:07<07:22, 58.35 examples/s]
[1ATokenizing train dataset:  14%|█▍        | 4218/30000 [01:07<06:11, 69.40 examples/s]
[1ATokenizing train dataset:  14%|█▍        | 4227/30000 [01:07<07:32, 56.98 examples/s]
[1ATokenizing train dataset:  14%|█▍        | 4236/30000 [01:07<06:58, 61.53 examples/s]
[1ATokenizing train dataset:  14%|█▍        | 4243/30000 [01:07<07:00, 61.23 examples/s]
[1ATokenizing train dataset:  14%|█▍        | 4252/30000 [01:07<07:31, 57.02 examples/s]
[1ATokenizing train dataset:  14%|█▍        | 4263/30000 [01:08<07:00, 61.26 examples/s]
[1ATokenizing train dataset:  14%|█▍        | 4272/30000 [01:08<06:28, 66.21 examples/s]
[1ATokenizing train dataset:  14%|█▍        | 4285/30000 [01:08<05:21, 80.05 examples/s]
[1ATokenizing train dataset:  14%|█▍        | 4298/30000 [01:08<05:29, 78.04 examples/s]
[1ATokenizing train dataset:  14%|█▍        | 4309/30000 [01:08<05:15, 81.43 examples/s]
[1ATokenizing train dataset:  14%|█▍        | 4318/30000 [01:08<05:14, 81.61 examples/s]
[1ATokenizing train dataset:  14%|█▍        | 4327/30000 [01:08<06:04, 70.51 examples/s]
[1ATokenizing train dataset:  14%|█▍        | 4338/30000 [01:09<06:16, 68.11 examples/s]
[1ATokenizing train dataset:  14%|█▍        | 4346/30000 [01:09<06:18, 67.70 examples/s]
[1ATokenizing train dataset:  15%|█▍        | 4359/30000 [01:09<05:28, 78.00 examples/s]
[1ATokenizing train dataset:  15%|█▍        | 4369/30000 [01:09<06:05, 70.15 examples/s]
[1ATokenizing train dataset:  15%|█▍        | 4380/30000 [01:09<06:31, 65.47 examples/s]
[1ATokenizing train dataset:  15%|█▍        | 4387/30000 [01:09<07:28, 57.12 examples/s]
[1ATokenizing train dataset:  15%|█▍        | 4395/30000 [01:09<07:26, 57.31 examples/s]
[1ATokenizing train dataset:  15%|█▍        | 4402/30000 [01:10<07:29, 56.98 examples/s]
[1ATokenizing train dataset:  15%|█▍        | 4408/30000 [01:10<07:44, 55.07 examples/s]
[1ATokenizing train dataset:  15%|█▍        | 4415/30000 [01:10<07:33, 56.42 examples/s]
[1ATokenizing train dataset:  15%|█▍        | 4429/30000 [01:10<05:53, 72.43 examples/s]
[1ATokenizing train dataset:  15%|█▍        | 4439/30000 [01:10<05:44, 74.10 examples/s]
[1ATokenizing train dataset:  15%|█▍        | 4448/30000 [01:10<06:43, 63.37 examples/s]
[1ATokenizing train dataset:  15%|█▍        | 4457/30000 [01:10<06:17, 67.63 examples/s]
[1ATokenizing train dataset:  15%|█▍        | 4465/30000 [01:11<07:19, 58.05 examples/s]
[1ATokenizing train dataset:  15%|█▍        | 4474/30000 [01:11<06:43, 63.33 examples/s]
[1ATokenizing train dataset:  15%|█▍        | 4482/30000 [01:11<06:24, 66.45 examples/s]
[1ATokenizing train dataset:  15%|█▍        | 4495/30000 [01:11<06:21, 66.78 examples/s]
[1ATokenizing train dataset:  15%|█▌        | 4509/30000 [01:11<05:17, 80.39 examples/s]
[1ATokenizing train dataset:  15%|█▌        | 4519/30000 [01:11<05:54, 71.89 examples/s]
[1ATokenizing train dataset:  15%|█▌        | 4527/30000 [01:11<06:06, 69.48 examples/s]
[1ATokenizing train dataset:  15%|█▌        | 4537/30000 [01:12<05:56, 71.40 examples/s]
[1ATokenizing train dataset:  15%|█▌        | 4546/30000 [01:12<06:17, 67.48 examples/s]
[1ATokenizing train dataset:  15%|█▌        | 4554/30000 [01:12<07:06, 59.63 examples/s]
[1ATokenizing train dataset:  15%|█▌        | 4562/30000 [01:12<07:00, 60.47 examples/s]
[1ATokenizing train dataset:  15%|█▌        | 4569/30000 [01:12<07:12, 58.81 examples/s]
[1ATokenizing train dataset:  15%|█▌        | 4581/30000 [01:12<05:53, 71.91 examples/s]
[1ATokenizing train dataset:  15%|█▌        | 4590/30000 [01:12<05:40, 74.67 examples/s]
[1ATokenizing train dataset:  15%|█▌        | 4598/30000 [01:12<05:45, 73.48 examples/s]
[1ATokenizing train dataset:  15%|█▌        | 4607/30000 [01:13<05:33, 76.16 examples/s]
[1ATokenizing train dataset:  15%|█▌        | 4616/30000 [01:13<05:45, 73.47 examples/s]
[1ATokenizing train dataset:  15%|█▌        | 4624/30000 [01:13<06:50, 61.88 examples/s]
[1ATokenizing train dataset:  15%|█▌        | 4632/30000 [01:13<06:35, 64.10 examples/s]
[1ATokenizing train dataset:  15%|█▌        | 4644/30000 [01:13<06:36, 63.94 examples/s]
[1ATokenizing train dataset:  16%|█▌        | 4660/30000 [01:13<05:03, 83.59 examples/s]
[1ATokenizing train dataset:  16%|█▌        | 4673/30000 [01:14<05:49, 72.54 examples/s]
[1ATokenizing train dataset:  16%|█▌        | 4686/30000 [01:14<05:49, 72.40 examples/s]
[1ATokenizing train dataset:  16%|█▌        | 4696/30000 [01:14<06:15, 67.47 examples/s]
[1ATokenizing train dataset:  16%|█▌        | 4704/30000 [01:14<06:07, 68.85 examples/s]
[1ATokenizing train dataset:  16%|█▌        | 4712/30000 [01:14<06:16, 67.21 examples/s]
[1ATokenizing train dataset:  16%|█▌        | 4719/30000 [01:14<06:33, 64.21 examples/s]
[1ATokenizing train dataset:  16%|█▌        | 4729/30000 [01:14<06:02, 69.81 examples/s]
[1ATokenizing train dataset:  16%|█▌        | 4740/30000 [01:15<06:13, 67.62 examples/s]
[1ATokenizing train dataset:  16%|█▌        | 4747/30000 [01:15<07:40, 54.89 examples/s]
[1ATokenizing train dataset:  16%|█▌        | 4755/30000 [01:15<07:11, 58.52 examples/s]
[1ATokenizing train dataset:  16%|█▌        | 4765/30000 [01:15<07:29, 56.17 examples/s]
[1ATokenizing train dataset:  16%|█▌        | 4773/30000 [01:15<07:15, 57.92 examples/s]
[1ATokenizing train dataset:  16%|█▌        | 4782/30000 [01:15<06:43, 62.48 examples/s]
[1ATokenizing train dataset:  16%|█▌        | 4789/30000 [01:15<06:49, 61.56 examples/s]
[1ATokenizing train dataset:  16%|█▌        | 4796/30000 [01:16<06:43, 62.47 examples/s]
[1ATokenizing train dataset:  16%|█▌        | 4803/30000 [01:16<06:43, 62.39 examples/s]
[1ATokenizing train dataset:  16%|█▌        | 4813/30000 [01:16<06:03, 69.27 examples/s]
[1ATokenizing train dataset:  16%|█▌        | 4822/30000 [01:16<05:56, 70.68 examples/s]
[1ATokenizing train dataset:  16%|█▌        | 4831/30000 [01:16<05:51, 71.63 examples/s]
[1ATokenizing train dataset:  16%|█▌        | 4839/30000 [01:16<06:29, 64.56 examples/s]
[1ATokenizing train dataset:  16%|█▌        | 4847/30000 [01:16<07:19, 57.17 examples/s]
[1ATokenizing train dataset:  16%|█▌        | 4854/30000 [01:16<07:15, 57.76 examples/s]
[1ATokenizing train dataset:  16%|█▌        | 4860/30000 [01:17<07:17, 57.46 examples/s]
[1ATokenizing train dataset:  16%|█▌        | 4872/30000 [01:17<06:02, 69.25 examples/s]
[1ATokenizing train dataset:  16%|█▋        | 4881/30000 [01:17<05:42, 73.33 examples/s]
[1ATokenizing train dataset:  16%|█▋        | 4894/30000 [01:17<04:57, 84.26 examples/s]
[1ATokenizing train dataset:  16%|█▋        | 4904/30000 [01:17<05:30, 75.85 examples/s]
[1ATokenizing train dataset:  16%|█▋        | 4915/30000 [01:17<05:13, 79.97 examples/s]
[1ATokenizing train dataset:  16%|█▋        | 4924/30000 [01:17<05:59, 69.84 examples/s]
[1ATokenizing train dataset:  16%|█▋        | 4933/30000 [01:18<06:44, 61.99 examples/s]
[1ATokenizing train dataset:  16%|█▋        | 4940/30000 [01:18<06:41, 62.35 examples/s]
[1ATokenizing train dataset:  16%|█▋        | 4947/30000 [01:18<06:39, 62.77 examples/s]
[1ATokenizing train dataset:  17%|█▋        | 4954/30000 [01:18<06:41, 62.40 examples/s]
[1ATokenizing train dataset:  17%|█▋        | 4964/30000 [01:18<05:58, 69.86 examples/s]
[1ATokenizing train dataset:  17%|█▋        | 4973/30000 [01:18<05:47, 72.11 examples/s]
[1ATokenizing train dataset:  17%|█▋        | 4981/30000 [01:18<05:54, 70.66 examples/s]
[1ATokenizing train dataset:  17%|█▋        | 4991/30000 [01:18<05:35, 74.45 examples/s]
[1ATokenizing train dataset:  17%|█▋        | 5000/30000 [01:19<12:40, 32.87 examples/s]
[1ATokenizing train dataset:  17%|█▋        | 5006/30000 [01:19<11:29, 36.23 examples/s]
[1ATokenizing train dataset:  17%|█▋        | 5016/30000 [01:19<10:16, 40.56 examples/s]
[1ATokenizing train dataset:  17%|█▋        | 5022/30000 [01:19<09:52, 42.13 examples/s]
[1ATokenizing train dataset:  17%|█▋        | 5029/30000 [01:19<09:00, 46.20 examples/s]
[1ATokenizing train dataset:  17%|█▋        | 5042/30000 [01:20<06:51, 60.63 examples/s]
[1ATokenizing train dataset:  17%|█▋        | 5051/30000 [01:20<06:19, 65.66 examples/s]
[1ATokenizing train dataset:  17%|█▋        | 5059/30000 [01:20<06:25, 64.75 examples/s]
[1ATokenizing train dataset:  17%|█▋        | 5069/30000 [01:20<06:00, 69.08 examples/s]
[1ATokenizing train dataset:  17%|█▋        | 5079/30000 [01:20<06:31, 63.59 examples/s]
[1ATokenizing train dataset:  17%|█▋        | 5088/30000 [01:20<06:22, 65.05 examples/s]
[1ATokenizing train dataset:  17%|█▋        | 5096/30000 [01:20<06:18, 65.81 examples/s]
[1ATokenizing train dataset:  17%|█▋        | 5106/30000 [01:21<05:49, 71.23 examples/s]
[1ATokenizing train dataset:  17%|█▋        | 5117/30000 [01:21<05:55, 70.00 examples/s]
[1ATokenizing train dataset:  17%|█▋        | 5126/30000 [01:21<05:52, 70.53 examples/s]
[1ATokenizing train dataset:  17%|█▋        | 5136/30000 [01:21<05:33, 74.45 examples/s]
[1ATokenizing train dataset:  17%|█▋        | 5145/30000 [01:21<06:14, 66.33 examples/s]
[1ATokenizing train dataset:  17%|█▋        | 5152/30000 [01:21<06:41, 61.94 examples/s]
[1ATokenizing train dataset:  17%|█▋        | 5159/30000 [01:21<07:00, 59.12 examples/s]
[1ATokenizing train dataset:  17%|█▋        | 5170/30000 [01:22<06:55, 59.75 examples/s]
[1ATokenizing train dataset:  17%|█▋        | 5178/30000 [01:22<06:40, 61.90 examples/s]
[1ATokenizing train dataset:  17%|█▋        | 5186/30000 [01:22<06:50, 60.44 examples/s]
[1ATokenizing train dataset:  17%|█▋        | 5198/30000 [01:22<06:36, 62.54 examples/s]
[1ATokenizing train dataset:  17%|█▋        | 5208/30000 [01:22<05:53, 70.23 examples/s]
[1ATokenizing train dataset:  17%|█▋        | 5218/30000 [01:22<06:36, 62.52 examples/s]
[1ATokenizing train dataset:  17%|█▋        | 5227/30000 [01:22<06:17, 65.61 examples/s]
[1ATokenizing train dataset:  17%|█▋        | 5236/30000 [01:23<06:50, 60.32 examples/s]
[1ATokenizing train dataset:  17%|█▋        | 5246/30000 [01:23<07:00, 58.91 examples/s]
[1ATokenizing train dataset:  18%|█▊        | 5254/30000 [01:23<06:41, 61.61 examples/s]
[1ATokenizing train dataset:  18%|█▊        | 5263/30000 [01:23<06:13, 66.20 examples/s]
[1ATokenizing train dataset:  18%|█▊        | 5274/30000 [01:23<05:23, 76.50 examples/s]
[1ATokenizing train dataset:  18%|█▊        | 5285/30000 [01:23<05:39, 72.82 examples/s]
[1ATokenizing train dataset:  18%|█▊        | 5295/30000 [01:23<06:13, 66.14 examples/s]
[1ATokenizing train dataset:  18%|█▊        | 5302/30000 [01:24<06:13, 66.20 examples/s]
[1ATokenizing train dataset:  18%|█▊        | 5309/30000 [01:24<06:36, 62.27 examples/s]
[1ATokenizing train dataset:  18%|█▊        | 5318/30000 [01:24<07:02, 58.43 examples/s]
[1ATokenizing train dataset:  18%|█▊        | 5325/30000 [01:24<06:59, 58.83 examples/s]
[1ATokenizing train dataset:  18%|█▊        | 5333/30000 [01:24<06:40, 61.66 examples/s]
[1ATokenizing train dataset:  18%|█▊        | 5345/30000 [01:24<05:42, 72.07 examples/s]
[1ATokenizing train dataset:  18%|█▊        | 5356/30000 [01:24<05:13, 78.67 examples/s]
[1ATokenizing train dataset:  18%|█▊        | 5369/30000 [01:25<05:18, 77.44 examples/s]
[1ATokenizing train dataset:  18%|█▊        | 5378/30000 [01:25<05:13, 78.56 examples/s]
[1ATokenizing train dataset:  18%|█▊        | 5388/30000 [01:25<05:35, 73.27 examples/s]
[1ATokenizing train dataset:  18%|█▊        | 5396/30000 [01:25<05:51, 69.93 examples/s]
[1ATokenizing train dataset:  18%|█▊        | 5405/30000 [01:25<06:30, 62.93 examples/s]
[1ATokenizing train dataset:  18%|█▊        | 5413/30000 [01:25<06:29, 63.06 examples/s]
[1ATokenizing train dataset:  18%|█▊        | 5422/30000 [01:25<06:24, 63.86 examples/s]
[1ATokenizing train dataset:  18%|█▊        | 5430/30000 [01:26<07:14, 56.58 examples/s]
[1ATokenizing train dataset:  18%|█▊        | 5437/30000 [01:26<06:58, 58.68 examples/s]
[1ATokenizing train dataset:  18%|█▊        | 5444/30000 [01:26<06:55, 59.14 examples/s]
[1ATokenizing train dataset:  18%|█▊        | 5452/30000 [01:26<07:39, 53.45 examples/s]
[1ATokenizing train dataset:  18%|█▊        | 5458/30000 [01:26<08:06, 50.50 examples/s]
[1ATokenizing train dataset:  18%|█▊        | 5464/30000 [01:26<08:24, 48.63 examples/s]
[1ATokenizing train dataset:  18%|█▊        | 5471/30000 [01:26<08:11, 49.94 examples/s]
[1ATokenizing train dataset:  18%|█▊        | 5479/30000 [01:27<08:52, 46.06 examples/s]
[1ATokenizing train dataset:  18%|█▊        | 5491/30000 [01:27<07:04, 57.68 examples/s]
[1ATokenizing train dataset:  18%|█▊        | 5499/30000 [01:27<06:50, 59.73 examples/s]
[1ATokenizing train dataset:  18%|█▊        | 5508/30000 [01:27<07:27, 54.68 examples/s]
[1ATokenizing train dataset:  18%|█▊        | 5518/30000 [01:27<06:30, 62.76 examples/s]
[1ATokenizing train dataset:  18%|█▊        | 5526/30000 [01:27<07:23, 55.14 examples/s]
[1ATokenizing train dataset:  18%|█▊        | 5532/30000 [01:27<07:35, 53.69 examples/s]
[1ATokenizing train dataset:  18%|█▊        | 5538/30000 [01:28<08:07, 50.22 examples/s]
[1ATokenizing train dataset:  18%|█▊        | 5544/30000 [01:28<08:04, 50.50 examples/s]
[1ATokenizing train dataset:  19%|█▊        | 5555/30000 [01:28<06:26, 63.19 examples/s]
[1ATokenizing train dataset:  19%|█▊        | 5565/30000 [01:28<06:09, 66.08 examples/s]
[1ATokenizing train dataset:  19%|█▊        | 5573/30000 [01:28<06:30, 62.57 examples/s]
[1ATokenizing train dataset:  19%|█▊        | 5580/30000 [01:28<06:39, 61.07 examples/s]
[1ATokenizing train dataset:  19%|█▊        | 5588/30000 [01:28<06:29, 62.66 examples/s]
[1ATokenizing train dataset:  19%|█▊        | 5597/30000 [01:28<06:01, 67.51 examples/s]
[1ATokenizing train dataset:  19%|█▊        | 5607/30000 [01:29<06:23, 63.64 examples/s]
[1ATokenizing train dataset:  19%|█▊        | 5615/30000 [01:29<06:25, 63.28 examples/s]
[1ATokenizing train dataset:  19%|█▊        | 5623/30000 [01:29<06:37, 61.28 examples/s]
[1ATokenizing train dataset:  19%|█▉        | 5632/30000 [01:29<06:22, 63.79 examples/s]
[1ATokenizing train dataset:  19%|█▉        | 5640/30000 [01:29<06:05, 66.67 examples/s]
[1ATokenizing train dataset:  19%|█▉        | 5647/30000 [01:29<06:15, 64.91 examples/s]
[1ATokenizing train dataset:  19%|█▉        | 5656/30000 [01:29<06:50, 59.34 examples/s]
[1ATokenizing train dataset:  19%|█▉        | 5667/30000 [01:30<05:47, 69.93 examples/s]
[1ATokenizing train dataset:  19%|█▉        | 5675/30000 [01:30<05:56, 68.21 examples/s]
[1ATokenizing train dataset:  19%|█▉        | 5687/30000 [01:30<06:04, 66.75 examples/s]
[1ATokenizing train dataset:  19%|█▉        | 5695/30000 [01:30<05:53, 68.81 examples/s]
[1ATokenizing train dataset:  19%|█▉        | 5704/30000 [01:30<07:14, 55.95 examples/s]
[1ATokenizing train dataset:  19%|█▉        | 5711/30000 [01:30<07:06, 56.95 examples/s]
[1ATokenizing train dataset:  19%|█▉        | 5723/30000 [01:30<05:46, 70.13 examples/s]
[1ATokenizing train dataset:  19%|█▉        | 5733/30000 [01:31<06:25, 62.98 examples/s]
[1ATokenizing train dataset:  19%|█▉        | 5741/30000 [01:31<06:18, 64.14 examples/s]
[1ATokenizing train dataset:  19%|█▉        | 5748/30000 [01:31<06:26, 62.78 examples/s]
[1ATokenizing train dataset:  19%|█▉        | 5755/30000 [01:31<06:36, 61.17 examples/s]
[1ATokenizing train dataset:  19%|█▉        | 5765/30000 [01:31<07:01, 57.49 examples/s]
[1ATokenizing train dataset:  19%|█▉        | 5772/30000 [01:31<06:48, 59.34 examples/s]
[1ATokenizing train dataset:  19%|█▉        | 5781/30000 [01:31<06:26, 62.64 examples/s]
[1ATokenizing train dataset:  19%|█▉        | 5790/30000 [01:31<06:03, 66.53 examples/s]
[1ATokenizing train dataset:  19%|█▉        | 5801/30000 [01:32<05:14, 77.05 examples/s]
[1ATokenizing train dataset:  19%|█▉        | 5811/30000 [01:32<06:11, 65.04 examples/s]
[1ATokenizing train dataset:  19%|█▉        | 5825/30000 [01:32<05:08, 78.39 examples/s]
[1ATokenizing train dataset:  19%|█▉        | 5835/30000 [01:32<05:48, 69.34 examples/s]
[1ATokenizing train dataset:  19%|█▉        | 5847/30000 [01:32<05:46, 69.61 examples/s]
[1ATokenizing train dataset:  20%|█▉        | 5857/30000 [01:32<06:24, 62.72 examples/s]
[1ATokenizing train dataset:  20%|█▉        | 5868/30000 [01:33<05:51, 68.60 examples/s]
[1ATokenizing train dataset:  20%|█▉        | 5877/30000 [01:33<05:40, 70.83 examples/s]
[1ATokenizing train dataset:  20%|█▉        | 5886/30000 [01:33<06:18, 63.78 examples/s]
[1ATokenizing train dataset:  20%|█▉        | 5897/30000 [01:33<06:25, 62.57 examples/s]
[1ATokenizing train dataset:  20%|█▉        | 5904/30000 [01:33<06:38, 60.51 examples/s]
[1ATokenizing train dataset:  20%|█▉        | 5913/30000 [01:33<07:00, 57.32 examples/s]
[1ATokenizing train dataset:  20%|█▉        | 5922/30000 [01:33<06:32, 61.27 examples/s]
[1ATokenizing train dataset:  20%|█▉        | 5931/30000 [01:34<07:15, 55.29 examples/s]
[1ATokenizing train dataset:  20%|█▉        | 5942/30000 [01:34<06:10, 64.91 examples/s]
[1ATokenizing train dataset:  20%|█▉        | 5950/30000 [01:34<06:23, 62.71 examples/s]
[1ATokenizing train dataset:  20%|█▉        | 5959/30000 [01:34<07:32, 53.14 examples/s]
[1ATokenizing train dataset:  20%|█▉        | 5969/30000 [01:34<06:48, 58.84 examples/s]
[1ATokenizing train dataset:  20%|█▉        | 5976/30000 [01:34<07:22, 54.31 examples/s]
[1ATokenizing train dataset:  20%|█▉        | 5983/30000 [01:35<08:05, 49.42 examples/s]
[1ATokenizing train dataset:  20%|█▉        | 5991/30000 [01:35<08:45, 45.68 examples/s]
[1ATokenizing train dataset:  20%|█▉        | 5997/30000 [01:35<08:38, 46.28 examples/s]
[1ATokenizing train dataset:  20%|██        | 6004/30000 [01:36<16:24, 24.38 examples/s]
[1ATokenizing train dataset:  20%|██        | 6009/30000 [01:36<14:46, 27.06 examples/s]
[1ATokenizing train dataset:  20%|██        | 6021/30000 [01:36<10:00, 39.95 examples/s]
[1ATokenizing train dataset:  20%|██        | 6027/30000 [01:36<09:20, 42.81 examples/s]
[1ATokenizing train dataset:  20%|██        | 6034/30000 [01:36<08:29, 47.03 examples/s]
[1ATokenizing train dataset:  20%|██        | 6043/30000 [01:36<07:17, 54.76 examples/s]
[1ATokenizing train dataset:  20%|██        | 6050/30000 [01:36<07:01, 56.85 examples/s]
[1ATokenizing train dataset:  20%|██        | 6059/30000 [01:36<07:27, 53.56 examples/s]
[1ATokenizing train dataset:  20%|██        | 6066/30000 [01:37<07:28, 53.38 examples/s]
[1ATokenizing train dataset:  20%|██        | 6073/30000 [01:37<07:39, 52.11 examples/s]
[1ATokenizing train dataset:  20%|██        | 6080/30000 [01:37<07:20, 54.35 examples/s]
[1ATokenizing train dataset:  20%|██        | 6088/30000 [01:37<07:44, 51.48 examples/s]
[1ATokenizing train dataset:  20%|██        | 6100/30000 [01:37<06:25, 61.93 examples/s]
[1ATokenizing train dataset:  20%|██        | 6109/30000 [01:37<07:02, 56.59 examples/s]
[1ATokenizing train dataset:  20%|██        | 6117/30000 [01:38<07:28, 53.23 examples/s]
[1ATokenizing train dataset:  20%|██        | 6123/30000 [01:38<07:23, 53.86 examples/s]
[1ATokenizing train dataset:  20%|██        | 6129/30000 [01:38<07:24, 53.66 examples/s]
[1ATokenizing train dataset:  20%|██        | 6137/30000 [01:38<06:53, 57.76 examples/s]
[1ATokenizing train dataset:  20%|██        | 6145/30000 [01:38<06:31, 60.87 examples/s]
[1ATokenizing train dataset:  21%|██        | 6153/30000 [01:38<06:44, 58.99 examples/s]
[1ATokenizing train dataset:  21%|██        | 6159/30000 [01:38<07:10, 55.36 examples/s]
[1ATokenizing train dataset:  21%|██        | 6166/30000 [01:38<06:46, 58.68 examples/s]
[1ATokenizing train dataset:  21%|██        | 6173/30000 [01:38<07:07, 55.78 examples/s]
[1ATokenizing train dataset:  21%|██        | 6179/30000 [01:39<07:24, 53.54 examples/s]
[1ATokenizing train dataset:  21%|██        | 6187/30000 [01:39<06:56, 57.16 examples/s]
[1ATokenizing train dataset:  21%|██        | 6197/30000 [01:39<06:00, 66.07 examples/s]
[1ATokenizing train dataset:  21%|██        | 6204/30000 [01:39<06:34, 60.32 examples/s]
[1ATokenizing train dataset:  21%|██        | 6211/30000 [01:39<06:46, 58.59 examples/s]
[1ATokenizing train dataset:  21%|██        | 6217/30000 [01:39<06:52, 57.72 examples/s]
[1ATokenizing train dataset:  21%|██        | 6225/30000 [01:39<07:25, 53.42 examples/s]
[1ATokenizing train dataset:  21%|██        | 6231/30000 [01:40<07:35, 52.16 examples/s]
[1ATokenizing train dataset:  21%|██        | 6241/30000 [01:40<06:37, 59.76 examples/s]
[1ATokenizing train dataset:  21%|██        | 6250/30000 [01:40<06:13, 63.65 examples/s]
[1ATokenizing train dataset:  21%|██        | 6259/30000 [01:40<07:23, 53.58 examples/s]
[1ATokenizing train dataset:  21%|██        | 6268/30000 [01:40<07:07, 55.53 examples/s]
[1ATokenizing train dataset:  21%|██        | 6275/30000 [01:40<06:53, 57.31 examples/s]
[1ATokenizing train dataset:  21%|██        | 6282/30000 [01:40<06:48, 58.11 examples/s]
[1ATokenizing train dataset:  21%|██        | 6289/30000 [01:40<06:34, 60.04 examples/s]
[1ATokenizing train dataset:  21%|██        | 6299/30000 [01:41<06:07, 64.46 examples/s]
[1ATokenizing train dataset:  21%|██        | 6308/30000 [01:41<05:54, 66.87 examples/s]
[1ATokenizing train dataset:  21%|██        | 6321/30000 [01:41<04:51, 81.24 examples/s]
[1ATokenizing train dataset:  21%|██        | 6330/30000 [01:41<05:06, 77.31 examples/s]
[1ATokenizing train dataset:  21%|██        | 6338/30000 [01:41<05:20, 73.83 examples/s]
[1ATokenizing train dataset:  21%|██        | 6347/30000 [01:41<05:51, 67.32 examples/s]
[1ATokenizing train dataset:  21%|██        | 6357/30000 [01:41<06:25, 61.29 examples/s]
[1ATokenizing train dataset:  21%|██        | 6364/30000 [01:42<06:34, 59.92 examples/s]
[1ATokenizing train dataset:  21%|██        | 6371/30000 [01:42<06:20, 62.09 examples/s]
[1ATokenizing train dataset:  21%|██▏       | 6379/30000 [01:42<06:10, 63.76 examples/s]
[1ATokenizing train dataset:  21%|██▏       | 6388/30000 [01:42<06:48, 57.75 examples/s]
[1ATokenizing train dataset:  21%|██▏       | 6401/30000 [01:42<05:38, 69.68 examples/s]
[1ATokenizing train dataset:  21%|██▏       | 6412/30000 [01:42<05:52, 66.87 examples/s]
[1ATokenizing train dataset:  21%|██▏       | 6423/30000 [01:42<05:23, 72.89 examples/s]
[1ATokenizing train dataset:  21%|██▏       | 6433/30000 [01:43<05:42, 68.91 examples/s]
[1ATokenizing train dataset:  21%|██▏       | 6443/30000 [01:43<05:55, 66.27 examples/s]
[1ATokenizing train dataset:  22%|██▏       | 6453/30000 [01:43<05:39, 69.31 examples/s]
[1ATokenizing train dataset:  22%|██▏       | 6462/30000 [01:43<05:33, 70.61 examples/s]
[1ATokenizing train dataset:  22%|██▏       | 6472/30000 [01:43<05:10, 75.83 examples/s]
[1ATokenizing train dataset:  22%|██▏       | 6482/30000 [01:43<05:54, 66.25 examples/s]
[1ATokenizing train dataset:  22%|██▏       | 6494/30000 [01:43<05:06, 76.62 examples/s]
[1ATokenizing train dataset:  22%|██▏       | 6504/30000 [01:44<05:39, 69.23 examples/s]
[1ATokenizing train dataset:  22%|██▏       | 6513/30000 [01:44<06:15, 62.48 examples/s]
[1ATokenizing train dataset:  22%|██▏       | 6523/30000 [01:44<06:22, 61.44 examples/s]
[1ATokenizing train dataset:  22%|██▏       | 6531/30000 [01:44<06:16, 62.40 examples/s]
[1ATokenizing train dataset:  22%|██▏       | 6546/30000 [01:44<04:52, 80.05 examples/s]
[1ATokenizing train dataset:  22%|██▏       | 6555/30000 [01:44<04:58, 78.50 examples/s]
[1ATokenizing train dataset:  22%|██▏       | 6568/30000 [01:45<05:52, 66.56 examples/s]
[1ATokenizing train dataset:  22%|██▏       | 6576/30000 [01:45<06:27, 60.46 examples/s]
[1ATokenizing train dataset:  22%|██▏       | 6583/30000 [01:45<06:47, 57.42 examples/s]
[1ATokenizing train dataset:  22%|██▏       | 6590/30000 [01:45<06:39, 58.61 examples/s]
[1ATokenizing train dataset:  22%|██▏       | 6597/30000 [01:45<06:39, 58.62 examples/s]
[1ATokenizing train dataset:  22%|██▏       | 6608/30000 [01:45<06:24, 60.91 examples/s]
[1ATokenizing train dataset:  22%|██▏       | 6622/30000 [01:45<05:03, 76.91 examples/s]
[1ATokenizing train dataset:  22%|██▏       | 6631/30000 [01:45<05:02, 77.16 examples/s]
[1ATokenizing train dataset:  22%|██▏       | 6640/30000 [01:46<04:57, 78.40 examples/s]
[1ATokenizing train dataset:  22%|██▏       | 6653/30000 [01:46<05:08, 75.60 examples/s]
[1ATokenizing train dataset:  22%|██▏       | 6661/30000 [01:46<05:18, 73.34 examples/s]
[1ATokenizing train dataset:  22%|██▏       | 6669/30000 [01:46<05:25, 71.72 examples/s]
[1ATokenizing train dataset:  22%|██▏       | 6680/30000 [01:46<05:11, 74.75 examples/s]
[1ATokenizing train dataset:  22%|██▏       | 6690/30000 [01:46<05:09, 75.31 examples/s]
[1ATokenizing train dataset:  22%|██▏       | 6699/30000 [01:46<06:00, 64.67 examples/s]
[1ATokenizing train dataset:  22%|██▏       | 6708/30000 [01:47<05:53, 65.84 examples/s]
[1ATokenizing train dataset:  22%|██▏       | 6716/30000 [01:47<05:51, 66.28 examples/s]
[1ATokenizing train dataset:  22%|██▏       | 6725/30000 [01:47<05:50, 66.43 examples/s]
[1ATokenizing train dataset:  22%|██▏       | 6732/30000 [01:47<06:47, 57.11 examples/s]
[1ATokenizing train dataset:  22%|██▏       | 6741/30000 [01:47<06:14, 62.08 examples/s]
[1ATokenizing train dataset:  22%|██▏       | 6749/30000 [01:47<06:00, 64.58 examples/s]
[1ATokenizing train dataset:  23%|██▎       | 6759/30000 [01:47<05:21, 72.31 examples/s]
[1ATokenizing train dataset:  23%|██▎       | 6773/30000 [01:47<04:25, 87.46 examples/s]
[1ATokenizing train dataset:  23%|██▎       | 6783/30000 [01:48<04:22, 88.45 examples/s]
[1ATokenizing train dataset:  23%|██▎       | 6796/30000 [01:48<04:54, 78.88 examples/s]
[1ATokenizing train dataset:  23%|██▎       | 6806/30000 [01:48<05:23, 71.67 examples/s]
[1ATokenizing train dataset:  23%|██▎       | 6814/30000 [01:48<05:39, 68.36 examples/s]
[1ATokenizing train dataset:  23%|██▎       | 6825/30000 [01:48<05:19, 72.62 examples/s]
[1ATokenizing train dataset:  23%|██▎       | 6837/30000 [01:48<04:46, 80.91 examples/s]
[1ATokenizing train dataset:  23%|██▎       | 6849/30000 [01:48<04:21, 88.67 examples/s]
[1ATokenizing train dataset:  23%|██▎       | 6864/30000 [01:49<04:26, 86.81 examples/s]
[1ATokenizing train dataset:  23%|██▎       | 6876/30000 [01:49<04:50, 79.66 examples/s]
[1ATokenizing train dataset:  23%|██▎       | 6885/30000 [01:49<04:59, 77.28 examples/s]
[1ATokenizing train dataset:  23%|██▎       | 6896/30000 [01:49<05:19, 72.28 examples/s]
[1ATokenizing train dataset:  23%|██▎       | 6905/30000 [01:49<05:14, 73.43 examples/s]
[1ATokenizing train dataset:  23%|██▎       | 6917/30000 [01:49<04:39, 82.65 examples/s]
[1ATokenizing train dataset:  23%|██▎       | 6926/30000 [01:49<04:43, 81.43 examples/s]
[1ATokenizing train dataset:  23%|██▎       | 6936/30000 [01:50<04:44, 81.06 examples/s]
[1ATokenizing train dataset:  23%|██▎       | 6945/30000 [01:50<04:55, 78.12 examples/s]
[1ATokenizing train dataset:  23%|██▎       | 6957/30000 [01:50<05:05, 75.41 examples/s]
[1ATokenizing train dataset:  23%|██▎       | 6968/30000 [01:50<05:25, 70.73 examples/s]
[1ATokenizing train dataset:  23%|██▎       | 6978/30000 [01:50<05:08, 74.52 examples/s]
[1ATokenizing train dataset:  23%|██▎       | 6990/30000 [01:50<04:41, 81.73 examples/s]
[1ATokenizing train dataset:  23%|██▎       | 6999/30000 [01:50<04:35, 83.57 examples/s]
[1ATokenizing train dataset:  23%|██▎       | 7010/30000 [01:51<10:36, 36.12 examples/s]
[1ATokenizing train dataset:  23%|██▎       | 7021/30000 [01:51<08:32, 44.83 examples/s]
[1ATokenizing train dataset:  23%|██▎       | 7031/30000 [01:51<07:57, 48.14 examples/s]
[1ATokenizing train dataset:  23%|██▎       | 7039/30000 [01:51<07:26, 51.39 examples/s]
[1ATokenizing train dataset:  23%|██▎       | 7046/30000 [01:52<07:18, 52.39 examples/s]
[1ATokenizing train dataset:  24%|██▎       | 7053/30000 [01:52<07:13, 52.97 examples/s]
[1ATokenizing train dataset:  24%|██▎       | 7061/30000 [01:52<06:32, 58.38 examples/s]
[1ATokenizing train dataset:  24%|██▎       | 7072/30000 [01:52<05:28, 69.75 examples/s]
[1ATokenizing train dataset:  24%|██▎       | 7081/30000 [01:52<05:18, 71.88 examples/s]
[1ATokenizing train dataset:  24%|██▎       | 7094/30000 [01:52<05:13, 73.12 examples/s]
[1ATokenizing train dataset:  24%|██▎       | 7105/30000 [01:52<05:30, 69.27 examples/s]
[1ATokenizing train dataset:  24%|██▎       | 7113/30000 [01:53<05:37, 67.88 examples/s]
[1ATokenizing train dataset:  24%|██▎       | 7124/30000 [01:53<06:26, 59.26 examples/s]
[1ATokenizing train dataset:  24%|██▍       | 7134/30000 [01:53<05:57, 64.04 examples/s]
[1ATokenizing train dataset:  24%|██▍       | 7145/30000 [01:53<05:23, 70.56 examples/s]
[1ATokenizing train dataset:  24%|██▍       | 7159/30000 [01:53<04:40, 81.54 examples/s]
[1ATokenizing train dataset:  24%|██▍       | 7170/30000 [01:53<05:06, 74.57 examples/s]
[1ATokenizing train dataset:  24%|██▍       | 7180/30000 [01:53<05:02, 75.54 examples/s]
[1ATokenizing train dataset:  24%|██▍       | 7189/30000 [01:54<05:35, 68.08 examples/s]
[1ATokenizing train dataset:  24%|██▍       | 7198/30000 [01:54<05:35, 67.99 examples/s]
[1ATokenizing train dataset:  24%|██▍       | 7205/30000 [01:54<06:03, 62.63 examples/s]
[1ATokenizing train dataset:  24%|██▍       | 7219/30000 [01:54<04:54, 77.37 examples/s]
[1ATokenizing train dataset:  24%|██▍       | 7229/30000 [01:54<04:52, 77.92 examples/s]
[1ATokenizing train dataset:  24%|██▍       | 7244/30000 [01:54<04:57, 76.49 examples/s]
[1ATokenizing train dataset:  24%|██▍       | 7252/30000 [01:54<05:11, 73.13 examples/s]
[1ATokenizing train dataset:  24%|██▍       | 7261/30000 [01:55<05:07, 73.83 examples/s]
[1ATokenizing train dataset:  24%|██▍       | 7273/30000 [01:55<04:31, 83.58 examples/s]
[1ATokenizing train dataset:  24%|██▍       | 7284/30000 [01:55<05:00, 75.52 examples/s]
[1ATokenizing train dataset:  24%|██▍       | 7296/30000 [01:55<04:38, 81.54 examples/s]
[1ATokenizing train dataset:  24%|██▍       | 7309/30000 [01:55<04:17, 88.11 examples/s]
[1ATokenizing train dataset:  24%|██▍       | 7323/30000 [01:55<04:30, 83.68 examples/s]
[1ATokenizing train dataset:  24%|██▍       | 7333/30000 [01:55<05:03, 74.79 examples/s]
[1ATokenizing train dataset:  24%|██▍       | 7344/30000 [01:56<05:14, 72.14 examples/s]
[1ATokenizing train dataset:  25%|██▍       | 7353/30000 [01:56<05:20, 70.58 examples/s]
[1ATokenizing train dataset:  25%|██▍       | 7363/30000 [01:56<05:44, 65.75 examples/s]
[1ATokenizing train dataset:  25%|██▍       | 7374/30000 [01:56<06:03, 62.19 examples/s]
[1ATokenizing train dataset:  25%|██▍       | 7386/30000 [01:56<05:21, 70.31 examples/s]
[1ATokenizing train dataset:  25%|██▍       | 7399/30000 [01:56<05:20, 70.54 examples/s]
[1ATokenizing train dataset:  25%|██▍       | 7409/30000 [01:57<05:06, 73.72 examples/s]
[1ATokenizing train dataset:  25%|██▍       | 7419/30000 [01:57<05:45, 65.42 examples/s]
[1ATokenizing train dataset:  25%|██▍       | 7431/30000 [01:57<05:48, 64.80 examples/s]
[1ATokenizing train dataset:  25%|██▍       | 7438/30000 [01:57<06:01, 62.48 examples/s]
[1ATokenizing train dataset:  25%|██▍       | 7449/30000 [01:57<05:13, 71.91 examples/s]
[1ATokenizing train dataset:  25%|██▍       | 7458/30000 [01:57<05:00, 74.92 examples/s]
[1ATokenizing train dataset:  25%|██▍       | 7472/30000 [01:57<05:03, 74.32 examples/s]
[1ATokenizing train dataset:  25%|██▍       | 7483/30000 [01:58<05:31, 67.89 examples/s]
[1ATokenizing train dataset:  25%|██▍       | 7491/30000 [01:58<05:32, 67.65 examples/s]
[1ATokenizing train dataset:  25%|██▍       | 7498/30000 [01:58<05:31, 67.84 examples/s]
[1ATokenizing train dataset:  25%|██▌       | 7507/30000 [01:58<05:35, 66.95 examples/s]
[1ATokenizing train dataset:  25%|██▌       | 7521/30000 [01:58<04:36, 81.22 examples/s]
[1ATokenizing train dataset:  25%|██▌       | 7532/30000 [01:58<04:58, 75.38 examples/s]
[1ATokenizing train dataset:  25%|██▌       | 7543/30000 [01:58<04:44, 79.00 examples/s]
[1ATokenizing train dataset:  25%|██▌       | 7553/30000 [01:59<05:12, 71.88 examples/s]
[1ATokenizing train dataset:  25%|██▌       | 7563/30000 [01:59<05:54, 63.34 examples/s]
[1ATokenizing train dataset:  25%|██▌       | 7571/30000 [01:59<05:50, 64.03 examples/s]
[1ATokenizing train dataset:  25%|██▌       | 7582/30000 [01:59<05:28, 68.20 examples/s]
[1ATokenizing train dataset:  25%|██▌       | 7590/30000 [01:59<05:33, 67.17 examples/s]
[1ATokenizing train dataset:  25%|██▌       | 7602/30000 [01:59<04:56, 75.53 examples/s]
[1ATokenizing train dataset:  25%|██▌       | 7610/30000 [01:59<05:06, 73.01 examples/s]
[1ATokenizing train dataset:  25%|██▌       | 7622/30000 [02:00<04:33, 81.90 examples/s]
[1ATokenizing train dataset:  25%|██▌       | 7635/30000 [02:00<04:46, 78.02 examples/s]
[1ATokenizing train dataset:  25%|██▌       | 7644/30000 [02:00<04:56, 75.41 examples/s]
[1ATokenizing train dataset:  26%|██▌       | 7655/30000 [02:00<05:09, 72.29 examples/s]
[1ATokenizing train dataset:  26%|██▌       | 7666/30000 [02:00<04:40, 79.65 examples/s]
[1ATokenizing train dataset:  26%|██▌       | 7678/30000 [02:00<04:20, 85.60 examples/s]
[1ATokenizing train dataset:  26%|██▌       | 7689/30000 [02:00<04:41, 79.32 examples/s]
[1ATokenizing train dataset:  26%|██▌       | 7698/30000 [02:01<05:12, 71.45 examples/s]
[1ATokenizing train dataset:  26%|██▌       | 7708/30000 [02:01<05:30, 67.41 examples/s]
[1ATokenizing train dataset:  26%|██▌       | 7716/30000 [02:01<05:24, 68.70 examples/s]
[1ATokenizing train dataset:  26%|██▌       | 7725/30000 [02:01<05:24, 68.59 examples/s]
[1ATokenizing train dataset:  26%|██▌       | 7740/30000 [02:01<04:37, 80.29 examples/s]
[1ATokenizing train dataset:  26%|██▌       | 7749/30000 [02:01<04:39, 79.74 examples/s]
[1ATokenizing train dataset:  26%|██▌       | 7765/30000 [02:02<05:05, 72.77 examples/s]
[1ATokenizing train dataset:  26%|██▌       | 7774/30000 [02:02<05:13, 70.88 examples/s]
[1ATokenizing train dataset:  26%|██▌       | 7784/30000 [02:02<05:49, 63.64 examples/s]
[1ATokenizing train dataset:  26%|██▌       | 7793/30000 [02:02<06:11, 59.82 examples/s]
[1ATokenizing train dataset:  26%|██▌       | 7806/30000 [02:02<05:42, 64.86 examples/s]
[1ATokenizing train dataset:  26%|██▌       | 7816/30000 [02:02<05:10, 71.47 examples/s]
[1ATokenizing train dataset:  26%|██▌       | 7826/30000 [02:02<05:06, 72.33 examples/s]
[1ATokenizing train dataset:  26%|██▌       | 7838/30000 [02:03<04:32, 81.31 examples/s]
[1ATokenizing train dataset:  26%|██▌       | 7849/30000 [02:03<04:59, 73.97 examples/s]
[1ATokenizing train dataset:  26%|██▌       | 7860/30000 [02:03<05:13, 70.55 examples/s]
[1ATokenizing train dataset:  26%|██▌       | 7868/30000 [02:03<05:23, 68.36 examples/s]
[1ATokenizing train dataset:  26%|██▋       | 7877/30000 [02:03<05:19, 69.24 examples/s]
[1ATokenizing train dataset:  26%|██▋       | 7887/30000 [02:03<05:03, 72.78 examples/s]
[1ATokenizing train dataset:  26%|██▋       | 7901/30000 [02:03<04:14, 86.98 examples/s]
[1ATokenizing train dataset:  26%|██▋       | 7914/30000 [02:04<05:13, 70.47 examples/s]
[1ATokenizing train dataset:  26%|██▋       | 7922/30000 [02:04<05:13, 70.47 examples/s]
[1ATokenizing train dataset:  26%|██▋       | 7930/30000 [02:04<05:09, 71.32 examples/s]
[1ATokenizing train dataset:  26%|██▋       | 7942/30000 [02:04<05:12, 70.67 examples/s]
[1ATokenizing train dataset:  27%|██▋       | 7951/30000 [02:04<05:02, 72.83 examples/s]
[1ATokenizing train dataset:  27%|██▋       | 7964/30000 [02:04<05:02, 72.82 examples/s]
[1ATokenizing train dataset:  27%|██▋       | 7976/30000 [02:04<04:36, 79.54 examples/s]
[1ATokenizing train dataset:  27%|██▋       | 7990/30000 [02:05<04:33, 80.50 examples/s]
[1ATokenizing train dataset:  27%|██▋       | 8000/30000 [02:05<08:25, 43.52 examples/s]
[1ATokenizing train dataset:  27%|██▋       | 8008/30000 [02:05<07:42, 47.58 examples/s]
[1ATokenizing train dataset:  27%|██▋       | 8017/30000 [02:05<07:27, 49.13 examples/s]
[1ATokenizing train dataset:  27%|██▋       | 8025/30000 [02:06<06:51, 53.40 examples/s]
[1ATokenizing train dataset:  27%|██▋       | 8034/30000 [02:06<06:23, 57.30 examples/s]
[1ATokenizing train dataset:  27%|██▋       | 8044/30000 [02:06<06:26, 56.85 examples/s]
[1ATokenizing train dataset:  27%|██▋       | 8053/30000 [02:06<06:00, 60.90 examples/s]
[1ATokenizing train dataset:  27%|██▋       | 8062/30000 [02:06<05:40, 64.42 examples/s]
[1ATokenizing train dataset:  27%|██▋       | 8069/30000 [02:06<05:57, 61.30 examples/s]
[1ATokenizing train dataset:  27%|██▋       | 8078/30000 [02:06<05:25, 67.42 examples/s]
[1ATokenizing train dataset:  27%|██▋       | 8087/30000 [02:06<05:54, 61.89 examples/s]
[1ATokenizing train dataset:  27%|██▋       | 8095/30000 [02:07<05:51, 62.30 examples/s]
[1ATokenizing train dataset:  27%|██▋       | 8105/30000 [02:07<06:00, 60.66 examples/s]
[1ATokenizing train dataset:  27%|██▋       | 8112/30000 [02:07<06:09, 59.19 examples/s]
[1ATokenizing train dataset:  27%|██▋       | 8128/30000 [02:07<04:29, 81.02 examples/s]
[1ATokenizing train dataset:  27%|██▋       | 8138/30000 [02:07<04:30, 80.92 examples/s]
[1ATokenizing train dataset:  27%|██▋       | 8148/30000 [02:07<04:21, 83.41 examples/s]
[1ATokenizing train dataset:  27%|██▋       | 8160/30000 [02:07<04:44, 76.63 examples/s]
[1ATokenizing train dataset:  27%|██▋       | 8172/30000 [02:08<05:09, 70.47 examples/s]
[1ATokenizing train dataset:  27%|██▋       | 8185/30000 [02:08<05:30, 66.06 examples/s]
[1ATokenizing train dataset:  27%|██▋       | 8192/30000 [02:08<05:28, 66.36 examples/s]
[1ATokenizing train dataset:  27%|██▋       | 8204/30000 [02:08<04:46, 76.01 examples/s]
[1ATokenizing train dataset:  27%|██▋       | 8214/30000 [02:08<05:20, 67.93 examples/s]
[1ATokenizing train dataset:  27%|██▋       | 8224/30000 [02:08<04:53, 74.10 examples/s]
[1ATokenizing train dataset:  27%|██▋       | 8235/30000 [02:09<05:22, 67.50 examples/s]
[1ATokenizing train dataset:  27%|██▋       | 8243/30000 [02:09<05:41, 63.74 examples/s]
[1ATokenizing train dataset:  28%|██▊       | 8250/30000 [02:09<05:55, 61.21 examples/s]
[1ATokenizing train dataset:  28%|██▊       | 8261/30000 [02:09<05:52, 61.62 examples/s]
[1ATokenizing train dataset:  28%|██▊       | 8269/30000 [02:09<05:46, 62.64 examples/s]
[1ATokenizing train dataset:  28%|██▊       | 8279/30000 [02:09<05:24, 66.87 examples/s]
[1ATokenizing train dataset:  28%|██▊       | 8291/30000 [02:09<05:30, 65.70 examples/s]
[1ATokenizing train dataset:  28%|██▊       | 8300/30000 [02:10<05:14, 69.02 examples/s]
[1ATokenizing train dataset:  28%|██▊       | 8310/30000 [02:10<05:40, 63.72 examples/s]
[1ATokenizing train dataset:  28%|██▊       | 8317/30000 [02:10<05:42, 63.27 examples/s]
[1ATokenizing train dataset:  28%|██▊       | 8326/30000 [02:10<05:15, 68.67 examples/s]
[1ATokenizing train dataset:  28%|██▊       | 8334/30000 [02:10<05:25, 66.46 examples/s]
[1ATokenizing train dataset:  28%|██▊       | 8343/30000 [02:10<05:48, 62.16 examples/s]
[1ATokenizing train dataset:  28%|██▊       | 8350/30000 [02:10<05:47, 62.21 examples/s]
[1ATokenizing train dataset:  28%|██▊       | 8359/30000 [02:10<05:20, 67.52 examples/s]
[1ATokenizing train dataset:  28%|██▊       | 8366/30000 [02:11<05:19, 67.76 examples/s]
[1ATokenizing train dataset:  28%|██▊       | 8376/30000 [02:11<04:58, 72.47 examples/s]
[1ATokenizing train dataset:  28%|██▊       | 8385/30000 [02:11<05:39, 63.74 examples/s]
[1ATokenizing train dataset:  28%|██▊       | 8393/30000 [02:11<05:36, 64.30 examples/s]
[1ATokenizing train dataset:  28%|██▊       | 8402/30000 [02:11<05:26, 66.15 examples/s]
[1ATokenizing train dataset:  28%|██▊       | 8411/30000 [02:11<05:57, 60.38 examples/s]
[1ATokenizing train dataset:  28%|██▊       | 8423/30000 [02:11<05:02, 71.21 examples/s]
[1ATokenizing train dataset:  28%|██▊       | 8435/30000 [02:12<04:29, 79.98 examples/s]
[1ATokenizing train dataset:  28%|██▊       | 8444/30000 [02:12<04:42, 76.19 examples/s]
[1ATokenizing train dataset:  28%|██▊       | 8453/30000 [02:12<04:43, 75.97 examples/s]
[1ATokenizing train dataset:  28%|██▊       | 8463/30000 [02:12<05:50, 61.52 examples/s]
[1ATokenizing train dataset:  28%|██▊       | 8472/30000 [02:12<05:56, 60.31 examples/s]
[1ATokenizing train dataset:  28%|██▊       | 8479/30000 [02:12<06:06, 58.79 examples/s]
[1ATokenizing train dataset:  28%|██▊       | 8488/30000 [02:12<06:15, 57.33 examples/s]
[1ATokenizing train dataset:  28%|██▊       | 8494/30000 [02:13<06:17, 57.03 examples/s]
[1ATokenizing train dataset:  28%|██▊       | 8508/30000 [02:13<04:47, 74.63 examples/s]
[1ATokenizing train dataset:  28%|██▊       | 8518/30000 [02:13<04:49, 74.19 examples/s]
[1ATokenizing train dataset:  28%|██▊       | 8527/30000 [02:13<04:35, 77.85 examples/s]
[1ATokenizing train dataset:  28%|██▊       | 8537/30000 [02:13<05:01, 71.21 examples/s]
[1ATokenizing train dataset:  28%|██▊       | 8548/30000 [02:13<04:45, 75.03 examples/s]
[1ATokenizing train dataset:  29%|██▊       | 8557/30000 [02:13<04:35, 77.75 examples/s]
[1ATokenizing train dataset:  29%|██▊       | 8565/30000 [02:13<04:36, 77.59 examples/s]
[1ATokenizing train dataset:  29%|██▊       | 8574/30000 [02:14<05:29, 65.10 examples/s]
[1ATokenizing train dataset:  29%|██▊       | 8588/30000 [02:14<04:26, 80.46 examples/s]
[1ATokenizing train dataset:  29%|██▊       | 8598/30000 [02:14<04:53, 72.91 examples/s]
[1ATokenizing train dataset:  29%|██▊       | 8609/30000 [02:14<04:31, 78.66 examples/s]
[1ATokenizing train dataset:  29%|██▊       | 8618/30000 [02:14<05:11, 68.74 examples/s]
[1ATokenizing train dataset:  29%|██▉       | 8628/30000 [02:14<05:26, 65.49 examples/s]
[1ATokenizing train dataset:  29%|██▉       | 8636/30000 [02:15<05:35, 63.72 examples/s]
[1ATokenizing train dataset:  29%|██▉       | 8643/30000 [02:15<05:35, 63.65 examples/s]
[1ATokenizing train dataset:  29%|██▉       | 8652/30000 [02:15<05:08, 69.29 examples/s]
[1ATokenizing train dataset:  29%|██▉       | 8668/30000 [02:15<04:08, 85.95 examples/s]
[1ATokenizing train dataset:  29%|██▉       | 8677/30000 [02:15<05:00, 70.94 examples/s]
[1ATokenizing train dataset:  29%|██▉       | 8685/30000 [02:15<05:01, 70.75 examples/s]
[1ATokenizing train dataset:  29%|██▉       | 8694/30000 [02:15<04:56, 71.89 examples/s]
[1ATokenizing train dataset:  29%|██▉       | 8704/30000 [02:15<05:25, 65.34 examples/s]
[1ATokenizing train dataset:  29%|██▉       | 8712/30000 [02:16<05:23, 65.81 examples/s]
[1ATokenizing train dataset:  29%|██▉       | 8721/30000 [02:16<05:29, 64.68 examples/s]
[1ATokenizing train dataset:  29%|██▉       | 8733/30000 [02:16<04:51, 72.84 examples/s]
[1ATokenizing train dataset:  29%|██▉       | 8742/30000 [02:16<05:02, 70.32 examples/s]
[1ATokenizing train dataset:  29%|██▉       | 8752/30000 [02:16<05:38, 62.81 examples/s]
[1ATokenizing train dataset:  29%|██▉       | 8760/30000 [02:16<05:26, 65.12 examples/s]
[1ATokenizing train dataset:  29%|██▉       | 8768/30000 [02:16<06:07, 57.78 examples/s]
[1ATokenizing train dataset:  29%|██▉       | 8777/30000 [02:17<05:58, 59.20 examples/s]
[1ATokenizing train dataset:  29%|██▉       | 8785/30000 [02:17<05:54, 59.88 examples/s]
[1ATokenizing train dataset:  29%|██▉       | 8794/30000 [02:17<05:34, 63.49 examples/s]
[1ATokenizing train dataset:  29%|██▉       | 8801/30000 [02:17<05:40, 62.29 examples/s]
[1ATokenizing train dataset:  29%|██▉       | 8813/30000 [02:17<04:44, 74.53 examples/s]
[1ATokenizing train dataset:  29%|██▉       | 8822/30000 [02:17<05:29, 64.26 examples/s]
[1ATokenizing train dataset:  29%|██▉       | 8832/30000 [02:17<05:10, 68.26 examples/s]
[1ATokenizing train dataset:  29%|██▉       | 8843/30000 [02:18<05:14, 67.23 examples/s]
[1ATokenizing train dataset:  30%|██▉       | 8853/30000 [02:18<04:51, 72.65 examples/s]
[1ATokenizing train dataset:  30%|██▉       | 8864/30000 [02:18<05:01, 70.10 examples/s]
[1ATokenizing train dataset:  30%|██▉       | 8877/30000 [02:18<04:20, 80.96 examples/s]
[1ATokenizing train dataset:  30%|██▉       | 8889/30000 [02:18<04:00, 87.83 examples/s]
[1ATokenizing train dataset:  30%|██▉       | 8901/30000 [02:18<04:43, 74.50 examples/s]
[1ATokenizing train dataset:  30%|██▉       | 8910/30000 [02:18<05:09, 68.08 examples/s]
[1ATokenizing train dataset:  30%|██▉       | 8918/30000 [02:19<05:15, 66.90 examples/s]
[1ATokenizing train dataset:  30%|██▉       | 8927/30000 [02:19<05:29, 63.87 examples/s]
[1ATokenizing train dataset:  30%|██▉       | 8936/30000 [02:19<05:14, 66.99 examples/s]
[1ATokenizing train dataset:  30%|██▉       | 8943/30000 [02:19<05:33, 63.22 examples/s]
[1ATokenizing train dataset:  30%|██▉       | 8955/30000 [02:19<04:50, 72.44 examples/s]
[1ATokenizing train dataset:  30%|██▉       | 8966/30000 [02:19<04:36, 75.95 examples/s]
[1ATokenizing train dataset:  30%|██▉       | 8977/30000 [02:19<05:09, 68.02 examples/s]
[1ATokenizing train dataset:  30%|██▉       | 8985/30000 [02:20<05:11, 67.39 examples/s]
[1ATokenizing train dataset:  30%|██▉       | 8992/30000 [02:20<05:15, 66.66 examples/s]
[1ATokenizing train dataset:  30%|███       | 9000/30000 [02:20<11:16, 31.02 examples/s]
[1ATokenizing train dataset:  30%|███       | 9006/30000 [02:20<10:29, 33.33 examples/s]
[1ATokenizing train dataset:  30%|███       | 9013/30000 [02:21<09:22, 37.32 examples/s]
[1ATokenizing train dataset:  30%|███       | 9021/30000 [02:21<08:04, 43.28 examples/s]
[1ATokenizing train dataset:  30%|███       | 9031/30000 [02:21<06:35, 53.05 examples/s]
[1ATokenizing train dataset:  30%|███       | 9039/30000 [02:21<06:04, 57.47 examples/s]
[1ATokenizing train dataset:  30%|███       | 9046/30000 [02:21<05:49, 59.94 examples/s]
[1ATokenizing train dataset:  30%|███       | 9054/30000 [02:21<06:31, 53.46 examples/s]
[1ATokenizing train dataset:  30%|███       | 9062/30000 [02:21<05:58, 58.37 examples/s]
[1ATokenizing train dataset:  30%|███       | 9071/30000 [02:21<05:39, 61.71 examples/s]
[1ATokenizing train dataset:  30%|███       | 9080/30000 [02:22<06:10, 56.49 examples/s]
[1ATokenizing train dataset:  30%|███       | 9088/30000 [02:22<06:03, 57.48 examples/s]
[1ATokenizing train dataset:  30%|███       | 9097/30000 [02:22<07:29, 46.49 examples/s]
[1ATokenizing train dataset:  30%|███       | 9104/30000 [02:22<07:12, 48.31 examples/s]
[1ATokenizing train dataset:  30%|███       | 9113/30000 [02:22<06:21, 54.71 examples/s]
[1ATokenizing train dataset:  30%|███       | 9121/30000 [02:22<06:05, 57.07 examples/s]
[1ATokenizing train dataset:  30%|███       | 9131/30000 [02:23<06:11, 56.21 examples/s]
[1ATokenizing train dataset:  30%|███       | 9142/30000 [02:23<05:23, 64.50 examples/s]
[1ATokenizing train dataset:  31%|███       | 9151/30000 [02:23<05:10, 67.10 examples/s]
[1ATokenizing train dataset:  31%|███       | 9158/30000 [02:23<05:35, 62.21 examples/s]
[1ATokenizing train dataset:  31%|███       | 9166/30000 [02:23<05:22, 64.61 examples/s]
[1ATokenizing train dataset:  31%|███       | 9175/30000 [02:23<05:06, 67.97 examples/s]
[1ATokenizing train dataset:  31%|███       | 9187/30000 [02:23<04:27, 77.72 examples/s]
[1ATokenizing train dataset:  31%|███       | 9199/30000 [02:23<03:59, 86.67 examples/s]
[1ATokenizing train dataset:  31%|███       | 9214/30000 [02:24<04:10, 83.01 examples/s]
[1ATokenizing train dataset:  31%|███       | 9224/30000 [02:24<04:43, 73.16 examples/s]
[1ATokenizing train dataset:  31%|███       | 9238/30000 [02:24<04:38, 74.68 examples/s]
[1ATokenizing train dataset:  31%|███       | 9247/30000 [02:24<05:14, 66.01 examples/s]
[1ATokenizing train dataset:  31%|███       | 9258/30000 [02:24<04:42, 73.43 examples/s]
[1ATokenizing train dataset:  31%|███       | 9268/30000 [02:24<04:30, 76.75 examples/s]
[1ATokenizing train dataset:  31%|███       | 9282/30000 [02:25<04:38, 74.36 examples/s]
[1ATokenizing train dataset:  31%|███       | 9290/30000 [02:25<04:47, 71.99 examples/s]
[1ATokenizing train dataset:  31%|███       | 9302/30000 [02:25<05:03, 68.11 examples/s]
[1ATokenizing train dataset:  31%|███       | 9311/30000 [02:25<04:59, 69.11 examples/s]
[1ATokenizing train dataset:  31%|███       | 9321/30000 [02:25<04:41, 73.47 examples/s]
[1ATokenizing train dataset:  31%|███       | 9330/30000 [02:25<04:38, 74.30 examples/s]
[1ATokenizing train dataset:  31%|███       | 9341/30000 [02:25<04:17, 80.12 examples/s]
[1ATokenizing train dataset:  31%|███       | 9350/30000 [02:26<04:50, 71.05 examples/s]
[1ATokenizing train dataset:  31%|███       | 9360/30000 [02:26<05:18, 64.75 examples/s]
[1ATokenizing train dataset:  31%|███       | 9367/30000 [02:26<05:26, 63.23 examples/s]
[1ATokenizing train dataset:  31%|███▏      | 9375/30000 [02:26<05:39, 60.82 examples/s]
[1ATokenizing train dataset:  31%|███▏      | 9385/30000 [02:26<05:15, 65.41 examples/s]
[1ATokenizing train dataset:  31%|███▏      | 9392/30000 [02:26<05:28, 62.75 examples/s]
[1ATokenizing train dataset:  31%|███▏      | 9399/30000 [02:26<05:50, 58.82 examples/s]
[1ATokenizing train dataset:  31%|███▏      | 9409/30000 [02:27<05:52, 58.44 examples/s]
[1ATokenizing train dataset:  31%|███▏      | 9418/30000 [02:27<05:15, 65.18 examples/s]
[1ATokenizing train dataset:  31%|███▏      | 9425/30000 [02:27<05:22, 63.73 examples/s]
[1ATokenizing train dataset:  31%|███▏      | 9433/30000 [02:27<05:56, 57.68 examples/s]
[1ATokenizing train dataset:  31%|███▏      | 9442/30000 [02:27<05:20, 64.07 examples/s]
[1ATokenizing train dataset:  31%|███▏      | 9449/30000 [02:27<05:27, 62.72 examples/s]
[1ATokenizing train dataset:  32%|███▏      | 9459/30000 [02:27<05:10, 66.26 examples/s]
[1ATokenizing train dataset:  32%|███▏      | 9470/30000 [02:28<05:42, 59.92 examples/s]
[1ATokenizing train dataset:  32%|███▏      | 9477/30000 [02:28<05:33, 61.52 examples/s]
[1ATokenizing train dataset:  32%|███▏      | 9487/30000 [02:28<05:14, 65.25 examples/s]
[1ATokenizing train dataset:  32%|███▏      | 9503/30000 [02:28<03:56, 86.54 examples/s]
[1ATokenizing train dataset:  32%|███▏      | 9516/30000 [02:28<04:04, 83.72 examples/s]
[1ATokenizing train dataset:  32%|███▏      | 9531/30000 [02:28<03:59, 85.38 examples/s]
[1ATokenizing train dataset:  32%|███▏      | 9542/30000 [02:28<03:57, 86.14 examples/s]
[1ATokenizing train dataset:  32%|███▏      | 9553/30000 [02:29<04:25, 77.07 examples/s]
[1ATokenizing train dataset:  32%|███▏      | 9565/30000 [02:29<04:41, 72.48 examples/s]
[1ATokenizing train dataset:  32%|███▏      | 9576/30000 [02:29<04:23, 77.49 examples/s]
[1ATokenizing train dataset:  32%|███▏      | 9589/30000 [02:29<04:27, 76.37 examples/s]
[1ATokenizing train dataset:  32%|███▏      | 9600/30000 [02:29<04:13, 80.40 examples/s]
[1ATokenizing train dataset:  32%|███▏      | 9611/30000 [02:29<04:26, 76.57 examples/s]
[1ATokenizing train dataset:  32%|███▏      | 9622/30000 [02:29<04:46, 71.05 examples/s]
[1ATokenizing train dataset:  32%|███▏      | 9632/30000 [02:30<04:42, 72.10 examples/s]
[1ATokenizing train dataset:  32%|███▏      | 9640/30000 [02:30<05:00, 67.79 examples/s]
[1ATokenizing train dataset:  32%|███▏      | 9653/30000 [02:30<04:21, 77.79 examples/s]
[1ATokenizing train dataset:  32%|███▏      | 9661/30000 [02:30<04:53, 69.22 examples/s]
[1ATokenizing train dataset:  32%|███▏      | 9671/30000 [02:30<04:29, 75.48 examples/s]
[1ATokenizing train dataset:  32%|███▏      | 9679/30000 [02:30<04:56, 68.60 examples/s]
[1ATokenizing train dataset:  32%|███▏      | 9687/30000 [02:30<04:49, 70.21 examples/s]
[1ATokenizing train dataset:  32%|███▏      | 9695/30000 [02:30<05:01, 67.42 examples/s]
[1ATokenizing train dataset:  32%|███▏      | 9703/30000 [02:31<04:58, 67.96 examples/s]
[1ATokenizing train dataset:  32%|███▏      | 9715/30000 [02:31<04:22, 77.22 examples/s]
[1ATokenizing train dataset:  32%|███▏      | 9726/30000 [02:31<04:16, 78.93 examples/s]
[1ATokenizing train dataset:  32%|███▏      | 9737/30000 [02:31<04:03, 83.18 examples/s]
[1ATokenizing train dataset:  32%|███▏      | 9746/30000 [02:31<04:18, 78.50 examples/s]
[1ATokenizing train dataset:  33%|███▎      | 9755/30000 [02:31<05:37, 59.98 examples/s]
[1ATokenizing train dataset:  33%|███▎      | 9767/30000 [02:31<04:55, 68.42 examples/s]
[1ATokenizing train dataset:  33%|███▎      | 9775/30000 [02:32<04:54, 68.71 examples/s]
[1ATokenizing train dataset:  33%|███▎      | 9786/30000 [02:32<04:55, 68.51 examples/s]
[1ATokenizing train dataset:  33%|███▎      | 9796/30000 [02:32<04:42, 71.63 examples/s]
[1ATokenizing train dataset:  33%|███▎      | 9805/30000 [02:32<04:55, 68.40 examples/s]
[1ATokenizing train dataset:  33%|███▎      | 9816/30000 [02:32<04:59, 67.31 examples/s]
[1ATokenizing train dataset:  33%|███▎      | 9824/30000 [02:32<05:11, 64.67 examples/s]
[1ATokenizing train dataset:  33%|███▎      | 9831/30000 [02:32<05:13, 64.26 examples/s]
[1ATokenizing train dataset:  33%|███▎      | 9840/30000 [02:33<05:41, 58.99 examples/s]
[1ATokenizing train dataset:  33%|███▎      | 9851/30000 [02:33<05:52, 57.22 examples/s]
[1ATokenizing train dataset:  33%|███▎      | 9860/30000 [02:33<05:42, 58.88 examples/s]
[1ATokenizing train dataset:  33%|███▎      | 9873/30000 [02:33<04:54, 68.45 examples/s]
[1ATokenizing train dataset:  33%|███▎      | 9883/30000 [02:33<05:03, 66.29 examples/s]
[1ATokenizing train dataset:  33%|███▎      | 9893/30000 [02:33<04:36, 72.62 examples/s]
[1ATokenizing train dataset:  33%|███▎      | 9903/30000 [02:34<05:12, 64.39 examples/s]
[1ATokenizing train dataset:  33%|███▎      | 9910/30000 [02:34<06:07, 54.74 examples/s]
[1ATokenizing train dataset:  33%|███▎      | 9918/30000 [02:34<06:30, 51.44 examples/s]
[1ATokenizing train dataset:  33%|███▎      | 9926/30000 [02:34<05:59, 55.89 examples/s]
[1ATokenizing train dataset:  33%|███▎      | 9935/30000 [02:34<06:11, 53.94 examples/s]
[1ATokenizing train dataset:  33%|███▎      | 9949/30000 [02:34<04:47, 69.70 examples/s]
[1ATokenizing train dataset:  33%|███▎      | 9959/30000 [02:35<05:17, 63.17 examples/s]
[1ATokenizing train dataset:  33%|███▎      | 9968/30000 [02:35<04:57, 67.26 examples/s]
[1ATokenizing train dataset:  33%|███▎      | 9977/30000 [02:35<05:16, 63.21 examples/s]
[1ATokenizing train dataset:  33%|███▎      | 9985/30000 [02:35<05:17, 63.02 examples/s]
[1ATokenizing train dataset:  33%|███▎      | 9995/30000 [02:35<04:55, 67.68 examples/s]
[1ATokenizing train dataset:  33%|███▎      | 10004/30000 [02:36<09:39, 34.53 examples/s]
[1ATokenizing train dataset:  33%|███▎      | 10011/30000 [02:36<08:30, 39.18 examples/s]
[1ATokenizing train dataset:  33%|███▎      | 10017/30000 [02:36<08:05, 41.12 examples/s]
[1ATokenizing train dataset:  33%|███▎      | 10025/30000 [02:36<07:05, 46.91 examples/s]
[1ATokenizing train dataset:  33%|███▎      | 10033/30000 [02:36<06:18, 52.70 examples/s]
[1ATokenizing train dataset:  33%|███▎      | 10042/30000 [02:36<06:37, 50.24 examples/s]
[1ATokenizing train dataset:  34%|███▎      | 10053/30000 [02:36<05:31, 60.22 examples/s]
[1ATokenizing train dataset:  34%|███▎      | 10064/30000 [02:37<05:34, 59.68 examples/s]
[1ATokenizing train dataset:  34%|███▎      | 10072/30000 [02:37<05:29, 60.45 examples/s]
[1ATokenizing train dataset:  34%|███▎      | 10082/30000 [02:37<05:30, 60.25 examples/s]
[1ATokenizing train dataset:  34%|███▎      | 10089/30000 [02:37<05:41, 58.23 examples/s]
[1ATokenizing train dataset:  34%|███▎      | 10100/30000 [02:37<05:03, 65.55 examples/s]
[1ATokenizing train dataset:  34%|███▎      | 10110/30000 [02:37<04:35, 72.32 examples/s]
[1ATokenizing train dataset:  34%|███▎      | 10120/30000 [02:37<04:18, 76.81 examples/s]
[1ATokenizing train dataset:  34%|███▍      | 10131/30000 [02:38<04:38, 71.36 examples/s]
[1ATokenizing train dataset:  34%|███▍      | 10143/30000 [02:38<05:02, 65.58 examples/s]
[1ATokenizing train dataset:  34%|███▍      | 10151/30000 [02:38<04:55, 67.10 examples/s]
[1ATokenizing train dataset:  34%|███▍      | 10160/30000 [02:38<05:21, 61.79 examples/s]
[1ATokenizing train dataset:  34%|███▍      | 10169/30000 [02:38<04:55, 67.18 examples/s]
[1ATokenizing train dataset:  34%|███▍      | 10184/30000 [02:38<04:01, 81.92 examples/s]
[1ATokenizing train dataset:  34%|███▍      | 10198/30000 [02:39<04:30, 73.11 examples/s]
[1ATokenizing train dataset:  34%|███▍      | 10208/30000 [02:39<04:19, 76.25 examples/s]
[1ATokenizing train dataset:  34%|███▍      | 10217/30000 [02:39<05:07, 64.41 examples/s]
[1ATokenizing train dataset:  34%|███▍      | 10225/30000 [02:39<05:01, 65.61 examples/s]
[1ATokenizing train dataset:  34%|███▍      | 10233/30000 [02:39<05:04, 64.94 examples/s]
[1ATokenizing train dataset:  34%|███▍      | 10240/30000 [02:39<05:23, 61.07 examples/s]
[1ATokenizing train dataset:  34%|███▍      | 10251/30000 [02:39<04:54, 67.12 examples/s]
[1ATokenizing train dataset:  34%|███▍      | 10261/30000 [02:39<04:32, 72.45 examples/s]
[1ATokenizing train dataset:  34%|███▍      | 10271/30000 [02:40<05:15, 62.54 examples/s]
[1ATokenizing train dataset:  34%|███▍      | 10280/30000 [02:40<05:02, 65.13 examples/s]
[1ATokenizing train dataset:  34%|███▍      | 10287/30000 [02:40<05:58, 55.03 examples/s]
[1ATokenizing train dataset:  34%|███▍      | 10295/30000 [02:40<05:33, 59.00 examples/s]
[1ATokenizing train dataset:  34%|███▍      | 10302/30000 [02:40<05:55, 55.34 examples/s]
[1ATokenizing train dataset:  34%|███▍      | 10310/30000 [02:40<05:42, 57.53 examples/s]
[1ATokenizing train dataset:  34%|███▍      | 10316/30000 [02:41<06:11, 52.93 examples/s]
[1ATokenizing train dataset:  34%|███▍      | 10322/30000 [02:41<06:16, 52.25 examples/s]
[1ATokenizing train dataset:  34%|███▍      | 10334/30000 [02:41<04:53, 66.94 examples/s]
[1ATokenizing train dataset:  34%|███▍      | 10341/30000 [02:41<05:42, 57.43 examples/s]
[1ATokenizing train dataset:  35%|███▍      | 10351/30000 [02:41<05:03, 64.79 examples/s]
[1ATokenizing train dataset:  35%|███▍      | 10361/30000 [02:41<05:29, 59.62 examples/s]
[1ATokenizing train dataset:  35%|███▍      | 10368/30000 [02:41<05:32, 59.04 examples/s]
[1ATokenizing train dataset:  35%|███▍      | 10377/30000 [02:41<05:16, 61.92 examples/s]
[1ATokenizing train dataset:  35%|███▍      | 10384/30000 [02:42<05:15, 62.09 examples/s]
[1ATokenizing train dataset:  35%|███▍      | 10392/30000 [02:42<05:01, 64.94 examples/s]
[1ATokenizing train dataset:  35%|███▍      | 10401/30000 [02:42<05:22, 60.79 examples/s]
[1ATokenizing train dataset:  35%|███▍      | 10411/30000 [02:42<04:48, 67.84 examples/s]
[1ATokenizing train dataset:  35%|███▍      | 10419/30000 [02:42<04:46, 68.39 examples/s]
[1ATokenizing train dataset:  35%|███▍      | 10429/30000 [02:42<04:26, 73.52 examples/s]
[1ATokenizing train dataset:  35%|███▍      | 10439/30000 [02:42<04:13, 77.09 examples/s]
[1ATokenizing train dataset:  35%|███▍      | 10448/30000 [02:42<04:13, 77.13 examples/s]
[1ATokenizing train dataset:  35%|███▍      | 10456/30000 [02:43<05:06, 63.86 examples/s]
[1ATokenizing train dataset:  35%|███▍      | 10468/30000 [02:43<05:04, 64.11 examples/s]
[1ATokenizing train dataset:  35%|███▍      | 10476/30000 [02:43<05:30, 59.06 examples/s]
[1ATokenizing train dataset:  35%|███▍      | 10488/30000 [02:43<04:47, 67.94 examples/s]
[1ATokenizing train dataset:  35%|███▍      | 10497/30000 [02:43<05:31, 58.84 examples/s]
[1ATokenizing train dataset:  35%|███▌      | 10507/30000 [02:43<04:57, 65.47 examples/s]
[1ATokenizing train dataset:  35%|███▌      | 10517/30000 [02:44<05:09, 62.89 examples/s]
[1ATokenizing train dataset:  35%|███▌      | 10524/30000 [02:44<05:09, 62.87 examples/s]
[1ATokenizing train dataset:  35%|███▌      | 10533/30000 [02:44<05:35, 57.98 examples/s]
[1ATokenizing train dataset:  35%|███▌      | 10541/30000 [02:44<05:25, 59.84 examples/s]
[1ATokenizing train dataset:  35%|███▌      | 10551/30000 [02:44<05:24, 59.86 examples/s]
[1ATokenizing train dataset:  35%|███▌      | 10558/30000 [02:44<05:28, 59.26 examples/s]
[1ATokenizing train dataset:  35%|███▌      | 10568/30000 [02:44<04:47, 67.53 examples/s]
[1ATokenizing train dataset:  35%|███▌      | 10576/30000 [02:45<05:10, 62.58 examples/s]
[1ATokenizing train dataset:  35%|███▌      | 10584/30000 [02:45<05:09, 62.82 examples/s]
[1ATokenizing train dataset:  35%|███▌      | 10594/30000 [02:45<05:23, 59.93 examples/s]
[1ATokenizing train dataset:  35%|███▌      | 10603/30000 [02:45<05:10, 62.49 examples/s]
[1ATokenizing train dataset:  35%|███▌      | 10610/30000 [02:45<05:09, 62.55 examples/s]
[1ATokenizing train dataset:  35%|███▌      | 10618/30000 [02:45<04:53, 66.06 examples/s]
[1ATokenizing train dataset:  35%|███▌      | 10625/30000 [02:45<04:58, 64.98 examples/s]
[1ATokenizing train dataset:  35%|███▌      | 10637/30000 [02:45<04:06, 78.51 examples/s]
[1ATokenizing train dataset:  36%|███▌      | 10650/30000 [02:46<04:17, 75.21 examples/s]
[1ATokenizing train dataset:  36%|███▌      | 10663/30000 [02:46<04:25, 72.86 examples/s]
[1ATokenizing train dataset:  36%|███▌      | 10673/30000 [02:46<04:54, 65.54 examples/s]
[1ATokenizing train dataset:  36%|███▌      | 10682/30000 [02:46<05:39, 56.87 examples/s]
[1ATokenizing train dataset:  36%|███▌      | 10689/30000 [02:46<05:36, 57.33 examples/s]
[1ATokenizing train dataset:  36%|███▌      | 10695/30000 [02:46<05:59, 53.68 examples/s]
[1ATokenizing train dataset:  36%|███▌      | 10703/30000 [02:47<06:07, 52.47 examples/s]
[1ATokenizing train dataset:  36%|███▌      | 10711/30000 [02:47<05:37, 57.09 examples/s]
[1ATokenizing train dataset:  36%|███▌      | 10724/30000 [02:47<04:36, 69.72 examples/s]
[1ATokenizing train dataset:  36%|███▌      | 10732/30000 [02:47<05:12, 61.67 examples/s]
[1ATokenizing train dataset:  36%|███▌      | 10740/30000 [02:47<06:04, 52.81 examples/s]
[1ATokenizing train dataset:  36%|███▌      | 10751/30000 [02:47<05:20, 60.09 examples/s]
[1ATokenizing train dataset:  36%|███▌      | 10758/30000 [02:48<05:56, 53.94 examples/s]
[1ATokenizing train dataset:  36%|███▌      | 10766/30000 [02:48<06:03, 52.96 examples/s]
[1ATokenizing train dataset:  36%|███▌      | 10773/30000 [02:48<06:00, 53.27 examples/s]
[1ATokenizing train dataset:  36%|███▌      | 10783/30000 [02:48<05:58, 53.56 examples/s]
[1ATokenizing train dataset:  36%|███▌      | 10789/30000 [02:48<07:06, 45.09 examples/s]
[1ATokenizing train dataset:  36%|███▌      | 10800/30000 [02:48<05:48, 55.04 examples/s]
[1ATokenizing train dataset:  36%|███▌      | 10811/30000 [02:48<05:02, 63.52 examples/s]
[1ATokenizing train dataset:  36%|███▌      | 10819/30000 [02:49<05:30, 58.12 examples/s]
[1ATokenizing train dataset:  36%|███▌      | 10826/30000 [02:49<05:27, 58.51 examples/s]
[1ATokenizing train dataset:  36%|███▌      | 10834/30000 [02:49<05:08, 62.09 examples/s]
[1ATokenizing train dataset:  36%|███▌      | 10842/30000 [02:49<04:55, 64.84 examples/s]
[1ATokenizing train dataset:  36%|███▌      | 10849/30000 [02:49<05:05, 62.69 examples/s]
[1ATokenizing train dataset:  36%|███▌      | 10858/30000 [02:49<05:38, 56.51 examples/s]
[1ATokenizing train dataset:  36%|███▌      | 10864/30000 [02:49<05:41, 55.97 examples/s]
[1ATokenizing train dataset:  36%|███▋      | 10875/30000 [02:50<04:52, 65.38 examples/s]
[1ATokenizing train dataset:  36%|███▋      | 10885/30000 [02:50<04:27, 71.53 examples/s]
[1ATokenizing train dataset:  36%|███▋      | 10894/30000 [02:50<04:52, 65.29 examples/s]
[1ATokenizing train dataset:  36%|███▋      | 10906/30000 [02:50<04:14, 74.93 examples/s]
[1ATokenizing train dataset:  36%|███▋      | 10915/30000 [02:50<04:15, 74.64 examples/s]
[1ATokenizing train dataset:  36%|███▋      | 10923/30000 [02:50<04:31, 70.27 examples/s]
[1ATokenizing train dataset:  36%|███▋      | 10933/30000 [02:50<04:51, 65.38 examples/s]
[1ATokenizing train dataset:  36%|███▋      | 10941/30000 [02:50<04:47, 66.23 examples/s]
[1ATokenizing train dataset:  37%|███▋      | 10951/30000 [02:51<04:51, 65.30 examples/s]
[1ATokenizing train dataset:  37%|███▋      | 10960/30000 [02:51<04:34, 69.37 examples/s]
[1ATokenizing train dataset:  37%|███▋      | 10968/30000 [02:51<04:39, 68.08 examples/s]
[1ATokenizing train dataset:  37%|███▋      | 10978/30000 [02:51<04:25, 71.73 examples/s]
[1ATokenizing train dataset:  37%|███▋      | 10988/30000 [02:51<04:40, 67.84 examples/s]
[1ATokenizing train dataset:  37%|███▋      | 10997/30000 [02:51<05:31, 57.24 examples/s]
[1ATokenizing train dataset:  37%|███▋      | 11004/30000 [02:52<11:07, 28.45 examples/s]
[1ATokenizing train dataset:  37%|███▋      | 11010/30000 [02:52<09:48, 32.25 examples/s]
[1ATokenizing train dataset:  37%|███▋      | 11018/30000 [02:52<08:11, 38.66 examples/s]
[1ATokenizing train dataset:  37%|███▋      | 11028/30000 [02:52<06:30, 48.63 examples/s]
[1ATokenizing train dataset:  37%|███▋      | 11037/30000 [02:52<05:43, 55.21 examples/s]
[1ATokenizing train dataset:  37%|███▋      | 11049/30000 [02:53<05:22, 58.83 examples/s]
[1ATokenizing train dataset:  37%|███▋      | 11058/30000 [02:53<05:36, 56.27 examples/s]
[1ATokenizing train dataset:  37%|███▋      | 11065/30000 [02:53<05:38, 55.88 examples/s]
[1ATokenizing train dataset:  37%|███▋      | 11072/30000 [02:53<05:30, 57.22 examples/s]
[1ATokenizing train dataset:  37%|███▋      | 11079/30000 [02:53<05:30, 57.24 examples/s]
[1ATokenizing train dataset:  37%|███▋      | 11088/30000 [02:53<05:11, 60.69 examples/s]
[1ATokenizing train dataset:  37%|███▋      | 11103/30000 [02:53<03:50, 82.10 examples/s]
[1ATokenizing train dataset:  37%|███▋      | 11112/30000 [02:54<04:10, 75.36 examples/s]
[1ATokenizing train dataset:  37%|███▋      | 11122/30000 [02:54<03:54, 80.46 examples/s]
[1ATokenizing train dataset:  37%|███▋      | 11131/30000 [02:54<04:33, 69.00 examples/s]
[1ATokenizing train dataset:  37%|███▋      | 11141/30000 [02:54<05:01, 62.49 examples/s]
[1ATokenizing train dataset:  37%|███▋      | 11151/30000 [02:54<04:50, 64.99 examples/s]
[1ATokenizing train dataset:  37%|███▋      | 11158/30000 [02:54<05:01, 62.54 examples/s]
[1ATokenizing train dataset:  37%|███▋      | 11170/30000 [02:54<04:09, 75.43 examples/s]
[1ATokenizing train dataset:  37%|███▋      | 11179/30000 [02:55<04:51, 64.65 examples/s]
[1ATokenizing train dataset:  37%|███▋      | 11188/30000 [02:55<04:30, 69.55 examples/s]
[1ATokenizing train dataset:  37%|███▋      | 11197/30000 [02:55<04:56, 63.46 examples/s]
[1ATokenizing train dataset:  37%|███▋      | 11204/30000 [02:55<04:59, 62.75 examples/s]
[1ATokenizing train dataset:  37%|███▋      | 11212/30000 [02:55<05:35, 56.08 examples/s]
[1ATokenizing train dataset:  37%|███▋      | 11219/30000 [02:55<06:03, 51.62 examples/s]
[1ATokenizing train dataset:  37%|███▋      | 11226/30000 [02:55<05:56, 52.62 examples/s]
[1ATokenizing train dataset:  37%|███▋      | 11236/30000 [02:56<05:09, 60.71 examples/s]
[1ATokenizing train dataset:  38%|███▊      | 11250/30000 [02:56<04:07, 75.64 examples/s]
[1ATokenizing train dataset:  38%|███▊      | 11258/30000 [02:56<04:27, 70.18 examples/s]
[1ATokenizing train dataset:  38%|███▊      | 11272/30000 [02:56<04:16, 73.08 examples/s]
[1ATokenizing train dataset:  38%|███▊      | 11280/30000 [02:56<04:18, 72.37 examples/s]
[1ATokenizing train dataset:  38%|███▊      | 11288/30000 [02:56<04:17, 72.74 examples/s]
[1ATokenizing train dataset:  38%|███▊      | 11296/30000 [02:56<04:23, 70.98 examples/s]
[1ATokenizing train dataset:  38%|███▊      | 11305/30000 [02:56<04:12, 74.12 examples/s]
[1ATokenizing train dataset:  38%|███▊      | 11313/30000 [02:57<04:27, 69.80 examples/s]
[1ATokenizing train dataset:  38%|███▊      | 11324/30000 [02:57<04:28, 69.60 examples/s]
[1ATokenizing train dataset:  38%|███▊      | 11335/30000 [02:57<04:14, 73.45 examples/s]
[1ATokenizing train dataset:  38%|███▊      | 11344/30000 [02:57<04:44, 65.65 examples/s]
[1ATokenizing train dataset:  38%|███▊      | 11356/30000 [02:57<04:28, 69.54 examples/s]
[1ATokenizing train dataset:  38%|███▊      | 11366/30000 [02:57<04:42, 65.97 examples/s]
[1ATokenizing train dataset:  38%|███▊      | 11374/30000 [02:57<04:39, 66.68 examples/s]
[1ATokenizing train dataset:  38%|███▊      | 11382/30000 [02:58<05:05, 60.95 examples/s]
[1ATokenizing train dataset:  38%|███▊      | 11390/30000 [02:58<04:57, 62.51 examples/s]
[1ATokenizing train dataset:  38%|███▊      | 11402/30000 [02:58<04:21, 70.99 examples/s]
[1ATokenizing train dataset:  38%|███▊      | 11411/30000 [02:58<04:19, 71.67 examples/s]
[1ATokenizing train dataset:  38%|███▊      | 11420/30000 [02:58<05:14, 59.07 examples/s]
[1ATokenizing train dataset:  38%|███▊      | 11432/30000 [02:58<04:59, 62.10 examples/s]
[1ATokenizing train dataset:  38%|███▊      | 11441/30000 [02:59<04:55, 62.84 examples/s]
[1ATokenizing train dataset:  38%|███▊      | 11453/30000 [02:59<04:14, 72.77 examples/s]
[1ATokenizing train dataset:  38%|███▊      | 11461/30000 [02:59<04:22, 70.56 examples/s]
[1ATokenizing train dataset:  38%|███▊      | 11473/30000 [02:59<04:36, 66.93 examples/s]
[1ATokenizing train dataset:  38%|███▊      | 11481/30000 [02:59<04:36, 66.90 examples/s]
[1ATokenizing train dataset:  38%|███▊      | 11495/30000 [02:59<03:52, 79.73 examples/s]
[1ATokenizing train dataset:  38%|███▊      | 11504/30000 [02:59<04:27, 69.27 examples/s]
[1ATokenizing train dataset:  38%|███▊      | 11518/30000 [03:00<04:09, 74.13 examples/s]
[1ATokenizing train dataset:  38%|███▊      | 11526/30000 [03:00<04:16, 71.92 examples/s]
[1ATokenizing train dataset:  38%|███▊      | 11534/30000 [03:00<04:49, 63.83 examples/s]
[1ATokenizing train dataset:  38%|███▊      | 11543/30000 [03:00<05:19, 57.73 examples/s]
[1ATokenizing train dataset:  39%|███▊      | 11555/30000 [03:00<05:19, 57.73 examples/s]
[1ATokenizing train dataset:  39%|███▊      | 11566/30000 [03:00<04:46, 64.44 examples/s]
[1ATokenizing train dataset:  39%|███▊      | 11580/30000 [03:01<04:43, 65.01 examples/s]
[1ATokenizing train dataset:  39%|███▊      | 11588/30000 [03:01<04:46, 64.25 examples/s]
[1ATokenizing train dataset:  39%|███▊      | 11597/30000 [03:01<05:04, 60.48 examples/s]
[1ATokenizing train dataset:  39%|███▊      | 11604/30000 [03:01<05:00, 61.18 examples/s]
[1ATokenizing train dataset:  39%|███▊      | 11612/30000 [03:01<04:54, 62.45 examples/s]
[1ATokenizing train dataset:  39%|███▊      | 11622/30000 [03:01<04:29, 68.17 examples/s]
[1ATokenizing train dataset:  39%|███▉      | 11633/30000 [03:01<03:56, 77.64 examples/s]
[1ATokenizing train dataset:  39%|███▉      | 11644/30000 [03:01<03:45, 81.40 examples/s]
[1ATokenizing train dataset:  39%|███▉      | 11653/30000 [03:02<03:45, 81.31 examples/s]
[1ATokenizing train dataset:  39%|███▉      | 11663/30000 [03:02<04:08, 73.86 examples/s]
[1ATokenizing train dataset:  39%|███▉      | 11673/30000 [03:02<04:36, 66.21 examples/s]
[1ATokenizing train dataset:  39%|███▉      | 11681/30000 [03:02<05:19, 57.41 examples/s]
[1ATokenizing train dataset:  39%|███▉      | 11688/30000 [03:02<05:18, 57.48 examples/s]
[1ATokenizing train dataset:  39%|███▉      | 11700/30000 [03:02<04:29, 68.00 examples/s]
[1ATokenizing train dataset:  39%|███▉      | 11708/30000 [03:02<04:21, 69.86 examples/s]
[1ATokenizing train dataset:  39%|███▉      | 11719/30000 [03:03<04:28, 68.18 examples/s]
[1ATokenizing train dataset:  39%|███▉      | 11730/30000 [03:03<04:13, 72.09 examples/s]
[1ATokenizing train dataset:  39%|███▉      | 11740/30000 [03:03<04:27, 68.31 examples/s]
[1ATokenizing train dataset:  39%|███▉      | 11750/30000 [03:03<04:39, 65.38 examples/s]
[1ATokenizing train dataset:  39%|███▉      | 11759/30000 [03:03<04:26, 68.38 examples/s]
[1ATokenizing train dataset:  39%|███▉      | 11769/30000 [03:03<04:39, 65.24 examples/s]
[1ATokenizing train dataset:  39%|███▉      | 11781/30000 [03:04<04:43, 64.19 examples/s]
[1ATokenizing train dataset:  39%|███▉      | 11788/30000 [03:04<04:42, 64.49 examples/s]
[1ATokenizing train dataset:  39%|███▉      | 11796/30000 [03:04<04:39, 65.09 examples/s]
[1ATokenizing train dataset:  39%|███▉      | 11803/30000 [03:04<04:50, 62.54 examples/s]
[1ATokenizing train dataset:  39%|███▉      | 11810/30000 [03:04<05:02, 60.22 examples/s]
[1ATokenizing train dataset:  39%|███▉      | 11817/30000 [03:04<05:17, 57.26 examples/s]
[1ATokenizing train dataset:  39%|███▉      | 11825/30000 [03:04<05:08, 59.00 examples/s]
[1ATokenizing train dataset:  39%|███▉      | 11831/30000 [03:04<05:22, 56.29 examples/s]
[1ATokenizing train dataset:  39%|███▉      | 11838/30000 [03:05<05:15, 57.49 examples/s]
[1ATokenizing train dataset:  39%|███▉      | 11847/30000 [03:05<04:43, 64.09 examples/s]
[1ATokenizing train dataset:  40%|███▉      | 11855/30000 [03:05<04:53, 61.81 examples/s]
[1ATokenizing train dataset:  40%|███▉      | 11862/30000 [03:05<04:58, 60.81 examples/s]
[1ATokenizing train dataset:  40%|███▉      | 11871/30000 [03:05<04:34, 65.93 examples/s]
[1ATokenizing train dataset:  40%|███▉      | 11880/30000 [03:05<04:22, 69.08 examples/s]
[1ATokenizing train dataset:  40%|███▉      | 11891/30000 [03:05<03:58, 75.88 examples/s]
[1ATokenizing train dataset:  40%|███▉      | 11902/30000 [03:05<04:20, 69.49 examples/s]
[1ATokenizing train dataset:  40%|███▉      | 11917/30000 [03:06<03:33, 84.79 examples/s]
[1ATokenizing train dataset:  40%|███▉      | 11929/30000 [03:06<03:54, 77.21 examples/s]
[1ATokenizing train dataset:  40%|███▉      | 11941/30000 [03:06<04:06, 73.19 examples/s]
[1ATokenizing train dataset:  40%|███▉      | 11951/30000 [03:06<04:21, 68.93 examples/s]
[1ATokenizing train dataset:  40%|███▉      | 11959/30000 [03:06<04:36, 65.16 examples/s]
[1ATokenizing train dataset:  40%|███▉      | 11969/30000 [03:06<04:16, 70.20 examples/s]
[1ATokenizing train dataset:  40%|███▉      | 11979/30000 [03:07<04:40, 64.16 examples/s]
[1ATokenizing train dataset:  40%|███▉      | 11994/30000 [03:07<03:52, 77.38 examples/s]
[1ATokenizing train dataset:  40%|████      | 12004/30000 [03:07<07:41, 38.99 examples/s]
[1ATokenizing train dataset:  40%|████      | 12011/30000 [03:07<07:09, 41.90 examples/s]
[1ATokenizing train dataset:  40%|████      | 12021/30000 [03:08<06:01, 49.74 examples/s]
[1ATokenizing train dataset:  40%|████      | 12028/30000 [03:08<05:46, 51.80 examples/s]
[1ATokenizing train dataset:  40%|████      | 12039/30000 [03:08<05:33, 53.86 examples/s]
[1ATokenizing train dataset:  40%|████      | 12047/30000 [03:08<05:26, 54.98 examples/s]
[1ATokenizing train dataset:  40%|████      | 12055/30000 [03:08<05:14, 57.04 examples/s]
[1ATokenizing train dataset:  40%|████      | 12062/30000 [03:08<05:21, 55.82 examples/s]
[1ATokenizing train dataset:  40%|████      | 12070/30000 [03:08<05:00, 59.75 examples/s]
[1ATokenizing train dataset:  40%|████      | 12082/30000 [03:08<04:10, 71.51 examples/s]
[1ATokenizing train dataset:  40%|████      | 12092/30000 [03:09<04:00, 74.51 examples/s]
[1ATokenizing train dataset:  40%|████      | 12102/30000 [03:09<04:25, 67.36 examples/s]
[1ATokenizing train dataset:  40%|████      | 12110/30000 [03:09<04:31, 66.00 examples/s]
[1ATokenizing train dataset:  40%|████      | 12118/30000 [03:09<05:04, 58.76 examples/s]
[1ATokenizing train dataset:  40%|████      | 12126/30000 [03:09<04:52, 61.03 examples/s]
[1ATokenizing train dataset:  40%|████      | 12136/30000 [03:09<04:25, 67.27 examples/s]
[1ATokenizing train dataset:  40%|████      | 12149/30000 [03:09<03:40, 80.91 examples/s]
[1ATokenizing train dataset:  41%|████      | 12161/30000 [03:10<03:55, 75.89 examples/s]
[1ATokenizing train dataset:  41%|████      | 12170/30000 [03:10<03:53, 76.22 examples/s]
[1ATokenizing train dataset:  41%|████      | 12180/30000 [03:10<04:24, 67.40 examples/s]
[1ATokenizing train dataset:  41%|████      | 12188/30000 [03:10<04:55, 60.19 examples/s]
[1ATokenizing train dataset:  41%|████      | 12197/30000 [03:10<04:42, 62.95 examples/s]
[1ATokenizing train dataset:  41%|████      | 12209/30000 [03:10<04:45, 62.38 examples/s]
[1ATokenizing train dataset:  41%|████      | 12219/30000 [03:11<04:56, 60.04 examples/s]
[1ATokenizing train dataset:  41%|████      | 12229/30000 [03:11<04:32, 65.13 examples/s]
[1ATokenizing train dataset:  41%|████      | 12239/30000 [03:11<04:42, 62.89 examples/s]
[1ATokenizing train dataset:  41%|████      | 12248/30000 [03:11<04:27, 66.44 examples/s]
[1ATokenizing train dataset:  41%|████      | 12256/30000 [03:11<04:59, 59.28 examples/s]
[1ATokenizing train dataset:  41%|████      | 12264/30000 [03:11<05:34, 52.96 examples/s]
[1ATokenizing train dataset:  41%|████      | 12271/30000 [03:11<05:22, 55.05 examples/s]
[1ATokenizing train dataset:  41%|████      | 12277/30000 [03:12<05:42, 51.79 examples/s]
[1ATokenizing train dataset:  41%|████      | 12285/30000 [03:12<05:14, 56.41 examples/s]
[1ATokenizing train dataset:  41%|████      | 12296/30000 [03:12<04:22, 67.38 examples/s]
[1ATokenizing train dataset:  41%|████      | 12306/30000 [03:12<04:09, 70.90 examples/s]
[1ATokenizing train dataset:  41%|████      | 12314/30000 [03:12<04:23, 67.04 examples/s]
[1ATokenizing train dataset:  41%|████      | 12323/30000 [03:12<04:18, 68.41 examples/s]
[1ATokenizing train dataset:  41%|████      | 12330/30000 [03:12<04:40, 63.08 examples/s]
[1ATokenizing train dataset:  41%|████      | 12340/30000 [03:13<04:49, 60.99 examples/s]
[1ATokenizing train dataset:  41%|████      | 12348/30000 [03:13<05:09, 57.08 examples/s]
[1ATokenizing train dataset:  41%|████      | 12357/30000 [03:13<04:56, 59.59 examples/s]
[1ATokenizing train dataset:  41%|████      | 12368/30000 [03:13<04:09, 70.56 examples/s]
[1ATokenizing train dataset:  41%|████▏     | 12383/30000 [03:13<03:26, 85.36 examples/s]
[1ATokenizing train dataset:  41%|████▏     | 12396/30000 [03:13<04:09, 70.45 examples/s]
[1ATokenizing train dataset:  41%|████▏     | 12407/30000 [03:14<04:23, 66.80 examples/s]
[1ATokenizing train dataset:  41%|████▏     | 12416/30000 [03:14<04:13, 69.48 examples/s]
[1ATokenizing train dataset:  41%|████▏     | 12425/30000 [03:14<04:41, 62.42 examples/s]
[1ATokenizing train dataset:  41%|████▏     | 12432/30000 [03:14<04:49, 60.75 examples/s]
[1ATokenizing train dataset:  41%|████▏     | 12444/30000 [03:14<04:36, 63.46 examples/s]
[1ATokenizing train dataset:  42%|████▏     | 12454/30000 [03:14<04:24, 66.24 examples/s]
[1ATokenizing train dataset:  42%|████▏     | 12461/30000 [03:14<04:25, 66.13 examples/s]
[1ATokenizing train dataset:  42%|████▏     | 12468/30000 [03:14<04:33, 64.12 examples/s]
[1ATokenizing train dataset:  42%|████▏     | 12478/30000 [03:15<04:44, 61.51 examples/s]
[1ATokenizing train dataset:  42%|████▏     | 12485/30000 [03:15<04:54, 59.42 examples/s]
[1ATokenizing train dataset:  42%|████▏     | 12493/30000 [03:15<05:01, 58.11 examples/s]
[1ATokenizing train dataset:  42%|████▏     | 12500/30000 [03:15<05:00, 58.16 examples/s]
[1ATokenizing train dataset:  42%|████▏     | 12508/30000 [03:15<05:28, 53.17 examples/s]
[1ATokenizing train dataset:  42%|████▏     | 12517/30000 [03:15<04:46, 60.93 examples/s]
[1ATokenizing train dataset:  42%|████▏     | 12527/30000 [03:15<04:20, 66.99 examples/s]
[1ATokenizing train dataset:  42%|████▏     | 12536/30000 [03:16<04:42, 61.81 examples/s]
[1ATokenizing train dataset:  42%|████▏     | 12546/30000 [03:16<04:19, 67.35 examples/s]
[1ATokenizing train dataset:  42%|████▏     | 12553/30000 [03:16<04:29, 64.66 examples/s]
[1ATokenizing train dataset:  42%|████▏     | 12562/30000 [03:16<04:27, 65.30 examples/s]
[1ATokenizing train dataset:  42%|████▏     | 12573/30000 [03:16<03:54, 74.24 examples/s]
[1ATokenizing train dataset:  42%|████▏     | 12582/30000 [03:16<04:02, 71.97 examples/s]
[1ATokenizing train dataset:  42%|████▏     | 12593/30000 [03:16<03:34, 81.02 examples/s]
[1ATokenizing train dataset:  42%|████▏     | 12606/30000 [03:16<03:07, 92.63 examples/s]
[1ATokenizing train dataset:  42%|████▏     | 12619/30000 [03:17<03:22, 85.73 examples/s]
[1ATokenizing train dataset:  42%|████▏     | 12629/30000 [03:17<03:49, 75.81 examples/s]
[1ATokenizing train dataset:  42%|████▏     | 12639/30000 [03:17<04:06, 70.57 examples/s]
[1ATokenizing train dataset:  42%|████▏     | 12649/30000 [03:17<03:58, 72.66 examples/s]
[1ATokenizing train dataset:  42%|████▏     | 12659/30000 [03:17<04:11, 68.95 examples/s]
[1ATokenizing train dataset:  42%|████▏     | 12671/30000 [03:17<04:15, 67.76 examples/s]
[1ATokenizing train dataset:  42%|████▏     | 12679/30000 [03:18<04:33, 63.43 examples/s]
[1ATokenizing train dataset:  42%|████▏     | 12691/30000 [03:18<03:52, 74.49 examples/s]
[1ATokenizing train dataset:  42%|████▏     | 12701/30000 [03:18<04:23, 65.57 examples/s]
[1ATokenizing train dataset:  42%|████▏     | 12711/30000 [03:18<04:39, 61.89 examples/s]
[1ATokenizing train dataset:  42%|████▏     | 12720/30000 [03:18<04:29, 64.16 examples/s]
[1ATokenizing train dataset:  42%|████▏     | 12731/30000 [03:18<04:11, 68.69 examples/s]
[1ATokenizing train dataset:  42%|████▏     | 12743/30000 [03:19<04:06, 69.99 examples/s]
[1ATokenizing train dataset:  43%|████▎     | 12756/30000 [03:19<03:35, 80.19 examples/s]
[1ATokenizing train dataset:  43%|████▎     | 12765/30000 [03:19<03:32, 81.22 examples/s]
[1ATokenizing train dataset:  43%|████▎     | 12777/30000 [03:19<03:16, 87.62 examples/s]
[1ATokenizing train dataset:  43%|████▎     | 12788/30000 [03:19<03:35, 80.04 examples/s]
[1ATokenizing train dataset:  43%|████▎     | 12799/30000 [03:19<03:56, 72.76 examples/s]
[1ATokenizing train dataset:  43%|████▎     | 12807/30000 [03:19<03:55, 72.97 examples/s]
[1ATokenizing train dataset:  43%|████▎     | 12817/30000 [03:20<04:38, 61.67 examples/s]
[1ATokenizing train dataset:  43%|████▎     | 12831/30000 [03:20<03:48, 75.08 examples/s]
[1ATokenizing train dataset:  43%|████▎     | 12840/30000 [03:20<03:54, 73.24 examples/s]
[1ATokenizing train dataset:  43%|████▎     | 12849/30000 [03:20<03:48, 75.11 examples/s]
[1ATokenizing train dataset:  43%|████▎     | 12859/30000 [03:20<03:38, 78.30 examples/s]
[1ATokenizing train dataset:  43%|████▎     | 12869/30000 [03:20<03:32, 80.57 examples/s]
[1ATokenizing train dataset:  43%|████▎     | 12881/30000 [03:20<03:41, 77.18 examples/s]
[1ATokenizing train dataset:  43%|████▎     | 12891/30000 [03:20<04:01, 70.88 examples/s]
[1ATokenizing train dataset:  43%|████▎     | 12904/30000 [03:21<03:57, 72.04 examples/s]
[1ATokenizing train dataset:  43%|████▎     | 12912/30000 [03:21<04:00, 71.15 examples/s]
[1ATokenizing train dataset:  43%|████▎     | 12920/30000 [03:21<04:03, 70.09 examples/s]
[1ATokenizing train dataset:  43%|████▎     | 12933/30000 [03:21<03:59, 71.32 examples/s]
[1ATokenizing train dataset:  43%|████▎     | 12941/30000 [03:21<04:12, 67.53 examples/s]
[1ATokenizing train dataset:  43%|████▎     | 12950/30000 [03:21<04:06, 69.10 examples/s]
[1ATokenizing train dataset:  43%|████▎     | 12958/30000 [03:21<04:33, 62.25 examples/s]
[1ATokenizing train dataset:  43%|████▎     | 12967/30000 [03:22<04:27, 63.64 examples/s]
[1ATokenizing train dataset:  43%|████▎     | 12980/30000 [03:22<03:54, 72.68 examples/s]
[1ATokenizing train dataset:  43%|████▎     | 12990/30000 [03:22<04:20, 65.20 examples/s]
[1ATokenizing train dataset:  43%|████▎     | 12998/30000 [03:22<04:13, 67.15 examples/s]
[1ATokenizing train dataset:  43%|████▎     | 13007/30000 [03:23<07:56, 35.63 examples/s]
[1ATokenizing train dataset:  43%|████▎     | 13014/30000 [03:23<07:15, 39.05 examples/s]
[1ATokenizing train dataset:  43%|████▎     | 13023/30000 [03:23<06:44, 42.01 examples/s]
[1ATokenizing train dataset:  43%|████▎     | 13033/30000 [03:23<05:31, 51.18 examples/s]
[1ATokenizing train dataset:  43%|████▎     | 13044/30000 [03:23<04:37, 61.11 examples/s]
[1ATokenizing train dataset:  44%|████▎     | 13053/30000 [03:23<04:25, 63.83 examples/s]
[1ATokenizing train dataset:  44%|████▎     | 13061/30000 [03:23<04:57, 56.96 examples/s]
[1ATokenizing train dataset:  44%|████▎     | 13071/30000 [03:24<04:29, 62.74 examples/s]
[1ATokenizing train dataset:  44%|████▎     | 13081/30000 [03:24<04:41, 60.03 examples/s]
[1ATokenizing train dataset:  44%|████▎     | 13089/30000 [03:24<04:31, 62.26 examples/s]
[1ATokenizing train dataset:  44%|████▎     | 13097/30000 [03:24<05:01, 56.04 examples/s]
[1ATokenizing train dataset:  44%|████▎     | 13104/30000 [03:24<04:54, 57.46 examples/s]
[1ATokenizing train dataset:  44%|████▎     | 13113/30000 [03:24<04:41, 59.89 examples/s]
[1ATokenizing train dataset:  44%|████▎     | 13124/30000 [03:24<04:03, 69.43 examples/s]
[1ATokenizing train dataset:  44%|████▍     | 13134/30000 [03:25<03:50, 73.17 examples/s]
[1ATokenizing train dataset:  44%|████▍     | 13146/30000 [03:25<04:00, 69.95 examples/s]
[1ATokenizing train dataset:  44%|████▍     | 13155/30000 [03:25<04:18, 65.05 examples/s]
[1ATokenizing train dataset:  44%|████▍     | 13165/30000 [03:25<04:41, 59.87 examples/s]
[1ATokenizing train dataset:  44%|████▍     | 13175/30000 [03:25<04:43, 59.43 examples/s]
[1ATokenizing train dataset:  44%|████▍     | 13183/30000 [03:25<04:45, 59.00 examples/s]
[1ATokenizing train dataset:  44%|████▍     | 13194/30000 [03:25<04:05, 68.42 examples/s]
[1ATokenizing train dataset:  44%|████▍     | 13204/30000 [03:26<04:00, 69.85 examples/s]
[1ATokenizing train dataset:  44%|████▍     | 13217/30000 [03:26<04:05, 68.45 examples/s]
[1ATokenizing train dataset:  44%|████▍     | 13228/30000 [03:26<04:15, 65.60 examples/s]
[1ATokenizing train dataset:  44%|████▍     | 13236/30000 [03:26<04:08, 67.54 examples/s]
[1ATokenizing train dataset:  44%|████▍     | 13244/30000 [03:26<04:04, 68.52 examples/s]
[1ATokenizing train dataset:  44%|████▍     | 13257/30000 [03:26<03:55, 70.98 examples/s]
[1ATokenizing train dataset:  44%|████▍     | 13266/30000 [03:27<03:59, 69.98 examples/s]
[1ATokenizing train dataset:  44%|████▍     | 13276/30000 [03:27<03:45, 74.31 examples/s]
[1ATokenizing train dataset:  44%|████▍     | 13286/30000 [03:27<04:11, 66.38 examples/s]
[1ATokenizing train dataset:  44%|████▍     | 13297/30000 [03:27<03:49, 72.82 examples/s]
[1ATokenizing train dataset:  44%|████▍     | 13308/30000 [03:27<04:03, 68.62 examples/s]
[1ATokenizing train dataset:  44%|████▍     | 13319/30000 [03:27<04:16, 65.06 examples/s]
[1ATokenizing train dataset:  44%|████▍     | 13327/30000 [03:27<04:08, 67.04 examples/s]
[1ATokenizing train dataset:  44%|████▍     | 13335/30000 [03:28<04:13, 65.68 examples/s]
[1ATokenizing train dataset:  44%|████▍     | 13343/30000 [03:28<04:12, 65.98 examples/s]
[1ATokenizing train dataset:  45%|████▍     | 13357/30000 [03:28<03:23, 81.97 examples/s]
[1ATokenizing train dataset:  45%|████▍     | 13368/30000 [03:28<03:45, 73.71 examples/s]
[1ATokenizing train dataset:  45%|████▍     | 13378/30000 [03:28<03:34, 77.64 examples/s]
[1ATokenizing train dataset:  45%|████▍     | 13391/30000 [03:28<03:43, 74.21 examples/s]
[1ATokenizing train dataset:  45%|████▍     | 13399/30000 [03:28<04:08, 66.74 examples/s]
[1ATokenizing train dataset:  45%|████▍     | 13408/30000 [03:29<04:01, 68.57 examples/s]
[1ATokenizing train dataset:  45%|████▍     | 13419/30000 [03:29<04:01, 68.72 examples/s]
[1ATokenizing train dataset:  45%|████▍     | 13429/30000 [03:29<03:51, 71.68 examples/s]
[1ATokenizing train dataset:  45%|████▍     | 13438/30000 [03:29<03:48, 72.62 examples/s]
[1ATokenizing train dataset:  45%|████▍     | 13451/30000 [03:29<03:50, 71.89 examples/s]
[1ATokenizing train dataset:  45%|████▍     | 13461/30000 [03:29<03:44, 73.62 examples/s]
[1ATokenizing train dataset:  45%|████▍     | 13472/30000 [03:29<04:04, 67.60 examples/s]
[1ATokenizing train dataset:  45%|████▍     | 13481/30000 [03:30<03:59, 68.97 examples/s]
[1ATokenizing train dataset:  45%|████▍     | 13493/30000 [03:30<03:59, 68.80 examples/s]
[1ATokenizing train dataset:  45%|████▌     | 13503/30000 [03:30<03:48, 72.20 examples/s]
[1ATokenizing train dataset:  45%|████▌     | 13513/30000 [03:30<04:06, 66.77 examples/s]
[1ATokenizing train dataset:  45%|████▌     | 13526/30000 [03:30<03:31, 77.76 examples/s]
[1ATokenizing train dataset:  45%|████▌     | 13538/30000 [03:30<03:46, 72.75 examples/s]
[1ATokenizing train dataset:  45%|████▌     | 13546/30000 [03:30<03:50, 71.43 examples/s]
[1ATokenizing train dataset:  45%|████▌     | 13557/30000 [03:31<03:59, 68.55 examples/s]
[1ATokenizing train dataset:  45%|████▌     | 13568/30000 [03:31<03:38, 75.19 examples/s]
[1ATokenizing train dataset:  45%|████▌     | 13581/30000 [03:31<03:11, 85.82 examples/s]
[1ATokenizing train dataset:  45%|████▌     | 13591/30000 [03:31<03:47, 72.12 examples/s]
[1ATokenizing train dataset:  45%|████▌     | 13604/30000 [03:31<03:48, 71.65 examples/s]
[1ATokenizing train dataset:  45%|████▌     | 13612/30000 [03:31<04:23, 62.20 examples/s]
[1ATokenizing train dataset:  45%|████▌     | 13622/30000 [03:32<04:06, 66.47 examples/s]
[1ATokenizing train dataset:  45%|████▌     | 13631/30000 [03:32<03:56, 69.14 examples/s]
[1ATokenizing train dataset:  45%|████▌     | 13645/30000 [03:32<03:22, 80.89 examples/s]
[1ATokenizing train dataset:  46%|████▌     | 13654/30000 [03:32<03:26, 79.03 examples/s]
[1ATokenizing train dataset:  46%|████▌     | 13666/30000 [03:32<03:32, 76.84 examples/s]
[1ATokenizing train dataset:  46%|████▌     | 13677/30000 [03:32<04:07, 65.95 examples/s]
[1ATokenizing train dataset:  46%|████▌     | 13687/30000 [03:32<04:12, 64.57 examples/s]
[1ATokenizing train dataset:  46%|████▌     | 13697/30000 [03:33<04:23, 61.76 examples/s]
[1ATokenizing train dataset:  46%|████▌     | 13706/30000 [03:33<04:15, 63.71 examples/s]
[1ATokenizing train dataset:  46%|████▌     | 13717/30000 [03:33<03:55, 69.05 examples/s]
[1ATokenizing train dataset:  46%|████▌     | 13726/30000 [03:33<03:56, 68.67 examples/s]
[1ATokenizing train dataset:  46%|████▌     | 13737/30000 [03:33<03:57, 68.57 examples/s]
[1ATokenizing train dataset:  46%|████▌     | 13746/30000 [03:33<03:48, 71.18 examples/s]
[1ATokenizing train dataset:  46%|████▌     | 13756/30000 [03:33<03:30, 77.21 examples/s]
[1ATokenizing train dataset:  46%|████▌     | 13768/30000 [03:34<03:46, 71.77 examples/s]
[1ATokenizing train dataset:  46%|████▌     | 13776/30000 [03:34<03:52, 69.74 examples/s]
[1ATokenizing train dataset:  46%|████▌     | 13790/30000 [03:34<03:40, 73.49 examples/s]
[1ATokenizing train dataset:  46%|████▌     | 13798/30000 [03:34<03:53, 69.37 examples/s]
[1ATokenizing train dataset:  46%|████▌     | 13805/30000 [03:34<03:59, 67.48 examples/s]
[1ATokenizing train dataset:  46%|████▌     | 13819/30000 [03:34<03:23, 79.71 examples/s]
[1ATokenizing train dataset:  46%|████▌     | 13829/30000 [03:34<03:54, 68.89 examples/s]
[1ATokenizing train dataset:  46%|████▌     | 13838/30000 [03:35<04:12, 63.93 examples/s]
[1ATokenizing train dataset:  46%|████▌     | 13845/30000 [03:35<04:10, 64.51 examples/s]
[1ATokenizing train dataset:  46%|████▌     | 13852/30000 [03:35<04:21, 61.72 examples/s]
[1ATokenizing train dataset:  46%|████▌     | 13860/30000 [03:35<04:28, 60.15 examples/s]
[1ATokenizing train dataset:  46%|████▌     | 13873/30000 [03:35<03:43, 72.08 examples/s]
[1ATokenizing train dataset:  46%|████▋     | 13883/30000 [03:35<04:31, 59.30 examples/s]
[1ATokenizing train dataset:  46%|████▋     | 13894/30000 [03:36<04:02, 66.32 examples/s]
[1ATokenizing train dataset:  46%|████▋     | 13903/30000 [03:36<04:32, 58.99 examples/s]
[1ATokenizing train dataset:  46%|████▋     | 13911/30000 [03:36<05:02, 53.21 examples/s]
[1ATokenizing train dataset:  46%|████▋     | 13918/30000 [03:36<05:08, 52.14 examples/s]
[1ATokenizing train dataset:  46%|████▋     | 13927/30000 [03:36<04:35, 58.30 examples/s]
[1ATokenizing train dataset:  46%|████▋     | 13940/30000 [03:36<03:43, 71.87 examples/s]
[1ATokenizing train dataset:  47%|████▋     | 13951/30000 [03:36<03:26, 77.69 examples/s]
[1ATokenizing train dataset:  47%|████▋     | 13963/30000 [03:37<03:12, 83.10 examples/s]
[1ATokenizing train dataset:  47%|████▋     | 13972/30000 [03:37<03:17, 81.15 examples/s]
[1ATokenizing train dataset:  47%|████▋     | 13984/30000 [03:37<03:28, 76.85 examples/s]
[1ATokenizing train dataset:  47%|████▋     | 13993/30000 [03:37<03:57, 67.33 examples/s]
[1ATokenizing train dataset:  47%|████▋     | 14003/30000 [03:38<07:38, 34.88 examples/s]
[1ATokenizing train dataset:  47%|████▋     | 14013/30000 [03:38<06:19, 42.18 examples/s]
[1ATokenizing train dataset:  47%|████▋     | 14026/30000 [03:38<05:09, 51.53 examples/s]
[1ATokenizing train dataset:  47%|████▋     | 14036/30000 [03:38<05:04, 52.43 examples/s]
[1ATokenizing train dataset:  47%|████▋     | 14043/30000 [03:38<04:51, 54.68 examples/s]
[1ATokenizing train dataset:  47%|████▋     | 14053/30000 [03:38<04:23, 60.52 examples/s]
[1ATokenizing train dataset:  47%|████▋     | 14060/30000 [03:38<04:32, 58.54 examples/s]
[1ATokenizing train dataset:  47%|████▋     | 14067/30000 [03:39<04:33, 58.17 examples/s]
[1ATokenizing train dataset:  47%|████▋     | 14074/30000 [03:39<04:33, 58.27 examples/s]
[1ATokenizing train dataset:  47%|████▋     | 14086/30000 [03:39<03:38, 72.71 examples/s]
[1ATokenizing train dataset:  47%|████▋     | 14095/30000 [03:39<03:55, 67.50 examples/s]
[1ATokenizing train dataset:  47%|████▋     | 14103/30000 [03:39<04:27, 59.49 examples/s]
[1ATokenizing train dataset:  47%|████▋     | 14111/30000 [03:39<04:14, 62.49 examples/s]
[1ATokenizing train dataset:  47%|████▋     | 14118/30000 [03:39<04:40, 56.54 examples/s]
[1ATokenizing train dataset:  47%|████▋     | 14126/30000 [03:40<05:11, 50.92 examples/s]
[1ATokenizing train dataset:  47%|████▋     | 14134/30000 [03:40<04:44, 55.81 examples/s]
[1ATokenizing train dataset:  47%|████▋     | 14141/30000 [03:40<04:41, 56.27 examples/s]
[1ATokenizing train dataset:  47%|████▋     | 14153/30000 [03:40<04:24, 59.95 examples/s]
[1ATokenizing train dataset:  47%|████▋     | 14164/30000 [03:40<03:49, 69.05 examples/s]
[1ATokenizing train dataset:  47%|████▋     | 14172/30000 [03:40<03:45, 70.25 examples/s]
[1ATokenizing train dataset:  47%|████▋     | 14183/30000 [03:40<03:30, 75.18 examples/s]
[1ATokenizing train dataset:  47%|████▋     | 14192/30000 [03:40<03:58, 66.20 examples/s]
[1ATokenizing train dataset:  47%|████▋     | 14200/30000 [03:41<04:06, 64.12 examples/s]
[1ATokenizing train dataset:  47%|████▋     | 14208/30000 [03:41<04:05, 64.30 examples/s]
[1ATokenizing train dataset:  47%|████▋     | 14217/30000 [03:41<04:05, 64.27 examples/s]
[1ATokenizing train dataset:  47%|████▋     | 14226/30000 [03:41<03:58, 66.13 examples/s]
[1ATokenizing train dataset:  47%|████▋     | 14235/30000 [03:41<03:42, 70.86 examples/s]
[1ATokenizing train dataset:  47%|████▋     | 14245/30000 [03:41<03:38, 72.14 examples/s]
[1ATokenizing train dataset:  48%|████▊     | 14256/30000 [03:41<03:32, 74.09 examples/s]
[1ATokenizing train dataset:  48%|████▊     | 14265/30000 [03:42<03:27, 75.77 examples/s]
[1ATokenizing train dataset:  48%|████▊     | 14273/30000 [03:42<03:52, 67.52 examples/s]
[1ATokenizing train dataset:  48%|████▊     | 14281/30000 [03:42<04:29, 58.32 examples/s]
[1ATokenizing train dataset:  48%|████▊     | 14291/30000 [03:42<04:29, 58.23 examples/s]
[1ATokenizing train dataset:  48%|████▊     | 14303/30000 [03:42<03:44, 70.00 examples/s]
[1ATokenizing train dataset:  48%|████▊     | 14312/30000 [03:42<03:33, 73.63 examples/s]
[1ATokenizing train dataset:  48%|████▊     | 14323/30000 [03:42<03:45, 69.57 examples/s]
[1ATokenizing train dataset:  48%|████▊     | 14333/30000 [03:43<03:33, 73.53 examples/s]
[1ATokenizing train dataset:  48%|████▊     | 14342/30000 [03:43<04:07, 63.26 examples/s]
[1ATokenizing train dataset:  48%|████▊     | 14350/30000 [03:43<04:03, 64.24 examples/s]
[1ATokenizing train dataset:  48%|████▊     | 14357/30000 [03:43<04:10, 62.51 examples/s]
[1ATokenizing train dataset:  48%|████▊     | 14366/30000 [03:43<03:56, 66.04 examples/s]
[1ATokenizing train dataset:  48%|████▊     | 14377/30000 [03:43<03:28, 74.83 examples/s]
[1ATokenizing train dataset:  48%|████▊     | 14386/30000 [03:43<03:29, 74.60 examples/s]
[1ATokenizing train dataset:  48%|████▊     | 14398/30000 [03:44<03:50, 67.74 examples/s]
[1ATokenizing train dataset:  48%|████▊     | 14410/30000 [03:44<04:11, 61.96 examples/s]
[1ATokenizing train dataset:  48%|████▊     | 14419/30000 [03:44<03:59, 65.06 examples/s]
[1ATokenizing train dataset:  48%|████▊     | 14428/30000 [03:44<03:45, 69.06 examples/s]
[1ATokenizing train dataset:  48%|████▊     | 14436/30000 [03:44<03:47, 68.41 examples/s]
[1ATokenizing train dataset:  48%|████▊     | 14444/30000 [03:44<03:43, 69.47 examples/s]
[1ATokenizing train dataset:  48%|████▊     | 14453/30000 [03:44<03:41, 70.33 examples/s]
[1ATokenizing train dataset:  48%|████▊     | 14461/30000 [03:44<03:43, 69.63 examples/s]
[1ATokenizing train dataset:  48%|████▊     | 14469/30000 [03:45<03:59, 64.72 examples/s]
[1ATokenizing train dataset:  48%|████▊     | 14476/30000 [03:45<04:05, 63.17 examples/s]
[1ATokenizing train dataset:  48%|████▊     | 14486/30000 [03:45<03:57, 65.40 examples/s]
[1ATokenizing train dataset:  48%|████▊     | 14494/30000 [03:45<04:42, 54.90 examples/s]
[1ATokenizing train dataset:  48%|████▊     | 14502/30000 [03:45<05:09, 50.09 examples/s]
[1ATokenizing train dataset:  48%|████▊     | 14509/30000 [03:45<05:08, 50.29 examples/s]
[1ATokenizing train dataset:  48%|████▊     | 14520/30000 [03:46<04:28, 57.76 examples/s]
[1ATokenizing train dataset:  48%|████▊     | 14526/30000 [03:46<04:30, 57.30 examples/s]
[1ATokenizing train dataset:  48%|████▊     | 14542/30000 [03:46<03:26, 74.79 examples/s]
[1ATokenizing train dataset:  49%|████▊     | 14551/30000 [03:46<03:55, 65.48 examples/s]
[1ATokenizing train dataset:  49%|████▊     | 14559/30000 [03:46<03:54, 65.87 examples/s]
[1ATokenizing train dataset:  49%|████▊     | 14567/30000 [03:46<04:07, 62.25 examples/s]
[1ATokenizing train dataset:  49%|████▊     | 14576/30000 [03:46<04:27, 57.62 examples/s]
[1ATokenizing train dataset:  49%|████▊     | 14585/30000 [03:47<04:09, 61.87 examples/s]
[1ATokenizing train dataset:  49%|████▊     | 14592/30000 [03:47<04:12, 61.09 examples/s]
[1ATokenizing train dataset:  49%|████▊     | 14600/30000 [03:47<04:02, 63.45 examples/s]
[1ATokenizing train dataset:  49%|████▊     | 14609/30000 [03:47<03:50, 66.83 examples/s]
[1ATokenizing train dataset:  49%|████▊     | 14619/30000 [03:47<03:39, 70.00 examples/s]
[1ATokenizing train dataset:  49%|████▉     | 14627/30000 [03:47<03:35, 71.39 examples/s]
[1ATokenizing train dataset:  49%|████▉     | 14637/30000 [03:47<03:52, 65.97 examples/s]
[1ATokenizing train dataset:  49%|████▉     | 14646/30000 [03:47<03:40, 69.57 examples/s]
[1ATokenizing train dataset:  49%|████▉     | 14655/30000 [03:48<03:40, 69.74 examples/s]
[1ATokenizing train dataset:  49%|████▉     | 14665/30000 [03:48<03:58, 64.31 examples/s]
[1ATokenizing train dataset:  49%|████▉     | 14672/30000 [03:48<04:07, 62.03 examples/s]
[1ATokenizing train dataset:  49%|████▉     | 14679/30000 [03:48<04:06, 62.20 examples/s]
[1ATokenizing train dataset:  49%|████▉     | 14691/30000 [03:48<03:26, 74.20 examples/s]
[1ATokenizing train dataset:  49%|████▉     | 14703/30000 [03:48<03:02, 83.80 examples/s]
[1ATokenizing train dataset:  49%|████▉     | 14715/30000 [03:48<03:08, 80.97 examples/s]
[1ATokenizing train dataset:  49%|████▉     | 14726/30000 [03:49<03:24, 74.81 examples/s]
[1ATokenizing train dataset:  49%|████▉     | 14734/30000 [03:49<04:08, 61.32 examples/s]
[1ATokenizing train dataset:  49%|████▉     | 14743/30000 [03:49<03:53, 65.24 examples/s]
[1ATokenizing train dataset:  49%|████▉     | 14752/30000 [03:49<03:38, 69.89 examples/s]
[1ATokenizing train dataset:  49%|████▉     | 14764/30000 [03:49<03:36, 70.45 examples/s]
[1ATokenizing train dataset:  49%|████▉     | 14774/30000 [03:49<03:19, 76.28 examples/s]
[1ATokenizing train dataset:  49%|████▉     | 14784/30000 [03:49<03:18, 76.70 examples/s]
[1ATokenizing train dataset:  49%|████▉     | 14795/30000 [03:50<03:26, 73.57 examples/s]
[1ATokenizing train dataset:  49%|████▉     | 14806/30000 [03:50<03:42, 68.40 examples/s]
[1ATokenizing train dataset:  49%|████▉     | 14817/30000 [03:50<03:55, 64.54 examples/s]
[1ATokenizing train dataset:  49%|████▉     | 14825/30000 [03:50<03:59, 63.23 examples/s]
[1ATokenizing train dataset:  49%|████▉     | 14832/30000 [03:50<04:05, 61.78 examples/s]
[1ATokenizing train dataset:  49%|████▉     | 14839/30000 [03:50<04:09, 60.89 examples/s]
[1ATokenizing train dataset:  50%|████▉     | 14851/30000 [03:50<03:33, 70.97 examples/s]
[1ATokenizing train dataset:  50%|████▉     | 14862/30000 [03:51<03:21, 75.03 examples/s]
[1ATokenizing train dataset:  50%|████▉     | 14871/30000 [03:51<03:17, 76.60 examples/s]
[1ATokenizing train dataset:  50%|████▉     | 14881/30000 [03:51<03:34, 70.56 examples/s]
[1ATokenizing train dataset:  50%|████▉     | 14894/30000 [03:51<03:31, 71.48 examples/s]
[1ATokenizing train dataset:  50%|████▉     | 14902/30000 [03:51<03:40, 68.44 examples/s]
[1ATokenizing train dataset:  50%|████▉     | 14914/30000 [03:51<03:11, 78.61 examples/s]
[1ATokenizing train dataset:  50%|████▉     | 14925/30000 [03:51<03:09, 79.69 examples/s]
[1ATokenizing train dataset:  50%|████▉     | 14934/30000 [03:51<03:24, 73.60 examples/s]
[1ATokenizing train dataset:  50%|████▉     | 14943/30000 [03:52<03:15, 76.85 examples/s]
[1ATokenizing train dataset:  50%|████▉     | 14951/30000 [03:52<03:23, 74.10 examples/s]
[1ATokenizing train dataset:  50%|████▉     | 14960/30000 [03:52<03:49, 65.45 examples/s]
[1ATokenizing train dataset:  50%|████▉     | 14969/30000 [03:52<03:36, 69.43 examples/s]
[1ATokenizing train dataset:  50%|████▉     | 14977/30000 [03:52<03:40, 67.99 examples/s]
[1ATokenizing train dataset:  50%|████▉     | 14990/30000 [03:52<03:14, 77.26 examples/s]
[1ATokenizing train dataset:  50%|████▉     | 14999/30000 [03:52<03:11, 78.29 examples/s]
[1ATokenizing train dataset:  50%|█████     | 15010/30000 [03:53<06:07, 40.79 examples/s]
[1ATokenizing train dataset:  50%|█████     | 15019/30000 [03:53<05:14, 47.58 examples/s]
[1ATokenizing train dataset:  50%|█████     | 15028/30000 [03:53<04:41, 53.14 examples/s]
[1ATokenizing train dataset:  50%|█████     | 15037/30000 [03:53<04:47, 52.13 examples/s]
[1ATokenizing train dataset:  50%|█████     | 15044/30000 [03:53<04:33, 54.61 examples/s]
[1ATokenizing train dataset:  50%|█████     | 15052/30000 [03:54<04:21, 57.19 examples/s]
[1ATokenizing train dataset:  50%|█████     | 15061/30000 [03:54<03:54, 63.82 examples/s]
[1ATokenizing train dataset:  50%|█████     | 15070/30000 [03:54<03:41, 67.37 examples/s]
[1ATokenizing train dataset:  50%|█████     | 15080/30000 [03:54<04:03, 61.21 examples/s]
[1ATokenizing train dataset:  50%|█████     | 15090/30000 [03:54<03:43, 66.81 examples/s]
[1ATokenizing train dataset:  50%|█████     | 15099/30000 [03:54<04:18, 57.64 examples/s]
[1ATokenizing train dataset:  50%|█████     | 15107/30000 [03:54<04:05, 60.71 examples/s]
[1ATokenizing train dataset:  50%|█████     | 15115/30000 [03:55<04:32, 54.62 examples/s]
[1ATokenizing train dataset:  50%|█████     | 15122/30000 [03:55<04:57, 49.99 examples/s]
[1ATokenizing train dataset:  50%|█████     | 15133/30000 [03:55<04:34, 54.10 examples/s]
[1ATokenizing train dataset:  50%|█████     | 15140/30000 [03:55<04:40, 53.03 examples/s]
[1ATokenizing train dataset:  50%|█████     | 15149/30000 [03:55<04:29, 55.19 examples/s]
[1ATokenizing train dataset:  51%|█████     | 15161/30000 [03:55<04:07, 59.95 examples/s]
[1ATokenizing train dataset:  51%|█████     | 15168/30000 [03:56<04:15, 58.05 examples/s]
[1ATokenizing train dataset:  51%|█████     | 15174/30000 [03:56<04:34, 53.99 examples/s]
[1ATokenizing train dataset:  51%|█████     | 15180/30000 [03:56<04:35, 53.70 examples/s]
[1ATokenizing train dataset:  51%|█████     | 15187/30000 [03:56<04:27, 55.44 examples/s]
[1ATokenizing train dataset:  51%|█████     | 15195/30000 [03:56<04:15, 57.92 examples/s]
[1ATokenizing train dataset:  51%|█████     | 15206/30000 [03:56<03:41, 66.77 examples/s]
[1ATokenizing train dataset:  51%|█████     | 15213/30000 [03:56<03:49, 64.33 examples/s]
[1ATokenizing train dataset:  51%|█████     | 15221/30000 [03:56<03:49, 64.40 examples/s]
[1ATokenizing train dataset:  51%|█████     | 15232/30000 [03:57<03:52, 63.43 examples/s]
[1ATokenizing train dataset:  51%|█████     | 15240/30000 [03:57<03:43, 65.93 examples/s]
[1ATokenizing train dataset:  51%|█████     | 15248/30000 [03:57<03:43, 66.05 examples/s]
[1ATokenizing train dataset:  51%|█████     | 15258/30000 [03:57<03:52, 63.36 examples/s]
[1ATokenizing train dataset:  51%|█████     | 15265/30000 [03:57<03:56, 62.22 examples/s]
[1ATokenizing train dataset:  51%|█████     | 15275/30000 [03:57<03:59, 61.53 examples/s]
[1ATokenizing train dataset:  51%|█████     | 15284/30000 [03:57<03:40, 66.77 examples/s]
[1ATokenizing train dataset:  51%|█████     | 15293/30000 [03:57<03:32, 69.09 examples/s]
[1ATokenizing train dataset:  51%|█████     | 15302/30000 [03:58<03:49, 64.01 examples/s]
[1ATokenizing train dataset:  51%|█████     | 15311/30000 [03:58<03:29, 70.04 examples/s]
[1ATokenizing train dataset:  51%|█████     | 15319/30000 [03:58<03:34, 68.42 examples/s]
[1ATokenizing train dataset:  51%|█████     | 15329/30000 [03:58<03:27, 70.55 examples/s]
[1ATokenizing train dataset:  51%|█████     | 15337/30000 [03:58<03:26, 70.92 examples/s]
[1ATokenizing train dataset:  51%|█████     | 15345/30000 [03:58<03:24, 71.79 examples/s]
[1ATokenizing train dataset:  51%|█████     | 15356/30000 [03:58<03:37, 67.19 examples/s]
[1ATokenizing train dataset:  51%|█████     | 15370/30000 [03:59<02:59, 81.45 examples/s]
[1ATokenizing train dataset:  51%|█████▏    | 15379/30000 [03:59<02:59, 81.23 examples/s]
[1ATokenizing train dataset:  51%|█████▏    | 15388/30000 [03:59<02:58, 81.98 examples/s]
[1ATokenizing train dataset:  51%|█████▏    | 15399/30000 [03:59<03:14, 75.21 examples/s]
[1ATokenizing train dataset:  51%|█████▏    | 15408/30000 [03:59<03:15, 74.83 examples/s]
[1ATokenizing train dataset:  51%|█████▏    | 15416/30000 [03:59<03:36, 67.31 examples/s]
[1ATokenizing train dataset:  51%|█████▏    | 15425/30000 [03:59<03:29, 69.52 examples/s]
[1ATokenizing train dataset:  51%|█████▏    | 15433/30000 [03:59<03:23, 71.42 examples/s]
[1ATokenizing train dataset:  51%|█████▏    | 15444/30000 [04:00<03:03, 79.25 examples/s]
[1ATokenizing train dataset:  52%|█████▏    | 15453/30000 [04:00<03:12, 75.40 examples/s]
[1ATokenizing train dataset:  52%|█████▏    | 15462/30000 [04:00<03:13, 74.94 examples/s]
[1ATokenizing train dataset:  52%|█████▏    | 15470/30000 [04:00<03:13, 75.18 examples/s]
[1ATokenizing train dataset:  52%|█████▏    | 15480/30000 [04:00<03:37, 66.64 examples/s]
[1ATokenizing train dataset:  52%|█████▏    | 15488/30000 [04:00<04:07, 58.53 examples/s]
[1ATokenizing train dataset:  52%|█████▏    | 15496/30000 [04:00<04:03, 59.57 examples/s]
[1ATokenizing train dataset:  52%|█████▏    | 15504/30000 [04:01<04:32, 53.29 examples/s]
[1ATokenizing train dataset:  52%|█████▏    | 15517/30000 [04:01<03:45, 64.19 examples/s]
[1ATokenizing train dataset:  52%|█████▏    | 15526/30000 [04:01<03:46, 63.78 examples/s]
[1ATokenizing train dataset:  52%|█████▏    | 15537/30000 [04:01<03:54, 61.71 examples/s]
[1ATokenizing train dataset:  52%|█████▏    | 15546/30000 [04:01<04:02, 59.67 examples/s]
[1ATokenizing train dataset:  52%|█████▏    | 15555/30000 [04:01<04:17, 56.16 examples/s]
[1ATokenizing train dataset:  52%|█████▏    | 15561/30000 [04:02<04:26, 54.26 examples/s]
[1ATokenizing train dataset:  52%|█████▏    | 15570/30000 [04:02<04:09, 57.84 examples/s]
[1ATokenizing train dataset:  52%|█████▏    | 15577/30000 [04:02<04:15, 56.35 examples/s]
[1ATokenizing train dataset:  52%|█████▏    | 15590/30000 [04:02<03:22, 71.03 examples/s]
[1ATokenizing train dataset:  52%|█████▏    | 15601/30000 [04:02<03:39, 65.67 examples/s]
[1ATokenizing train dataset:  52%|█████▏    | 15611/30000 [04:02<03:27, 69.46 examples/s]
[1ATokenizing train dataset:  52%|█████▏    | 15619/30000 [04:02<03:27, 69.35 examples/s]
[1ATokenizing train dataset:  52%|█████▏    | 15628/30000 [04:02<03:49, 62.68 examples/s]
[1ATokenizing train dataset:  52%|█████▏    | 15635/30000 [04:03<03:55, 60.95 examples/s]
[1ATokenizing train dataset:  52%|█████▏    | 15645/30000 [04:03<03:59, 59.94 examples/s]
[1ATokenizing train dataset:  52%|█████▏    | 15652/30000 [04:03<03:53, 61.49 examples/s]
[1ATokenizing train dataset:  52%|█████▏    | 15664/30000 [04:03<03:20, 71.41 examples/s]
[1ATokenizing train dataset:  52%|█████▏    | 15674/30000 [04:03<03:09, 75.76 examples/s]
[1ATokenizing train dataset:  52%|█████▏    | 15685/30000 [04:03<03:21, 70.89 examples/s]
[1ATokenizing train dataset:  52%|█████▏    | 15696/30000 [04:03<03:06, 76.85 examples/s]
[1ATokenizing train dataset:  52%|█████▏    | 15704/30000 [04:04<03:14, 73.46 examples/s]
[1ATokenizing train dataset:  52%|█████▏    | 15714/30000 [04:04<03:36, 65.92 examples/s]
[1ATokenizing train dataset:  52%|█████▏    | 15721/30000 [04:04<03:44, 63.52 examples/s]
[1ATokenizing train dataset:  52%|█████▏    | 15730/30000 [04:04<03:34, 66.60 examples/s]
[1ATokenizing train dataset:  52%|█████▏    | 15738/30000 [04:04<03:27, 68.62 examples/s]
[1ATokenizing train dataset:  53%|█████▎    | 15751/30000 [04:04<02:55, 81.42 examples/s]
[1ATokenizing train dataset:  53%|█████▎    | 15760/30000 [04:04<03:23, 69.83 examples/s]
[1ATokenizing train dataset:  53%|█████▎    | 15771/30000 [04:05<03:27, 68.55 examples/s]
[1ATokenizing train dataset:  53%|█████▎    | 15781/30000 [04:05<03:45, 63.18 examples/s]
[1ATokenizing train dataset:  53%|█████▎    | 15792/30000 [04:05<03:26, 68.76 examples/s]
[1ATokenizing train dataset:  53%|█████▎    | 15802/30000 [04:05<03:19, 71.28 examples/s]
[1ATokenizing train dataset:  53%|█████▎    | 15810/30000 [04:05<03:25, 69.01 examples/s]
[1ATokenizing train dataset:  53%|█████▎    | 15821/30000 [04:05<03:29, 67.67 examples/s]
[1ATokenizing train dataset:  53%|█████▎    | 15828/30000 [04:05<03:36, 65.38 examples/s]
[1ATokenizing train dataset:  53%|█████▎    | 15839/30000 [04:06<03:21, 70.24 examples/s]
[1ATokenizing train dataset:  53%|█████▎    | 15849/30000 [04:06<03:04, 76.65 examples/s]
[1ATokenizing train dataset:  53%|█████▎    | 15859/30000 [04:06<03:30, 67.17 examples/s]
[1ATokenizing train dataset:  53%|█████▎    | 15868/30000 [04:06<03:23, 69.46 examples/s]
[1ATokenizing train dataset:  53%|█████▎    | 15878/30000 [04:06<03:48, 61.79 examples/s]
[1ATokenizing train dataset:  53%|█████▎    | 15888/30000 [04:06<03:55, 59.93 examples/s]
[1ATokenizing train dataset:  53%|█████▎    | 15900/30000 [04:06<03:23, 69.43 examples/s]
[1ATokenizing train dataset:  53%|█████▎    | 15909/30000 [04:07<03:17, 71.45 examples/s]
[1ATokenizing train dataset:  53%|█████▎    | 15920/30000 [04:07<03:34, 65.63 examples/s]
[1ATokenizing train dataset:  53%|█████▎    | 15929/30000 [04:07<03:33, 65.79 examples/s]
[1ATokenizing train dataset:  53%|█████▎    | 15936/30000 [04:07<03:39, 64.16 examples/s]
[1ATokenizing train dataset:  53%|█████▎    | 15945/30000 [04:07<03:57, 59.25 examples/s]
[1ATokenizing train dataset:  53%|█████▎    | 15953/30000 [04:07<03:56, 59.37 examples/s]
[1ATokenizing train dataset:  53%|█████▎    | 15963/30000 [04:07<03:33, 65.66 examples/s]
[1ATokenizing train dataset:  53%|█████▎    | 15970/30000 [04:08<03:41, 63.27 examples/s]
[1ATokenizing train dataset:  53%|█████▎    | 15984/30000 [04:08<03:01, 77.41 examples/s]
[1ATokenizing train dataset:  53%|█████▎    | 15994/30000 [04:08<03:16, 71.14 examples/s]
[1ATokenizing train dataset:  53%|█████▎    | 16004/30000 [04:09<06:41, 34.89 examples/s]
[1ATokenizing train dataset:  53%|█████▎    | 16010/30000 [04:09<06:16, 37.19 examples/s]
[1ATokenizing train dataset:  53%|█████▎    | 16016/30000 [04:09<05:53, 39.57 examples/s]
[1ATokenizing train dataset:  53%|█████▎    | 16025/30000 [04:09<05:03, 45.99 examples/s]
[1ATokenizing train dataset:  53%|█████▎    | 16035/30000 [04:09<04:17, 54.14 examples/s]
[1ATokenizing train dataset:  53%|█████▎    | 16042/30000 [04:09<04:16, 54.50 examples/s]
[1ATokenizing train dataset:  54%|█████▎    | 16053/30000 [04:09<03:32, 65.60 examples/s]
[1ATokenizing train dataset:  54%|█████▎    | 16065/30000 [04:09<03:22, 68.94 examples/s]
[1ATokenizing train dataset:  54%|█████▎    | 16075/30000 [04:10<03:14, 71.45 examples/s]
[1ATokenizing train dataset:  54%|█████▎    | 16087/30000 [04:10<03:19, 69.58 examples/s]
[1ATokenizing train dataset:  54%|█████▎    | 16097/30000 [04:10<03:36, 64.30 examples/s]
[1ATokenizing train dataset:  54%|█████▎    | 16104/30000 [04:10<03:33, 65.15 examples/s]
[1ATokenizing train dataset:  54%|█████▎    | 16113/30000 [04:10<03:21, 68.81 examples/s]
[1ATokenizing train dataset:  54%|█████▎    | 16124/30000 [04:10<02:59, 77.31 examples/s]
[1ATokenizing train dataset:  54%|█████▍    | 16135/30000 [04:10<03:13, 71.69 examples/s]
[1ATokenizing train dataset:  54%|█████▍    | 16145/30000 [04:10<03:05, 74.51 examples/s]
[1ATokenizing train dataset:  54%|█████▍    | 16155/30000 [04:11<02:59, 77.14 examples/s]
[1ATokenizing train dataset:  54%|█████▍    | 16166/30000 [04:11<03:14, 71.28 examples/s]
[1ATokenizing train dataset:  54%|█████▍    | 16176/30000 [04:11<03:35, 64.14 examples/s]
[1ATokenizing train dataset:  54%|█████▍    | 16184/30000 [04:11<04:09, 55.35 examples/s]
[1ATokenizing train dataset:  54%|█████▍    | 16194/30000 [04:11<03:49, 60.20 examples/s]
[1ATokenizing train dataset:  54%|█████▍    | 16206/30000 [04:11<03:29, 65.92 examples/s]
[1ATokenizing train dataset:  54%|█████▍    | 16215/30000 [04:12<03:52, 59.20 examples/s]
[1ATokenizing train dataset:  54%|█████▍    | 16223/30000 [04:12<03:49, 60.00 examples/s]
[1ATokenizing train dataset:  54%|█████▍    | 16232/30000 [04:12<04:11, 54.66 examples/s]
[1ATokenizing train dataset:  54%|█████▍    | 16240/30000 [04:12<04:18, 53.23 examples/s]
[1ATokenizing train dataset:  54%|█████▍    | 16251/30000 [04:12<04:01, 56.84 examples/s]
[1ATokenizing train dataset:  54%|█████▍    | 16259/30000 [04:12<04:12, 54.45 examples/s]
[1ATokenizing train dataset:  54%|█████▍    | 16268/30000 [04:13<04:24, 52.01 examples/s]
[1ATokenizing train dataset:  54%|█████▍    | 16277/30000 [04:13<03:53, 58.80 examples/s]
[1ATokenizing train dataset:  54%|█████▍    | 16286/30000 [04:13<03:39, 62.58 examples/s]
[1ATokenizing train dataset:  54%|█████▍    | 16293/30000 [04:13<03:45, 60.70 examples/s]
[1ATokenizing train dataset:  54%|█████▍    | 16303/30000 [04:13<03:23, 67.43 examples/s]
[1ATokenizing train dataset:  54%|█████▍    | 16310/30000 [04:13<03:35, 63.55 examples/s]
[1ATokenizing train dataset:  54%|█████▍    | 16320/30000 [04:13<03:13, 70.65 examples/s]
[1ATokenizing train dataset:  54%|█████▍    | 16328/30000 [04:14<03:25, 66.66 examples/s]
[1ATokenizing train dataset:  54%|█████▍    | 16337/30000 [04:14<03:22, 67.38 examples/s]
[1ATokenizing train dataset:  55%|█████▍    | 16351/30000 [04:14<03:08, 72.51 examples/s]
[1ATokenizing train dataset:  55%|█████▍    | 16361/30000 [04:14<02:54, 78.26 examples/s]
[1ATokenizing train dataset:  55%|█████▍    | 16370/30000 [04:14<03:21, 67.73 examples/s]
[1ATokenizing train dataset:  55%|█████▍    | 16380/30000 [04:14<03:08, 72.25 examples/s]
[1ATokenizing train dataset:  55%|█████▍    | 16390/30000 [04:14<02:59, 75.75 examples/s]
[1ATokenizing train dataset:  55%|█████▍    | 16400/30000 [04:15<03:25, 66.09 examples/s]
[1ATokenizing train dataset:  55%|█████▍    | 16410/30000 [04:15<03:16, 69.07 examples/s]
[1ATokenizing train dataset:  55%|█████▍    | 16424/30000 [04:15<03:02, 74.56 examples/s]
[1ATokenizing train dataset:  55%|█████▍    | 16437/30000 [04:15<02:44, 82.69 examples/s]
[1ATokenizing train dataset:  55%|█████▍    | 16447/30000 [04:15<03:05, 73.04 examples/s]
[1ATokenizing train dataset:  55%|█████▍    | 16457/30000 [04:15<02:58, 75.93 examples/s]
[1ATokenizing train dataset:  55%|█████▍    | 16467/30000 [04:15<03:18, 68.17 examples/s]
[1ATokenizing train dataset:  55%|█████▍    | 16475/30000 [04:16<03:18, 67.99 examples/s]
[1ATokenizing train dataset:  55%|█████▍    | 16485/30000 [04:16<03:03, 73.75 examples/s]
[1ATokenizing train dataset:  55%|█████▍    | 16493/30000 [04:16<03:03, 73.56 examples/s]
[1ATokenizing train dataset:  55%|█████▌    | 16507/30000 [04:16<02:32, 88.52 examples/s]
[1ATokenizing train dataset:  55%|█████▌    | 16520/30000 [04:16<02:38, 84.86 examples/s]
[1ATokenizing train dataset:  55%|█████▌    | 16533/30000 [04:16<02:51, 78.31 examples/s]
[1ATokenizing train dataset:  55%|█████▌    | 16544/30000 [04:16<03:09, 71.14 examples/s]
[1ATokenizing train dataset:  55%|█████▌    | 16552/30000 [04:17<03:13, 69.47 examples/s]
[1ATokenizing train dataset:  55%|█████▌    | 16563/30000 [04:17<03:21, 66.71 examples/s]
[1ATokenizing train dataset:  55%|█████▌    | 16572/30000 [04:17<03:38, 61.59 examples/s]
[1ATokenizing train dataset:  55%|█████▌    | 16579/30000 [04:17<03:41, 60.56 examples/s]
[1ATokenizing train dataset:  55%|█████▌    | 16592/30000 [04:17<03:00, 74.30 examples/s]
[1ATokenizing train dataset:  55%|█████▌    | 16603/30000 [04:17<02:45, 81.12 examples/s]
[1ATokenizing train dataset:  55%|█████▌    | 16614/30000 [04:17<02:56, 75.69 examples/s]
[1ATokenizing train dataset:  55%|█████▌    | 16622/30000 [04:18<03:04, 72.34 examples/s]
[1ATokenizing train dataset:  55%|█████▌    | 16634/30000 [04:18<02:54, 76.79 examples/s]
[1ATokenizing train dataset:  55%|█████▌    | 16643/30000 [04:18<03:12, 69.45 examples/s]
[1ATokenizing train dataset:  56%|█████▌    | 16655/30000 [04:18<03:14, 68.45 examples/s]
[1ATokenizing train dataset:  56%|█████▌    | 16667/30000 [04:18<02:55, 76.09 examples/s]
[1ATokenizing train dataset:  56%|█████▌    | 16679/30000 [04:18<02:47, 79.50 examples/s]
[1ATokenizing train dataset:  56%|█████▌    | 16689/30000 [04:18<03:01, 73.44 examples/s]
[1ATokenizing train dataset:  56%|█████▌    | 16700/30000 [04:19<02:47, 79.39 examples/s]
[1ATokenizing train dataset:  56%|█████▌    | 16709/30000 [04:19<03:14, 68.33 examples/s]
[1ATokenizing train dataset:  56%|█████▌    | 16717/30000 [04:19<03:17, 67.36 examples/s]
[1ATokenizing train dataset:  56%|█████▌    | 16726/30000 [04:19<03:30, 63.02 examples/s]
[1ATokenizing train dataset:  56%|█████▌    | 16733/30000 [04:19<03:28, 63.52 examples/s]
[1ATokenizing train dataset:  56%|█████▌    | 16744/30000 [04:19<03:04, 71.88 examples/s]
[1ATokenizing train dataset:  56%|█████▌    | 16757/30000 [04:19<02:42, 81.39 examples/s]
[1ATokenizing train dataset:  56%|█████▌    | 16768/30000 [04:20<02:55, 75.45 examples/s]
[1ATokenizing train dataset:  56%|█████▌    | 16779/30000 [04:20<02:53, 75.99 examples/s]
[1ATokenizing train dataset:  56%|█████▌    | 16788/30000 [04:20<02:56, 75.01 examples/s]
[1ATokenizing train dataset:  56%|█████▌    | 16796/30000 [04:20<03:12, 68.59 examples/s]
[1ATokenizing train dataset:  56%|█████▌    | 16803/30000 [04:20<03:15, 67.57 examples/s]
[1ATokenizing train dataset:  56%|█████▌    | 16811/30000 [04:20<03:13, 67.99 examples/s]
[1ATokenizing train dataset:  56%|█████▌    | 16822/30000 [04:20<02:57, 74.37 examples/s]
[1ATokenizing train dataset:  56%|█████▌    | 16835/30000 [04:20<02:31, 87.04 examples/s]
[1ATokenizing train dataset:  56%|█████▌    | 16847/30000 [04:21<02:42, 80.85 examples/s]
[1ATokenizing train dataset:  56%|█████▌    | 16858/30000 [04:21<02:56, 74.28 examples/s]
[1ATokenizing train dataset:  56%|█████▌    | 16866/30000 [04:21<03:10, 69.06 examples/s]
[1ATokenizing train dataset:  56%|█████▋    | 16875/30000 [04:21<03:04, 71.25 examples/s]
[1ATokenizing train dataset:  56%|█████▋    | 16884/30000 [04:21<03:29, 62.67 examples/s]
[1ATokenizing train dataset:  56%|█████▋    | 16896/30000 [04:21<03:02, 71.91 examples/s]
[1ATokenizing train dataset:  56%|█████▋    | 16906/30000 [04:21<02:53, 75.30 examples/s]
[1ATokenizing train dataset:  56%|█████▋    | 16915/30000 [04:22<02:57, 73.59 examples/s]
[1ATokenizing train dataset:  56%|█████▋    | 16927/30000 [04:22<02:57, 73.67 examples/s]
[1ATokenizing train dataset:  56%|█████▋    | 16935/30000 [04:22<03:01, 71.95 examples/s]
[1ATokenizing train dataset:  56%|█████▋    | 16944/30000 [04:22<02:57, 73.69 examples/s]
[1ATokenizing train dataset:  57%|█████▋    | 16959/30000 [04:22<02:23, 90.93 examples/s]
[1ATokenizing train dataset:  57%|█████▋    | 16971/30000 [04:22<03:08, 69.20 examples/s]
[1ATokenizing train dataset:  57%|█████▋    | 16982/30000 [04:22<02:57, 73.24 examples/s]
[1ATokenizing train dataset:  57%|█████▋    | 16991/30000 [04:23<02:54, 74.51 examples/s]
[1ATokenizing train dataset:  57%|█████▋    | 17000/30000 [04:23<05:29, 39.46 examples/s]
[1ATokenizing train dataset:  57%|█████▋    | 17009/30000 [04:23<05:10, 41.87 examples/s]
[1ATokenizing train dataset:  57%|█████▋    | 17015/30000 [04:23<04:56, 43.83 examples/s]
[1ATokenizing train dataset:  57%|█████▋    | 17025/30000 [04:24<04:02, 53.48 examples/s]
[1ATokenizing train dataset:  57%|█████▋    | 17035/30000 [04:24<04:01, 53.69 examples/s]
[1ATokenizing train dataset:  57%|█████▋    | 17044/30000 [04:24<04:03, 53.30 examples/s]
[1ATokenizing train dataset:  57%|█████▋    | 17053/30000 [04:24<04:02, 53.48 examples/s]
[1ATokenizing train dataset:  57%|█████▋    | 17061/30000 [04:24<03:48, 56.64 examples/s]
[1ATokenizing train dataset:  57%|█████▋    | 17071/30000 [04:24<03:21, 64.08 examples/s]
[1ATokenizing train dataset:  57%|█████▋    | 17080/30000 [04:24<03:37, 59.31 examples/s]
[1ATokenizing train dataset:  57%|█████▋    | 17092/30000 [04:25<03:01, 71.12 examples/s]
[1ATokenizing train dataset:  57%|█████▋    | 17102/30000 [04:25<03:16, 65.53 examples/s]
[1ATokenizing train dataset:  57%|█████▋    | 17114/30000 [04:25<03:22, 63.56 examples/s]
[1ATokenizing train dataset:  57%|█████▋    | 17121/30000 [04:25<03:29, 61.50 examples/s]
[1ATokenizing train dataset:  57%|█████▋    | 17132/30000 [04:25<03:27, 61.90 examples/s]
[1ATokenizing train dataset:  57%|█████▋    | 17143/30000 [04:25<03:01, 70.82 examples/s]
[1ATokenizing train dataset:  57%|█████▋    | 17152/30000 [04:25<02:59, 71.71 examples/s]
[1ATokenizing train dataset:  57%|█████▋    | 17165/30000 [04:26<02:57, 72.32 examples/s]
[1ATokenizing train dataset:  57%|█████▋    | 17177/30000 [04:26<03:02, 70.15 examples/s]
[1ATokenizing train dataset:  57%|█████▋    | 17186/30000 [04:26<02:59, 71.47 examples/s]
[1ATokenizing train dataset:  57%|█████▋    | 17194/30000 [04:26<03:05, 68.90 examples/s]
[1ATokenizing train dataset:  57%|█████▋    | 17202/30000 [04:26<03:13, 66.08 examples/s]
[1ATokenizing train dataset:  57%|█████▋    | 17214/30000 [04:26<02:48, 75.71 examples/s]
[1ATokenizing train dataset:  57%|█████▋    | 17222/30000 [04:26<02:54, 73.19 examples/s]
[1ATokenizing train dataset:  57%|█████▋    | 17236/30000 [04:27<02:47, 76.32 examples/s]
[1ATokenizing train dataset:  57%|█████▋    | 17247/30000 [04:27<02:58, 71.46 examples/s]
[1ATokenizing train dataset:  58%|█████▊    | 17256/30000 [04:27<03:29, 60.83 examples/s]
[1ATokenizing train dataset:  58%|█████▊    | 17270/30000 [04:27<02:49, 75.07 examples/s]
[1ATokenizing train dataset:  58%|█████▊    | 17284/30000 [04:27<02:44, 77.33 examples/s]
[1ATokenizing train dataset:  58%|█████▊    | 17293/30000 [04:27<02:45, 76.83 examples/s]
[1ATokenizing train dataset:  58%|█████▊    | 17308/30000 [04:28<02:35, 81.61 examples/s]
[1ATokenizing train dataset:  58%|█████▊    | 17319/30000 [04:28<02:53, 73.09 examples/s]
[1ATokenizing train dataset:  58%|█████▊    | 17330/30000 [04:28<03:01, 69.90 examples/s]
[1ATokenizing train dataset:  58%|█████▊    | 17340/30000 [04:28<03:06, 67.89 examples/s]
[1ATokenizing train dataset:  58%|█████▊    | 17348/30000 [04:28<03:06, 67.94 examples/s]
[1ATokenizing train dataset:  58%|█████▊    | 17363/30000 [04:28<02:35, 81.30 examples/s]
[1ATokenizing train dataset:  58%|█████▊    | 17372/30000 [04:28<02:50, 74.12 examples/s]
[1ATokenizing train dataset:  58%|█████▊    | 17384/30000 [04:29<02:50, 74.09 examples/s]
[1ATokenizing train dataset:  58%|█████▊    | 17392/30000 [04:29<02:55, 71.96 examples/s]
[1ATokenizing train dataset:  58%|█████▊    | 17403/30000 [04:29<02:59, 70.28 examples/s]
[1ATokenizing train dataset:  58%|█████▊    | 17411/30000 [04:29<02:56, 71.22 examples/s]
[1ATokenizing train dataset:  58%|█████▊    | 17422/30000 [04:29<02:38, 79.44 examples/s]
[1ATokenizing train dataset:  58%|█████▊    | 17435/30000 [04:29<02:19, 90.24 examples/s]
[1ATokenizing train dataset:  58%|█████▊    | 17450/30000 [04:29<02:22, 88.33 examples/s]
[1ATokenizing train dataset:  58%|█████▊    | 17462/30000 [04:30<02:37, 79.76 examples/s]
[1ATokenizing train dataset:  58%|█████▊    | 17472/30000 [04:30<02:59, 69.78 examples/s]
[1ATokenizing train dataset:  58%|█████▊    | 17481/30000 [04:30<03:15, 64.08 examples/s]
[1ATokenizing train dataset:  58%|█████▊    | 17493/30000 [04:30<02:55, 71.27 examples/s]
[1ATokenizing train dataset:  58%|█████▊    | 17503/30000 [04:30<02:47, 74.68 examples/s]
[1ATokenizing train dataset:  58%|█████▊    | 17511/30000 [04:30<02:46, 74.92 examples/s]
[1ATokenizing train dataset:  58%|█████▊    | 17524/30000 [04:30<02:35, 80.27 examples/s]
[1ATokenizing train dataset:  58%|█████▊    | 17533/30000 [04:31<02:36, 79.82 examples/s]
[1ATokenizing train dataset:  58%|█████▊    | 17546/30000 [04:31<02:46, 74.78 examples/s]
[1ATokenizing train dataset:  59%|█████▊    | 17556/30000 [04:31<03:01, 68.67 examples/s]
[1ATokenizing train dataset:  59%|█████▊    | 17567/30000 [04:31<02:43, 75.93 examples/s]
[1ATokenizing train dataset:  59%|█████▊    | 17581/30000 [04:31<02:17, 90.32 examples/s]
[1ATokenizing train dataset:  59%|█████▊    | 17594/30000 [04:31<02:39, 77.60 examples/s]
[1ATokenizing train dataset:  59%|█████▊    | 17605/30000 [04:32<02:45, 74.97 examples/s]
[1ATokenizing train dataset:  59%|█████▊    | 17616/30000 [04:32<02:59, 68.96 examples/s]
[1ATokenizing train dataset:  59%|█████▊    | 17624/30000 [04:32<03:02, 67.90 examples/s]
[1ATokenizing train dataset:  59%|█████▉    | 17633/30000 [04:32<02:55, 70.43 examples/s]
[1ATokenizing train dataset:  59%|█████▉    | 17641/30000 [04:32<02:56, 69.93 examples/s]
[1ATokenizing train dataset:  59%|█████▉    | 17657/30000 [04:32<02:27, 83.82 examples/s]
[1ATokenizing train dataset:  59%|█████▉    | 17670/30000 [04:32<02:30, 81.85 examples/s]
[1ATokenizing train dataset:  59%|█████▉    | 17679/30000 [04:33<02:33, 80.05 examples/s]
[1ATokenizing train dataset:  59%|█████▉    | 17689/30000 [04:33<02:55, 69.99 examples/s]
[1ATokenizing train dataset:  59%|█████▉    | 17698/30000 [04:33<02:48, 72.79 examples/s]
[1ATokenizing train dataset:  59%|█████▉    | 17709/30000 [04:33<02:39, 76.87 examples/s]
[1ATokenizing train dataset:  59%|█████▉    | 17719/30000 [04:33<02:33, 79.97 examples/s]
[1ATokenizing train dataset:  59%|█████▉    | 17730/30000 [04:33<02:27, 83.20 examples/s]
[1ATokenizing train dataset:  59%|█████▉    | 17743/30000 [04:33<02:31, 80.89 examples/s]
[1ATokenizing train dataset:  59%|█████▉    | 17752/30000 [04:34<02:45, 73.81 examples/s]
[1ATokenizing train dataset:  59%|█████▉    | 17762/30000 [04:34<03:03, 66.76 examples/s]
[1ATokenizing train dataset:  59%|█████▉    | 17769/30000 [04:34<03:13, 63.05 examples/s]
[1ATokenizing train dataset:  59%|█████▉    | 17777/30000 [04:34<03:10, 64.12 examples/s]
[1ATokenizing train dataset:  59%|█████▉    | 17788/30000 [04:34<02:44, 74.09 examples/s]
[1ATokenizing train dataset:  59%|█████▉    | 17802/30000 [04:34<02:23, 85.02 examples/s]
[1ATokenizing train dataset:  59%|█████▉    | 17815/30000 [04:34<02:32, 79.90 examples/s]
[1ATokenizing train dataset:  59%|█████▉    | 17824/30000 [04:35<02:43, 74.52 examples/s]
[1ATokenizing train dataset:  59%|█████▉    | 17832/30000 [04:35<02:47, 72.53 examples/s]
[1ATokenizing train dataset:  59%|█████▉    | 17843/30000 [04:35<03:00, 67.38 examples/s]
[1ATokenizing train dataset:  60%|█████▉    | 17853/30000 [04:35<02:47, 72.54 examples/s]
[1ATokenizing train dataset:  60%|█████▉    | 17867/30000 [04:35<02:35, 77.94 examples/s]
[1ATokenizing train dataset:  60%|█████▉    | 17877/30000 [04:35<02:29, 81.18 examples/s]
[1ATokenizing train dataset:  60%|█████▉    | 17891/30000 [04:35<02:32, 79.44 examples/s]
[1ATokenizing train dataset:  60%|█████▉    | 17902/30000 [04:36<02:38, 76.54 examples/s]
[1ATokenizing train dataset:  60%|█████▉    | 17911/30000 [04:36<03:04, 65.65 examples/s]
[1ATokenizing train dataset:  60%|█████▉    | 17920/30000 [04:36<03:16, 61.35 examples/s]
[1ATokenizing train dataset:  60%|█████▉    | 17928/30000 [04:36<03:06, 64.71 examples/s]
[1ATokenizing train dataset:  60%|█████▉    | 17937/30000 [04:36<02:59, 67.34 examples/s]
[1ATokenizing train dataset:  60%|█████▉    | 17948/30000 [04:36<02:47, 71.89 examples/s]
[1ATokenizing train dataset:  60%|█████▉    | 17956/30000 [04:36<03:20, 60.09 examples/s]
[1ATokenizing train dataset:  60%|█████▉    | 17971/30000 [04:37<03:02, 65.74 examples/s]
[1ATokenizing train dataset:  60%|█████▉    | 17979/30000 [04:37<03:00, 66.54 examples/s]
[1ATokenizing train dataset:  60%|█████▉    | 17987/30000 [04:37<03:05, 64.90 examples/s]
[1ATokenizing train dataset:  60%|█████▉    | 17994/30000 [04:37<03:06, 64.52 examples/s]
[1ATokenizing train dataset:  60%|██████    | 18004/30000 [04:38<06:11, 32.26 examples/s]
[1ATokenizing train dataset:  60%|██████    | 18010/30000 [04:38<05:47, 34.55 examples/s]
[1ATokenizing train dataset:  60%|██████    | 18018/30000 [04:38<04:53, 40.77 examples/s]
[1ATokenizing train dataset:  60%|██████    | 18025/30000 [04:38<04:23, 45.40 examples/s]
[1ATokenizing train dataset:  60%|██████    | 18032/30000 [04:38<04:05, 48.81 examples/s]
[1ATokenizing train dataset:  60%|██████    | 18039/30000 [04:38<03:55, 50.83 examples/s]
[1ATokenizing train dataset:  60%|██████    | 18051/30000 [04:38<03:13, 61.83 examples/s]
[1ATokenizing train dataset:  60%|██████    | 18062/30000 [04:39<03:14, 61.43 examples/s]
[1ATokenizing train dataset:  60%|██████    | 18071/30000 [04:39<03:03, 64.90 examples/s]
[1ATokenizing train dataset:  60%|██████    | 18078/30000 [04:39<03:07, 63.48 examples/s]
[1ATokenizing train dataset:  60%|██████    | 18086/30000 [04:39<03:02, 65.11 examples/s]
[1ATokenizing train dataset:  60%|██████    | 18100/30000 [04:39<02:24, 82.34 examples/s]
[1ATokenizing train dataset:  60%|██████    | 18111/30000 [04:39<02:46, 71.40 examples/s]
[1ATokenizing train dataset:  60%|██████    | 18123/30000 [04:39<02:49, 70.20 examples/s]
[1ATokenizing train dataset:  60%|██████    | 18131/30000 [04:40<03:09, 62.59 examples/s]
[1ATokenizing train dataset:  60%|██████    | 18139/30000 [04:40<03:14, 61.13 examples/s]
[1ATokenizing train dataset:  60%|██████    | 18148/30000 [04:40<03:00, 65.57 examples/s]
[1ATokenizing train dataset:  61%|██████    | 18158/30000 [04:40<03:11, 61.91 examples/s]
[1ATokenizing train dataset:  61%|██████    | 18167/30000 [04:40<03:03, 64.48 examples/s]
[1ATokenizing train dataset:  61%|██████    | 18180/30000 [04:40<02:33, 76.84 examples/s]
[1ATokenizing train dataset:  61%|██████    | 18192/30000 [04:40<02:34, 76.36 examples/s]
[1ATokenizing train dataset:  61%|██████    | 18200/30000 [04:40<02:33, 76.68 examples/s]
[1ATokenizing train dataset:  61%|██████    | 18209/30000 [04:41<02:40, 73.51 examples/s]
[1ATokenizing train dataset:  61%|██████    | 18221/30000 [04:41<02:43, 71.98 examples/s]
[1ATokenizing train dataset:  61%|██████    | 18231/30000 [04:41<02:36, 75.23 examples/s]
[1ATokenizing train dataset:  61%|██████    | 18243/30000 [04:41<02:24, 81.16 examples/s]
[1ATokenizing train dataset:  61%|██████    | 18253/30000 [04:41<02:29, 78.76 examples/s]
[1ATokenizing train dataset:  61%|██████    | 18268/30000 [04:41<02:29, 78.35 examples/s]
[1ATokenizing train dataset:  61%|██████    | 18278/30000 [04:42<02:48, 69.40 examples/s]
[1ATokenizing train dataset:  61%|██████    | 18288/30000 [04:42<02:42, 72.09 examples/s]
[1ATokenizing train dataset:  61%|██████    | 18298/30000 [04:42<02:59, 65.31 examples/s]
[1ATokenizing train dataset:  61%|██████    | 18309/30000 [04:42<02:43, 71.37 examples/s]
[1ATokenizing train dataset:  61%|██████    | 18325/30000 [04:42<02:14, 86.71 examples/s]
[1ATokenizing train dataset:  61%|██████    | 18335/30000 [04:42<02:33, 76.00 examples/s]
[1ATokenizing train dataset:  61%|██████    | 18345/30000 [04:42<02:33, 75.96 examples/s]
[1ATokenizing train dataset:  61%|██████    | 18354/30000 [04:43<02:33, 75.77 examples/s]
[1ATokenizing train dataset:  61%|██████    | 18366/30000 [04:43<02:39, 73.01 examples/s]
[1ATokenizing train dataset:  61%|██████▏   | 18375/30000 [04:43<02:36, 74.50 examples/s]
[1ATokenizing train dataset:  61%|██████▏   | 18383/30000 [04:43<02:36, 74.03 examples/s]
[1ATokenizing train dataset:  61%|██████▏   | 18395/30000 [04:43<02:28, 78.07 examples/s]
[1ATokenizing train dataset:  61%|██████▏   | 18403/30000 [04:43<02:33, 75.75 examples/s]
[1ATokenizing train dataset:  61%|██████▏   | 18411/30000 [04:43<02:39, 72.74 examples/s]
[1ATokenizing train dataset:  61%|██████▏   | 18420/30000 [04:43<02:38, 72.89 examples/s]
[1ATokenizing train dataset:  61%|██████▏   | 18430/30000 [04:44<03:01, 63.69 examples/s]
[1ATokenizing train dataset:  61%|██████▏   | 18440/30000 [04:44<02:45, 69.95 examples/s]
[1ATokenizing train dataset:  62%|██████▏   | 18453/30000 [04:44<02:43, 70.52 examples/s]
[1ATokenizing train dataset:  62%|██████▏   | 18462/30000 [04:44<02:35, 74.43 examples/s]
[1ATokenizing train dataset:  62%|██████▏   | 18473/30000 [04:44<02:24, 79.85 examples/s]
[1ATokenizing train dataset:  62%|██████▏   | 18487/30000 [04:44<02:42, 71.07 examples/s]
[1ATokenizing train dataset:  62%|██████▏   | 18496/30000 [04:45<02:39, 72.03 examples/s]
[1ATokenizing train dataset:  62%|██████▏   | 18504/30000 [04:45<02:45, 69.33 examples/s]
[1ATokenizing train dataset:  62%|██████▏   | 18513/30000 [04:45<02:43, 70.22 examples/s]
[1ATokenizing train dataset:  62%|██████▏   | 18525/30000 [04:45<02:56, 64.90 examples/s]
[1ATokenizing train dataset:  62%|██████▏   | 18539/30000 [04:45<02:27, 77.51 examples/s]
[1ATokenizing train dataset:  62%|██████▏   | 18552/30000 [04:45<02:24, 79.31 examples/s]
[1ATokenizing train dataset:  62%|██████▏   | 18562/30000 [04:45<02:39, 71.52 examples/s]
[1ATokenizing train dataset:  62%|██████▏   | 18572/30000 [04:46<02:39, 71.71 examples/s]
[1ATokenizing train dataset:  62%|██████▏   | 18581/30000 [04:46<02:40, 71.00 examples/s]
[1ATokenizing train dataset:  62%|██████▏   | 18590/30000 [04:46<03:02, 62.59 examples/s]
[1ATokenizing train dataset:  62%|██████▏   | 18597/30000 [04:46<03:01, 62.82 examples/s]
[1ATokenizing train dataset:  62%|██████▏   | 18604/30000 [04:46<03:06, 61.12 examples/s]
[1ATokenizing train dataset:  62%|██████▏   | 18616/30000 [04:46<02:34, 73.76 examples/s]
[1ATokenizing train dataset:  62%|██████▏   | 18626/30000 [04:46<02:22, 79.59 examples/s]
[1ATokenizing train dataset:  62%|██████▏   | 18637/30000 [04:46<02:30, 75.64 examples/s]
[1ATokenizing train dataset:  62%|██████▏   | 18648/30000 [04:47<02:42, 69.93 examples/s]
[1ATokenizing train dataset:  62%|██████▏   | 18659/30000 [04:47<02:55, 64.71 examples/s]
[1ATokenizing train dataset:  62%|██████▏   | 18667/30000 [04:47<02:54, 65.00 examples/s]
[1ATokenizing train dataset:  62%|██████▏   | 18675/30000 [04:47<02:56, 64.22 examples/s]
[1ATokenizing train dataset:  62%|██████▏   | 18687/30000 [04:47<02:58, 63.40 examples/s]
[1ATokenizing train dataset:  62%|██████▏   | 18698/30000 [04:47<02:45, 68.28 examples/s]
[1ATokenizing train dataset:  62%|██████▏   | 18708/30000 [04:48<02:59, 62.97 examples/s]
[1ATokenizing train dataset:  62%|██████▏   | 18721/30000 [04:48<02:31, 74.60 examples/s]
[1ATokenizing train dataset:  62%|██████▏   | 18731/30000 [04:48<02:41, 69.99 examples/s]
[1ATokenizing train dataset:  62%|██████▏   | 18739/30000 [04:48<02:42, 69.34 examples/s]
[1ATokenizing train dataset:  62%|██████▏   | 18747/30000 [04:48<03:02, 61.61 examples/s]
[1ATokenizing train dataset:  63%|██████▎   | 18754/30000 [04:48<02:59, 62.64 examples/s]
[1ATokenizing train dataset:  63%|██████▎   | 18765/30000 [04:48<02:35, 72.45 examples/s]
[1ATokenizing train dataset:  63%|██████▎   | 18773/30000 [04:49<02:34, 72.89 examples/s]
[1ATokenizing train dataset:  63%|██████▎   | 18781/30000 [04:49<02:36, 71.89 examples/s]
[1ATokenizing train dataset:  63%|██████▎   | 18791/30000 [04:49<02:31, 74.01 examples/s]
[1ATokenizing train dataset:  63%|██████▎   | 18800/30000 [04:49<02:50, 65.56 examples/s]
[1ATokenizing train dataset:  63%|██████▎   | 18809/30000 [04:49<02:43, 68.65 examples/s]
[1ATokenizing train dataset:  63%|██████▎   | 18817/30000 [04:49<02:39, 70.18 examples/s]
[1ATokenizing train dataset:  63%|██████▎   | 18828/30000 [04:49<02:47, 66.65 examples/s]
[1ATokenizing train dataset:  63%|██████▎   | 18837/30000 [04:49<02:38, 70.56 examples/s]
[1ATokenizing train dataset:  63%|██████▎   | 18853/30000 [04:50<02:09, 86.36 examples/s]
[1ATokenizing train dataset:  63%|██████▎   | 18863/30000 [04:50<02:09, 85.70 examples/s]
[1ATokenizing train dataset:  63%|██████▎   | 18872/30000 [04:50<02:10, 85.53 examples/s]
[1ATokenizing train dataset:  63%|██████▎   | 18882/30000 [04:50<02:12, 83.70 examples/s]
[1ATokenizing train dataset:  63%|██████▎   | 18891/30000 [04:50<02:15, 81.81 examples/s]
[1ATokenizing train dataset:  63%|██████▎   | 18900/30000 [04:50<02:37, 70.50 examples/s]
[1ATokenizing train dataset:  63%|██████▎   | 18911/30000 [04:50<02:29, 74.22 examples/s]
[1ATokenizing train dataset:  63%|██████▎   | 18921/30000 [04:50<02:25, 76.14 examples/s]
[1ATokenizing train dataset:  63%|██████▎   | 18929/30000 [04:51<02:56, 62.59 examples/s]
[1ATokenizing train dataset:  63%|██████▎   | 18939/30000 [04:51<02:49, 65.43 examples/s]
[1ATokenizing train dataset:  63%|██████▎   | 18946/30000 [04:51<02:54, 63.24 examples/s]
[1ATokenizing train dataset:  63%|██████▎   | 18955/30000 [04:51<03:08, 58.58 examples/s]
[1ATokenizing train dataset:  63%|██████▎   | 18963/30000 [04:51<03:03, 60.02 examples/s]
[1ATokenizing train dataset:  63%|██████▎   | 18975/30000 [04:51<02:37, 70.12 examples/s]
[1ATokenizing train dataset:  63%|██████▎   | 18984/30000 [04:51<02:36, 70.21 examples/s]
[1ATokenizing train dataset:  63%|██████▎   | 18998/30000 [04:52<02:10, 84.44 examples/s]
[1ATokenizing train dataset:  63%|██████▎   | 19009/30000 [04:52<04:32, 40.28 examples/s]
[1ATokenizing train dataset:  63%|██████▎   | 19018/30000 [04:52<03:56, 46.43 examples/s]
[1ATokenizing train dataset:  63%|██████▎   | 19027/30000 [04:52<03:36, 50.60 examples/s]
[1ATokenizing train dataset:  63%|██████▎   | 19034/30000 [04:53<03:30, 51.99 examples/s]
[1ATokenizing train dataset:  63%|██████▎   | 19041/30000 [04:53<03:19, 55.05 examples/s]
[1ATokenizing train dataset:  63%|██████▎   | 19049/30000 [04:53<03:14, 56.16 examples/s]
[1ATokenizing train dataset:  64%|██████▎   | 19057/30000 [04:53<03:06, 58.68 examples/s]
[1ATokenizing train dataset:  64%|██████▎   | 19065/30000 [04:53<03:04, 59.42 examples/s]
[1ATokenizing train dataset:  64%|██████▎   | 19076/30000 [04:53<02:36, 69.80 examples/s]
[1ATokenizing train dataset:  64%|██████▎   | 19086/30000 [04:53<02:46, 65.65 examples/s]
[1ATokenizing train dataset:  64%|██████▎   | 19099/30000 [04:53<02:20, 77.38 examples/s]
[1ATokenizing train dataset:  64%|██████▎   | 19110/30000 [04:54<02:32, 71.64 examples/s]
[1ATokenizing train dataset:  64%|██████▎   | 19120/30000 [04:54<02:48, 64.67 examples/s]
[1ATokenizing train dataset:  64%|██████▍   | 19130/30000 [04:54<02:38, 68.65 examples/s]
[1ATokenizing train dataset:  64%|██████▍   | 19138/30000 [04:54<02:38, 68.39 examples/s]
[1ATokenizing train dataset:  64%|██████▍   | 19146/30000 [04:54<02:40, 67.62 examples/s]
[1ATokenizing train dataset:  64%|██████▍   | 19160/30000 [04:54<02:12, 81.76 examples/s]
[1ATokenizing train dataset:  64%|██████▍   | 19170/30000 [04:54<02:27, 73.65 examples/s]
[1ATokenizing train dataset:  64%|██████▍   | 19182/30000 [04:55<02:16, 79.48 examples/s]
[1ATokenizing train dataset:  64%|██████▍   | 19192/30000 [04:55<02:15, 79.64 examples/s]
[1ATokenizing train dataset:  64%|██████▍   | 19203/30000 [04:55<02:11, 82.15 examples/s]
[1ATokenizing train dataset:  64%|██████▍   | 19212/30000 [04:55<02:14, 80.11 examples/s]
[1ATokenizing train dataset:  64%|██████▍   | 19222/30000 [04:55<02:29, 71.89 examples/s]
[1ATokenizing train dataset:  64%|██████▍   | 19232/30000 [04:55<02:20, 76.80 examples/s]
[1ATokenizing train dataset:  64%|██████▍   | 19241/30000 [04:55<02:20, 76.48 examples/s]
[1ATokenizing train dataset:  64%|██████▍   | 19251/30000 [04:56<02:20, 76.50 examples/s]
[1ATokenizing train dataset:  64%|██████▍   | 19260/30000 [04:56<02:17, 77.85 examples/s]
[1ATokenizing train dataset:  64%|██████▍   | 19269/30000 [04:56<02:15, 79.21 examples/s]
[1ATokenizing train dataset:  64%|██████▍   | 19281/30000 [04:56<02:22, 74.98 examples/s]
[1ATokenizing train dataset:  64%|██████▍   | 19292/30000 [04:56<02:29, 71.48 examples/s]
[1ATokenizing train dataset:  64%|██████▍   | 19300/30000 [04:56<02:38, 67.52 examples/s]
[1ATokenizing train dataset:  64%|██████▍   | 19310/30000 [04:56<02:27, 72.45 examples/s]
[1ATokenizing train dataset:  64%|██████▍   | 19320/30000 [04:56<02:20, 75.75 examples/s]
[1ATokenizing train dataset:  64%|██████▍   | 19329/30000 [04:57<02:33, 69.35 examples/s]
[1ATokenizing train dataset:  64%|██████▍   | 19339/30000 [04:57<02:32, 69.80 examples/s]
[1ATokenizing train dataset:  64%|██████▍   | 19347/30000 [04:57<02:53, 61.49 examples/s]
[1ATokenizing train dataset:  65%|██████▍   | 19356/30000 [04:57<02:45, 64.48 examples/s]
[1ATokenizing train dataset:  65%|██████▍   | 19363/30000 [04:57<02:47, 63.46 examples/s]
[1ATokenizing train dataset:  65%|██████▍   | 19371/30000 [04:57<02:45, 64.22 examples/s]
[1ATokenizing train dataset:  65%|██████▍   | 19378/30000 [04:57<02:47, 63.42 examples/s]
[1ATokenizing train dataset:  65%|██████▍   | 19392/30000 [04:58<02:09, 82.19 examples/s]
[1ATokenizing train dataset:  65%|██████▍   | 19405/30000 [04:58<02:12, 79.85 examples/s]
[1ATokenizing train dataset:  65%|██████▍   | 19418/30000 [04:58<02:00, 87.69 examples/s]
[1ATokenizing train dataset:  65%|██████▍   | 19428/30000 [04:58<02:19, 75.53 examples/s]
[1ATokenizing train dataset:  65%|██████▍   | 19438/30000 [04:58<02:14, 78.75 examples/s]
[1ATokenizing train dataset:  65%|██████▍   | 19448/30000 [04:58<02:11, 80.27 examples/s]
[1ATokenizing train dataset:  65%|██████▍   | 19458/30000 [04:58<02:29, 70.52 examples/s]
[1ATokenizing train dataset:  65%|██████▍   | 19470/30000 [04:59<02:13, 79.10 examples/s]
[1ATokenizing train dataset:  65%|██████▍   | 19479/30000 [04:59<02:15, 77.71 examples/s]
[1ATokenizing train dataset:  65%|██████▍   | 19492/30000 [04:59<02:22, 73.87 examples/s]
[1ATokenizing train dataset:  65%|██████▌   | 19504/30000 [04:59<02:22, 73.56 examples/s]
[1ATokenizing train dataset:  65%|██████▌   | 19512/30000 [04:59<02:28, 70.65 examples/s]
[1ATokenizing train dataset:  65%|██████▌   | 19522/30000 [04:59<02:40, 65.26 examples/s]
[1ATokenizing train dataset:  65%|██████▌   | 19530/30000 [04:59<02:41, 64.96 examples/s]
[1ATokenizing train dataset:  65%|██████▌   | 19543/30000 [05:00<02:17, 75.96 examples/s]
[1ATokenizing train dataset:  65%|██████▌   | 19553/30000 [05:00<02:11, 79.58 examples/s]
[1ATokenizing train dataset:  65%|██████▌   | 19564/30000 [05:00<02:08, 81.47 examples/s]
[1ATokenizing train dataset:  65%|██████▌   | 19573/30000 [05:00<02:26, 70.97 examples/s]
[1ATokenizing train dataset:  65%|██████▌   | 19581/30000 [05:00<02:46, 62.54 examples/s]
[1ATokenizing train dataset:  65%|██████▌   | 19588/30000 [05:00<02:46, 62.36 examples/s]
[1ATokenizing train dataset:  65%|██████▌   | 19597/30000 [05:00<02:40, 64.65 examples/s]
[1ATokenizing train dataset:  65%|██████▌   | 19607/30000 [05:00<02:29, 69.55 examples/s]
[1ATokenizing train dataset:  65%|██████▌   | 19615/30000 [05:01<02:27, 70.40 examples/s]
[1ATokenizing train dataset:  65%|██████▌   | 19624/30000 [05:01<02:21, 73.26 examples/s]
[1ATokenizing train dataset:  65%|██████▌   | 19632/30000 [05:01<02:25, 71.36 examples/s]
[1ATokenizing train dataset:  65%|██████▌   | 19642/30000 [05:01<02:32, 67.91 examples/s]
[1ATokenizing train dataset:  66%|██████▌   | 19650/30000 [05:01<02:40, 64.65 examples/s]
[1ATokenizing train dataset:  66%|██████▌   | 19659/30000 [05:01<02:29, 69.37 examples/s]
[1ATokenizing train dataset:  66%|██████▌   | 19668/30000 [05:01<02:24, 71.32 examples/s]
[1ATokenizing train dataset:  66%|██████▌   | 19678/30000 [05:01<02:18, 74.48 examples/s]
[1ATokenizing train dataset:  66%|██████▌   | 19691/30000 [05:02<02:21, 72.95 examples/s]
[1ATokenizing train dataset:  66%|██████▌   | 19702/30000 [05:02<02:16, 75.57 examples/s]
[1ATokenizing train dataset:  66%|██████▌   | 19712/30000 [05:02<02:28, 69.35 examples/s]
[1ATokenizing train dataset:  66%|██████▌   | 19722/30000 [05:02<02:17, 74.81 examples/s]
[1ATokenizing train dataset:  66%|██████▌   | 19731/30000 [05:02<02:12, 77.57 examples/s]
[1ATokenizing train dataset:  66%|██████▌   | 19739/30000 [05:02<02:21, 72.51 examples/s]
[1ATokenizing train dataset:  66%|██████▌   | 19748/30000 [05:02<02:18, 74.03 examples/s]
[1ATokenizing train dataset:  66%|██████▌   | 19762/30000 [05:03<02:14, 75.98 examples/s]
[1ATokenizing train dataset:  66%|██████▌   | 19774/30000 [05:03<02:19, 73.26 examples/s]
[1ATokenizing train dataset:  66%|██████▌   | 19783/30000 [05:03<02:19, 73.18 examples/s]
[1ATokenizing train dataset:  66%|██████▌   | 19795/30000 [05:03<02:09, 78.91 examples/s]
[1ATokenizing train dataset:  66%|██████▌   | 19804/30000 [05:03<02:28, 68.89 examples/s]
[1ATokenizing train dataset:  66%|██████▌   | 19815/30000 [05:03<02:17, 74.17 examples/s]
[1ATokenizing train dataset:  66%|██████▌   | 19826/30000 [05:04<02:26, 69.39 examples/s]
[1ATokenizing train dataset:  66%|██████▌   | 19838/30000 [05:04<02:07, 79.69 examples/s]
[1ATokenizing train dataset:  66%|██████▌   | 19849/30000 [05:04<02:17, 73.86 examples/s]
[1ATokenizing train dataset:  66%|██████▌   | 19857/30000 [05:04<02:16, 74.05 examples/s]
[1ATokenizing train dataset:  66%|██████▌   | 19868/30000 [05:04<02:11, 77.25 examples/s]
[1ATokenizing train dataset:  66%|██████▋   | 19877/30000 [05:04<02:14, 75.17 examples/s]
[1ATokenizing train dataset:  66%|██████▋   | 19886/30000 [05:04<02:14, 75.08 examples/s]
[1ATokenizing train dataset:  66%|██████▋   | 19896/30000 [05:04<02:16, 74.10 examples/s]
[1ATokenizing train dataset:  66%|██████▋   | 19910/30000 [05:05<02:02, 82.57 examples/s]
[1ATokenizing train dataset:  66%|██████▋   | 19920/30000 [05:05<02:00, 83.90 examples/s]
[1ATokenizing train dataset:  66%|██████▋   | 19929/30000 [05:05<02:20, 71.83 examples/s]
[1ATokenizing train dataset:  66%|██████▋   | 19939/30000 [05:05<02:12, 75.77 examples/s]
[1ATokenizing train dataset:  66%|██████▋   | 19948/30000 [05:05<02:27, 68.21 examples/s]
[1ATokenizing train dataset:  67%|██████▋   | 19957/30000 [05:05<02:20, 71.51 examples/s]
[1ATokenizing train dataset:  67%|██████▋   | 19966/30000 [05:05<02:18, 72.57 examples/s]
[1ATokenizing train dataset:  67%|██████▋   | 19975/30000 [05:05<02:17, 72.86 examples/s]
[1ATokenizing train dataset:  67%|██████▋   | 19988/30000 [05:06<02:05, 80.08 examples/s]
[1ATokenizing train dataset:  67%|██████▋   | 19997/30000 [05:06<02:22, 69.98 examples/s]
[1ATokenizing train dataset:  67%|██████▋   | 20006/30000 [05:06<04:34, 36.35 examples/s]
[1ATokenizing train dataset:  67%|██████▋   | 20015/30000 [05:07<04:08, 40.11 examples/s]
[1ATokenizing train dataset:  67%|██████▋   | 20025/30000 [05:07<03:31, 47.09 examples/s]
[1ATokenizing train dataset:  67%|██████▋   | 20033/30000 [05:07<03:17, 50.57 examples/s]
[1ATokenizing train dataset:  67%|██████▋   | 20041/30000 [05:07<03:03, 54.16 examples/s]
[1ATokenizing train dataset:  67%|██████▋   | 20050/30000 [05:07<03:11, 51.83 examples/s]
[1ATokenizing train dataset:  67%|██████▋   | 20058/30000 [05:07<03:01, 54.68 examples/s]
[1ATokenizing train dataset:  67%|██████▋   | 20066/30000 [05:07<02:47, 59.21 examples/s]
[1ATokenizing train dataset:  67%|██████▋   | 20073/30000 [05:07<02:50, 58.05 examples/s]
[1ATokenizing train dataset:  67%|██████▋   | 20084/30000 [05:08<02:23, 69.12 examples/s]
[1ATokenizing train dataset:  67%|██████▋   | 20092/30000 [05:08<02:23, 69.08 examples/s]
[1ATokenizing train dataset:  67%|██████▋   | 20101/30000 [05:08<02:24, 68.73 examples/s]
[1ATokenizing train dataset:  67%|██████▋   | 20110/30000 [05:08<02:34, 63.92 examples/s]
[1ATokenizing train dataset:  67%|██████▋   | 20119/30000 [05:08<02:46, 59.47 examples/s]
[1ATokenizing train dataset:  67%|██████▋   | 20128/30000 [05:08<02:44, 60.10 examples/s]
[1ATokenizing train dataset:  67%|██████▋   | 20141/30000 [05:08<02:34, 64.00 examples/s]
[1ATokenizing train dataset:  67%|██████▋   | 20148/30000 [05:09<02:39, 61.96 examples/s]
[1ATokenizing train dataset:  67%|██████▋   | 20157/30000 [05:09<02:33, 64.04 examples/s]
[1ATokenizing train dataset:  67%|██████▋   | 20169/30000 [05:09<02:10, 75.39 examples/s]
[1ATokenizing train dataset:  67%|██████▋   | 20177/30000 [05:09<02:15, 72.54 examples/s]
[1ATokenizing train dataset:  67%|██████▋   | 20187/30000 [05:09<02:37, 62.22 examples/s]
[1ATokenizing train dataset:  67%|██████▋   | 20197/30000 [05:09<02:41, 60.77 examples/s]
[1ATokenizing train dataset:  67%|██████▋   | 20206/30000 [05:09<02:32, 64.02 examples/s]
[1ATokenizing train dataset:  67%|██████▋   | 20214/30000 [05:10<02:32, 64.28 examples/s]
[1ATokenizing train dataset:  67%|██████▋   | 20225/30000 [05:10<02:16, 71.62 examples/s]
[1ATokenizing train dataset:  67%|██████▋   | 20237/30000 [05:10<02:12, 73.53 examples/s]
[1ATokenizing train dataset:  67%|██████▋   | 20245/30000 [05:10<02:19, 70.18 examples/s]
[1ATokenizing train dataset:  68%|██████▊   | 20254/30000 [05:10<02:15, 71.96 examples/s]
[1ATokenizing train dataset:  68%|██████▊   | 20263/30000 [05:10<02:15, 71.74 examples/s]
[1ATokenizing train dataset:  68%|██████▊   | 20274/30000 [05:10<02:18, 70.47 examples/s]
[1ATokenizing train dataset:  68%|██████▊   | 20285/30000 [05:10<02:05, 77.39 examples/s]
[1ATokenizing train dataset:  68%|██████▊   | 20296/30000 [05:11<01:58, 82.06 examples/s]
[1ATokenizing train dataset:  68%|██████▊   | 20306/30000 [05:11<02:16, 70.87 examples/s]
[1ATokenizing train dataset:  68%|██████▊   | 20316/30000 [05:11<02:07, 76.01 examples/s]
[1ATokenizing train dataset:  68%|██████▊   | 20328/30000 [05:11<02:14, 72.07 examples/s]
[1ATokenizing train dataset:  68%|██████▊   | 20340/30000 [05:11<02:19, 69.12 examples/s]
[1ATokenizing train dataset:  68%|██████▊   | 20348/30000 [05:11<02:21, 68.23 examples/s]
[1ATokenizing train dataset:  68%|██████▊   | 20356/30000 [05:12<02:42, 59.48 examples/s]
[1ATokenizing train dataset:  68%|██████▊   | 20364/30000 [05:12<02:34, 62.50 examples/s]
[1ATokenizing train dataset:  68%|██████▊   | 20375/30000 [05:12<02:17, 69.99 examples/s]
[1ATokenizing train dataset:  68%|██████▊   | 20383/30000 [05:12<02:35, 61.72 examples/s]
[1ATokenizing train dataset:  68%|██████▊   | 20395/30000 [05:12<02:26, 65.69 examples/s]
[1ATokenizing train dataset:  68%|██████▊   | 20404/30000 [05:12<02:40, 59.82 examples/s]
[1ATokenizing train dataset:  68%|██████▊   | 20414/30000 [05:13<02:45, 57.82 examples/s]
[1ATokenizing train dataset:  68%|██████▊   | 20422/30000 [05:13<02:56, 54.14 examples/s]
[1ATokenizing train dataset:  68%|██████▊   | 20430/30000 [05:13<03:00, 52.90 examples/s]
[1ATokenizing train dataset:  68%|██████▊   | 20437/30000 [05:13<03:22, 47.13 examples/s]
[1ATokenizing train dataset:  68%|██████▊   | 20448/30000 [05:13<02:47, 56.94 examples/s]
[1ATokenizing train dataset:  68%|██████▊   | 20457/30000 [05:13<02:57, 53.78 examples/s]
[1ATokenizing train dataset:  68%|██████▊   | 20464/30000 [05:13<02:51, 55.46 examples/s]
[1ATokenizing train dataset:  68%|██████▊   | 20471/30000 [05:14<02:47, 57.01 examples/s]
[1ATokenizing train dataset:  68%|██████▊   | 20478/30000 [05:14<02:46, 57.30 examples/s]
[1ATokenizing train dataset:  68%|██████▊   | 20485/30000 [05:14<02:39, 59.61 examples/s]
[1ATokenizing train dataset:  68%|██████▊   | 20493/30000 [05:14<02:30, 63.32 examples/s]
[1ATokenizing train dataset:  68%|██████▊   | 20504/30000 [05:14<02:26, 64.87 examples/s]
[1ATokenizing train dataset:  68%|██████▊   | 20519/30000 [05:14<01:57, 80.75 examples/s]
[1ATokenizing train dataset:  68%|██████▊   | 20528/30000 [05:14<02:09, 73.15 examples/s]
[1ATokenizing train dataset:  68%|██████▊   | 20543/30000 [05:14<01:48, 87.56 examples/s]
[1ATokenizing train dataset:  69%|██████▊   | 20557/30000 [05:15<01:52, 83.86 examples/s]
[1ATokenizing train dataset:  69%|██████▊   | 20568/30000 [05:15<02:08, 73.59 examples/s]
[1ATokenizing train dataset:  69%|██████▊   | 20577/30000 [05:15<02:11, 71.46 examples/s]
[1ATokenizing train dataset:  69%|██████▊   | 20588/30000 [05:15<01:59, 78.59 examples/s]
[1ATokenizing train dataset:  69%|██████▊   | 20597/30000 [05:15<02:03, 75.88 examples/s]
[1ATokenizing train dataset:  69%|██████▊   | 20611/30000 [05:15<01:53, 82.72 examples/s]
[1ATokenizing train dataset:  69%|██████▊   | 20620/30000 [05:16<02:10, 71.79 examples/s]
[1ATokenizing train dataset:  69%|██████▉   | 20629/30000 [05:16<02:26, 64.03 examples/s]
[1ATokenizing train dataset:  69%|██████▉   | 20640/30000 [05:16<02:23, 65.02 examples/s]
[1ATokenizing train dataset:  69%|██████▉   | 20648/30000 [05:16<02:21, 66.00 examples/s]
[1ATokenizing train dataset:  69%|██████▉   | 20658/30000 [05:16<02:07, 73.02 examples/s]
[1ATokenizing train dataset:  69%|██████▉   | 20669/30000 [05:16<01:55, 80.57 examples/s]
[1ATokenizing train dataset:  69%|██████▉   | 20679/30000 [05:16<01:53, 82.23 examples/s]
[1ATokenizing train dataset:  69%|██████▉   | 20690/30000 [05:17<02:05, 74.05 examples/s]
[1ATokenizing train dataset:  69%|██████▉   | 20701/30000 [05:17<02:18, 67.38 examples/s]
[1ATokenizing train dataset:  69%|██████▉   | 20711/30000 [05:17<02:31, 61.34 examples/s]
[1ATokenizing train dataset:  69%|██████▉   | 20720/30000 [05:17<02:25, 63.98 examples/s]
[1ATokenizing train dataset:  69%|██████▉   | 20735/30000 [05:17<01:52, 82.09 examples/s]
[1ATokenizing train dataset:  69%|██████▉   | 20745/30000 [05:17<02:00, 77.08 examples/s]
[1ATokenizing train dataset:  69%|██████▉   | 20757/30000 [05:17<01:59, 77.42 examples/s]
[1ATokenizing train dataset:  69%|██████▉   | 20768/30000 [05:18<02:12, 69.81 examples/s]
[1ATokenizing train dataset:  69%|██████▉   | 20777/30000 [05:18<02:25, 63.21 examples/s]
[1ATokenizing train dataset:  69%|██████▉   | 20785/30000 [05:18<02:21, 65.27 examples/s]
[1ATokenizing train dataset:  69%|██████▉   | 20793/30000 [05:18<02:32, 60.20 examples/s]
[1ATokenizing train dataset:  69%|██████▉   | 20807/30000 [05:18<02:04, 73.88 examples/s]
[1ATokenizing train dataset:  69%|██████▉   | 20816/30000 [05:18<02:06, 72.59 examples/s]
[1ATokenizing train dataset:  69%|██████▉   | 20827/30000 [05:18<01:55, 79.69 examples/s]
[1ATokenizing train dataset:  69%|██████▉   | 20837/30000 [05:19<02:15, 67.65 examples/s]
[1ATokenizing train dataset:  69%|██████▉   | 20846/30000 [05:19<02:14, 67.85 examples/s]
[1ATokenizing train dataset:  70%|██████▉   | 20854/30000 [05:19<02:14, 67.88 examples/s]
[1ATokenizing train dataset:  70%|██████▉   | 20863/30000 [05:19<02:28, 61.51 examples/s]
[1ATokenizing train dataset:  70%|██████▉   | 20873/30000 [05:19<02:13, 68.26 examples/s]
[1ATokenizing train dataset:  70%|██████▉   | 20883/30000 [05:19<02:03, 73.84 examples/s]
[1ATokenizing train dataset:  70%|██████▉   | 20895/30000 [05:19<01:49, 82.96 examples/s]
[1ATokenizing train dataset:  70%|██████▉   | 20905/30000 [05:20<02:07, 71.59 examples/s]
[1ATokenizing train dataset:  70%|██████▉   | 20916/30000 [05:20<01:55, 78.95 examples/s]
[1ATokenizing train dataset:  70%|██████▉   | 20925/30000 [05:20<01:57, 77.31 examples/s]
[1ATokenizing train dataset:  70%|██████▉   | 20936/30000 [05:20<02:13, 68.10 examples/s]
[1ATokenizing train dataset:  70%|██████▉   | 20945/30000 [05:20<02:10, 69.23 examples/s]
[1ATokenizing train dataset:  70%|██████▉   | 20954/30000 [05:20<02:04, 72.56 examples/s]
[1ATokenizing train dataset:  70%|██████▉   | 20962/30000 [05:20<02:09, 69.58 examples/s]
[1ATokenizing train dataset:  70%|██████▉   | 20976/30000 [05:21<01:45, 85.85 examples/s]
[1ATokenizing train dataset:  70%|██████▉   | 20988/30000 [05:21<01:59, 75.37 examples/s]
[1ATokenizing train dataset:  70%|██████▉   | 20999/30000 [05:21<01:53, 79.54 examples/s]
[1ATokenizing train dataset:  70%|███████   | 21010/30000 [05:21<03:54, 38.40 examples/s]
[1ATokenizing train dataset:  70%|███████   | 21017/30000 [05:22<03:34, 41.79 examples/s]
[1ATokenizing train dataset:  70%|███████   | 21025/30000 [05:22<03:14, 46.07 examples/s]
[1ATokenizing train dataset:  70%|███████   | 21036/30000 [05:22<02:39, 56.08 examples/s]
[1ATokenizing train dataset:  70%|███████   | 21045/30000 [05:22<02:25, 61.35 examples/s]
[1ATokenizing train dataset:  70%|███████   | 21054/30000 [05:22<02:14, 66.68 examples/s]
[1ATokenizing train dataset:  70%|███████   | 21063/30000 [05:22<02:24, 62.02 examples/s]
[1ATokenizing train dataset:  70%|███████   | 21071/30000 [05:22<02:15, 65.68 examples/s]
[1ATokenizing train dataset:  70%|███████   | 21079/30000 [05:22<02:23, 62.25 examples/s]
[1ATokenizing train dataset:  70%|███████   | 21087/30000 [05:23<02:15, 65.61 examples/s]
[1ATokenizing train dataset:  70%|███████   | 21096/30000 [05:23<02:12, 67.26 examples/s]
[1ATokenizing train dataset:  70%|███████   | 21105/30000 [05:23<02:05, 70.95 examples/s]
[1ATokenizing train dataset:  70%|███████   | 21117/30000 [05:23<02:07, 69.56 examples/s]
[1ATokenizing train dataset:  70%|███████   | 21126/30000 [05:23<01:59, 74.20 examples/s]
[1ATokenizing train dataset:  70%|███████   | 21141/30000 [05:23<01:43, 85.53 examples/s]
[1ATokenizing train dataset:  71%|███████   | 21152/30000 [05:23<02:08, 68.63 examples/s]
[1ATokenizing train dataset:  71%|███████   | 21163/30000 [05:24<02:00, 73.07 examples/s]
[1ATokenizing train dataset:  71%|███████   | 21171/30000 [05:24<02:02, 71.91 examples/s]
[1ATokenizing train dataset:  71%|███████   | 21180/30000 [05:24<02:06, 69.51 examples/s]
[1ATokenizing train dataset:  71%|███████   | 21188/30000 [05:24<02:16, 64.78 examples/s]
[1ATokenizing train dataset:  71%|███████   | 21195/30000 [05:24<02:19, 63.25 examples/s]
[1ATokenizing train dataset:  71%|███████   | 21203/30000 [05:24<02:15, 64.96 examples/s]
[1ATokenizing train dataset:  71%|███████   | 21210/30000 [05:24<02:16, 64.62 examples/s]
[1ATokenizing train dataset:  71%|███████   | 21220/30000 [05:24<02:03, 71.20 examples/s]
[1ATokenizing train dataset:  71%|███████   | 21234/30000 [05:25<01:56, 75.29 examples/s]
[1ATokenizing train dataset:  71%|███████   | 21245/30000 [05:25<02:00, 72.76 examples/s]
[1ATokenizing train dataset:  71%|███████   | 21255/30000 [05:25<02:10, 67.19 examples/s]
[1ATokenizing train dataset:  71%|███████   | 21267/30000 [05:25<02:07, 68.43 examples/s]
[1ATokenizing train dataset:  71%|███████   | 21278/30000 [05:25<02:12, 66.00 examples/s]
[1ATokenizing train dataset:  71%|███████   | 21291/30000 [05:25<01:56, 74.98 examples/s]
[1ATokenizing train dataset:  71%|███████   | 21299/30000 [05:26<01:59, 72.59 examples/s]
[1ATokenizing train dataset:  71%|███████   | 21307/30000 [05:26<02:01, 71.34 examples/s]
[1ATokenizing train dataset:  71%|███████   | 21317/30000 [05:26<01:56, 74.80 examples/s]
[1ATokenizing train dataset:  71%|███████   | 21326/30000 [05:26<02:11, 65.80 examples/s]
[1ATokenizing train dataset:  71%|███████   | 21335/30000 [05:26<02:10, 66.50 examples/s]
[1ATokenizing train dataset:  71%|███████   | 21345/30000 [05:26<02:23, 60.30 examples/s]
[1ATokenizing train dataset:  71%|███████   | 21354/30000 [05:26<02:12, 65.41 examples/s]
[1ATokenizing train dataset:  71%|███████   | 21370/30000 [05:27<01:45, 81.94 examples/s]
[1ATokenizing train dataset:  71%|███████▏  | 21384/30000 [05:27<01:48, 79.12 examples/s]
[1ATokenizing train dataset:  71%|███████▏  | 21395/30000 [05:27<01:48, 79.59 examples/s]
[1ATokenizing train dataset:  71%|███████▏  | 21405/30000 [05:27<02:06, 68.18 examples/s]
[1ATokenizing train dataset:  71%|███████▏  | 21417/30000 [05:27<02:09, 66.36 examples/s]
[1ATokenizing train dataset:  71%|███████▏  | 21426/30000 [05:27<02:14, 63.66 examples/s]
[1ATokenizing train dataset:  71%|███████▏  | 21434/30000 [05:28<02:09, 66.30 examples/s]
[1ATokenizing train dataset:  71%|███████▏  | 21443/30000 [05:28<02:05, 67.97 examples/s]
[1ATokenizing train dataset:  72%|███████▏  | 21453/30000 [05:28<02:12, 64.42 examples/s]
[1ATokenizing train dataset:  72%|███████▏  | 21462/30000 [05:28<02:12, 64.59 examples/s]
[1ATokenizing train dataset:  72%|███████▏  | 21469/30000 [05:28<02:16, 62.47 examples/s]
[1ATokenizing train dataset:  72%|███████▏  | 21479/30000 [05:28<02:24, 58.86 examples/s]
[1ATokenizing train dataset:  72%|███████▏  | 21485/30000 [05:28<02:32, 56.01 examples/s]
[1ATokenizing train dataset:  72%|███████▏  | 21492/30000 [05:28<02:25, 58.47 examples/s]
[1ATokenizing train dataset:  72%|███████▏  | 21498/30000 [05:29<02:31, 56.24 examples/s]
[1ATokenizing train dataset:  72%|███████▏  | 21506/30000 [05:29<02:25, 58.58 examples/s]
[1ATokenizing train dataset:  72%|███████▏  | 21516/30000 [05:29<02:11, 64.28 examples/s]
[1ATokenizing train dataset:  72%|███████▏  | 21524/30000 [05:29<02:30, 56.49 examples/s]
[1ATokenizing train dataset:  72%|███████▏  | 21533/30000 [05:29<02:17, 61.63 examples/s]
[1ATokenizing train dataset:  72%|███████▏  | 21543/30000 [05:29<02:26, 57.63 examples/s]
[1ATokenizing train dataset:  72%|███████▏  | 21550/30000 [05:29<02:25, 57.94 examples/s]
[1ATokenizing train dataset:  72%|███████▏  | 21557/30000 [05:30<02:20, 60.17 examples/s]
[1ATokenizing train dataset:  72%|███████▏  | 21564/30000 [05:30<02:18, 61.06 examples/s]
[1ATokenizing train dataset:  72%|███████▏  | 21571/30000 [05:30<02:18, 60.80 examples/s]
[1ATokenizing train dataset:  72%|███████▏  | 21585/30000 [05:30<01:44, 80.52 examples/s]
[1ATokenizing train dataset:  72%|███████▏  | 21598/30000 [05:30<01:45, 79.42 examples/s]
[1ATokenizing train dataset:  72%|███████▏  | 21607/30000 [05:30<01:43, 81.35 examples/s]
[1ATokenizing train dataset:  72%|███████▏  | 21617/30000 [05:30<02:11, 63.93 examples/s]
[1ATokenizing train dataset:  72%|███████▏  | 21627/30000 [05:31<02:10, 64.24 examples/s]
[1ATokenizing train dataset:  72%|███████▏  | 21638/30000 [05:31<01:58, 70.58 examples/s]
[1ATokenizing train dataset:  72%|███████▏  | 21647/30000 [05:31<01:51, 74.63 examples/s]
[1ATokenizing train dataset:  72%|███████▏  | 21659/30000 [05:31<01:40, 83.03 examples/s]
[1ATokenizing train dataset:  72%|███████▏  | 21668/30000 [05:31<01:43, 80.51 examples/s]
[1ATokenizing train dataset:  72%|███████▏  | 21679/30000 [05:31<01:54, 72.98 examples/s]
[1ATokenizing train dataset:  72%|███████▏  | 21689/30000 [05:31<02:00, 68.87 examples/s]
[1ATokenizing train dataset:  72%|███████▏  | 21701/30000 [05:32<02:00, 68.75 examples/s]
[1ATokenizing train dataset:  72%|███████▏  | 21713/30000 [05:32<01:59, 69.48 examples/s]
[1ATokenizing train dataset:  72%|███████▏  | 21722/30000 [05:32<02:13, 62.08 examples/s]
[1ATokenizing train dataset:  72%|███████▏  | 21730/30000 [05:32<02:17, 60.36 examples/s]
[1ATokenizing train dataset:  72%|███████▏  | 21744/30000 [05:32<01:52, 73.68 examples/s]
[1ATokenizing train dataset:  73%|███████▎  | 21753/30000 [05:32<02:03, 67.00 examples/s]
[1ATokenizing train dataset:  73%|███████▎  | 21763/30000 [05:32<01:54, 71.66 examples/s]
[1ATokenizing train dataset:  73%|███████▎  | 21775/30000 [05:33<01:59, 68.94 examples/s]
[1ATokenizing train dataset:  73%|███████▎  | 21785/30000 [05:33<02:08, 64.08 examples/s]
[1ATokenizing train dataset:  73%|███████▎  | 21793/30000 [05:33<02:10, 62.92 examples/s]
[1ATokenizing train dataset:  73%|███████▎  | 21802/30000 [05:33<02:01, 67.59 examples/s]
[1ATokenizing train dataset:  73%|███████▎  | 21815/30000 [05:33<01:42, 79.65 examples/s]
[1ATokenizing train dataset:  73%|███████▎  | 21826/30000 [05:33<01:54, 71.39 examples/s]
[1ATokenizing train dataset:  73%|███████▎  | 21836/30000 [05:34<01:50, 73.80 examples/s]
[1ATokenizing train dataset:  73%|███████▎  | 21845/30000 [05:34<01:53, 71.66 examples/s]
[1ATokenizing train dataset:  73%|███████▎  | 21854/30000 [05:34<02:05, 65.00 examples/s]
[1ATokenizing train dataset:  73%|███████▎  | 21863/30000 [05:34<02:02, 66.65 examples/s]
[1ATokenizing train dataset:  73%|███████▎  | 21876/30000 [05:34<01:46, 76.46 examples/s]
[1ATokenizing train dataset:  73%|███████▎  | 21884/30000 [05:34<01:47, 75.61 examples/s]
[1ATokenizing train dataset:  73%|███████▎  | 21894/30000 [05:34<01:41, 79.82 examples/s]
[1ATokenizing train dataset:  73%|███████▎  | 21905/30000 [05:34<01:48, 74.63 examples/s]
[1ATokenizing train dataset:  73%|███████▎  | 21915/30000 [05:35<01:45, 76.41 examples/s]
[1ATokenizing train dataset:  73%|███████▎  | 21924/30000 [05:35<01:59, 67.71 examples/s]
[1ATokenizing train dataset:  73%|███████▎  | 21936/30000 [05:35<02:03, 65.46 examples/s]
[1ATokenizing train dataset:  73%|███████▎  | 21943/30000 [05:35<02:03, 65.40 examples/s]
[1ATokenizing train dataset:  73%|███████▎  | 21952/30000 [05:35<01:54, 70.00 examples/s]
[1ATokenizing train dataset:  73%|███████▎  | 21965/30000 [05:35<01:39, 80.89 examples/s]
[1ATokenizing train dataset:  73%|███████▎  | 21975/30000 [05:35<01:54, 69.84 examples/s]
[1ATokenizing train dataset:  73%|███████▎  | 21984/30000 [05:36<01:49, 73.23 examples/s]
[1ATokenizing train dataset:  73%|███████▎  | 21992/30000 [05:36<01:56, 68.93 examples/s]
[1ATokenizing train dataset:  73%|███████▎  | 22000/30000 [05:36<04:15, 31.28 examples/s]
[1ATokenizing train dataset:  73%|███████▎  | 22007/30000 [05:37<04:02, 32.92 examples/s]
[1ATokenizing train dataset:  73%|███████▎  | 22013/30000 [05:37<03:46, 35.19 examples/s]
[1ATokenizing train dataset:  73%|███████▎  | 22018/30000 [05:37<03:45, 35.40 examples/s]
[1ATokenizing train dataset:  73%|███████▎  | 22025/30000 [05:37<03:21, 39.49 examples/s]
[1ATokenizing train dataset:  73%|███████▎  | 22039/30000 [05:37<02:18, 57.68 examples/s]
[1ATokenizing train dataset:  73%|███████▎  | 22048/30000 [05:37<02:04, 63.82 examples/s]
[1ATokenizing train dataset:  74%|███████▎  | 22057/30000 [05:37<02:19, 56.90 examples/s]
[1ATokenizing train dataset:  74%|███████▎  | 22065/30000 [05:37<02:10, 60.78 examples/s]
[1ATokenizing train dataset:  74%|███████▎  | 22073/30000 [05:38<02:07, 62.27 examples/s]
[1ATokenizing train dataset:  74%|███████▎  | 22080/30000 [05:38<02:09, 60.98 examples/s]
[1ATokenizing train dataset:  74%|███████▎  | 22088/30000 [05:38<02:08, 61.80 examples/s]
[1ATokenizing train dataset:  74%|███████▎  | 22096/30000 [05:38<02:06, 62.32 examples/s]
[1ATokenizing train dataset:  74%|███████▎  | 22105/30000 [05:38<02:13, 59.01 examples/s]
[1ATokenizing train dataset:  74%|███████▎  | 22114/30000 [05:38<02:05, 63.01 examples/s]
[1ATokenizing train dataset:  74%|███████▎  | 22123/30000 [05:38<02:05, 62.54 examples/s]
[1ATokenizing train dataset:  74%|███████▍  | 22133/30000 [05:39<02:08, 61.24 examples/s]
[1ATokenizing train dataset:  74%|███████▍  | 22143/30000 [05:39<01:59, 65.82 examples/s]
[1ATokenizing train dataset:  74%|███████▍  | 22153/30000 [05:39<02:03, 63.32 examples/s]
[1ATokenizing train dataset:  74%|███████▍  | 22164/30000 [05:39<01:51, 70.09 examples/s]
[1ATokenizing train dataset:  74%|███████▍  | 22174/30000 [05:39<01:46, 73.20 examples/s]
[1ATokenizing train dataset:  74%|███████▍  | 22188/30000 [05:39<01:43, 75.38 examples/s]
[1ATokenizing train dataset:  74%|███████▍  | 22199/30000 [05:39<01:36, 80.99 examples/s]
[1ATokenizing train dataset:  74%|███████▍  | 22208/30000 [05:40<01:48, 71.66 examples/s]
[1ATokenizing train dataset:  74%|███████▍  | 22217/30000 [05:40<01:44, 74.42 examples/s]
[1ATokenizing train dataset:  74%|███████▍  | 22226/30000 [05:40<01:52, 68.83 examples/s]
[1ATokenizing train dataset:  74%|███████▍  | 22240/30000 [05:40<01:54, 67.78 examples/s]
[1ATokenizing train dataset:  74%|███████▍  | 22249/30000 [05:40<01:47, 71.90 examples/s]
[1ATokenizing train dataset:  74%|███████▍  | 22263/30000 [05:40<01:41, 76.13 examples/s]
[1ATokenizing train dataset:  74%|███████▍  | 22280/30000 [05:40<01:27, 88.69 examples/s]
[1ATokenizing train dataset:  74%|███████▍  | 22294/30000 [05:41<01:31, 84.60 examples/s]
[1ATokenizing train dataset:  74%|███████▍  | 22306/30000 [05:41<01:38, 77.76 examples/s]
[1ATokenizing train dataset:  74%|███████▍  | 22314/30000 [05:41<01:44, 73.67 examples/s]
[1ATokenizing train dataset:  74%|███████▍  | 22326/30000 [05:41<01:33, 81.94 examples/s]
[1ATokenizing train dataset:  74%|███████▍  | 22335/30000 [05:41<01:37, 78.68 examples/s]
[1ATokenizing train dataset:  74%|███████▍  | 22346/30000 [05:41<01:33, 81.83 examples/s]
[1ATokenizing train dataset:  75%|███████▍  | 22358/30000 [05:41<01:39, 76.85 examples/s]
[1ATokenizing train dataset:  75%|███████▍  | 22371/30000 [05:42<01:33, 81.92 examples/s]
[1ATokenizing train dataset:  75%|███████▍  | 22381/30000 [05:42<01:43, 73.68 examples/s]
[1ATokenizing train dataset:  75%|███████▍  | 22389/30000 [05:42<01:48, 70.28 examples/s]
[1ATokenizing train dataset:  75%|███████▍  | 22398/30000 [05:42<01:45, 71.78 examples/s]
[1ATokenizing train dataset:  75%|███████▍  | 22406/30000 [05:42<01:45, 71.66 examples/s]
[1ATokenizing train dataset:  75%|███████▍  | 22414/30000 [05:42<01:45, 71.99 examples/s]
[1ATokenizing train dataset:  75%|███████▍  | 22428/30000 [05:42<01:28, 85.60 examples/s]
[1ATokenizing train dataset:  75%|███████▍  | 22439/30000 [05:43<01:42, 73.50 examples/s]
[1ATokenizing train dataset:  75%|███████▍  | 22452/30000 [05:43<01:29, 84.16 examples/s]
[1ATokenizing train dataset:  75%|███████▍  | 22462/30000 [05:43<01:38, 76.20 examples/s]
[1ATokenizing train dataset:  75%|███████▍  | 22473/30000 [05:43<01:45, 71.51 examples/s]
[1ATokenizing train dataset:  75%|███████▍  | 22481/30000 [05:43<01:45, 71.10 examples/s]
[1ATokenizing train dataset:  75%|███████▍  | 22490/30000 [05:43<01:55, 64.98 examples/s]
[1ATokenizing train dataset:  75%|███████▌  | 22501/30000 [05:43<01:42, 73.35 examples/s]
[1ATokenizing train dataset:  75%|███████▌  | 22513/30000 [05:44<01:32, 80.99 examples/s]
[1ATokenizing train dataset:  75%|███████▌  | 22526/30000 [05:44<01:37, 76.89 examples/s]
[1ATokenizing train dataset:  75%|███████▌  | 22538/30000 [05:44<01:31, 81.31 examples/s]
[1ATokenizing train dataset:  75%|███████▌  | 22549/30000 [05:44<01:40, 74.22 examples/s]
[1ATokenizing train dataset:  75%|███████▌  | 22558/30000 [05:44<01:39, 74.49 examples/s]
[1ATokenizing train dataset:  75%|███████▌  | 22567/30000 [05:44<01:37, 76.36 examples/s]
[1ATokenizing train dataset:  75%|███████▌  | 22578/30000 [05:44<01:29, 83.30 examples/s]
[1ATokenizing train dataset:  75%|███████▌  | 22590/30000 [05:44<01:22, 89.46 examples/s]
[1ATokenizing train dataset:  75%|███████▌  | 22602/30000 [05:45<01:42, 71.91 examples/s]
[1ATokenizing train dataset:  75%|███████▌  | 22613/30000 [05:45<01:33, 78.67 examples/s]
[1ATokenizing train dataset:  75%|███████▌  | 22623/30000 [05:45<01:33, 79.15 examples/s]
[1ATokenizing train dataset:  75%|███████▌  | 22636/30000 [05:45<01:34, 77.92 examples/s]
[1ATokenizing train dataset:  75%|███████▌  | 22647/30000 [05:45<01:30, 81.58 examples/s]
[1ATokenizing train dataset:  76%|███████▌  | 22656/30000 [05:45<01:30, 81.20 examples/s]
[1ATokenizing train dataset:  76%|███████▌  | 22668/30000 [05:46<01:34, 77.35 examples/s]
[1ATokenizing train dataset:  76%|███████▌  | 22679/30000 [05:46<01:28, 83.14 examples/s]
[1ATokenizing train dataset:  76%|███████▌  | 22688/30000 [05:46<01:42, 71.58 examples/s]
[1ATokenizing train dataset:  76%|███████▌  | 22699/30000 [05:46<01:32, 79.22 examples/s]
[1ATokenizing train dataset:  76%|███████▌  | 22709/30000 [05:46<01:27, 83.38 examples/s]
[1ATokenizing train dataset:  76%|███████▌  | 22718/30000 [05:46<01:26, 83.73 examples/s]
[1ATokenizing train dataset:  76%|███████▌  | 22727/30000 [05:46<01:40, 72.69 examples/s]
[1ATokenizing train dataset:  76%|███████▌  | 22741/30000 [05:46<01:39, 72.79 examples/s]
[1ATokenizing train dataset:  76%|███████▌  | 22749/30000 [05:47<01:41, 71.73 examples/s]
[1ATokenizing train dataset:  76%|███████▌  | 22758/30000 [05:47<01:39, 73.08 examples/s]
[1ATokenizing train dataset:  76%|███████▌  | 22769/30000 [05:47<01:47, 67.21 examples/s]
[1ATokenizing train dataset:  76%|███████▌  | 22779/30000 [05:47<01:38, 73.17 examples/s]
[1ATokenizing train dataset:  76%|███████▌  | 22790/30000 [05:47<01:29, 80.49 examples/s]
[1ATokenizing train dataset:  76%|███████▌  | 22800/30000 [05:47<01:26, 83.62 examples/s]
[1ATokenizing train dataset:  76%|███████▌  | 22814/30000 [05:47<01:29, 80.56 examples/s]
[1ATokenizing train dataset:  76%|███████▌  | 22823/30000 [05:48<01:48, 66.05 examples/s]
[1ATokenizing train dataset:  76%|███████▌  | 22831/30000 [05:48<01:51, 64.50 examples/s]
[1ATokenizing train dataset:  76%|███████▌  | 22838/30000 [05:48<01:58, 60.58 examples/s]
[1ATokenizing train dataset:  76%|███████▌  | 22845/30000 [05:48<01:55, 62.06 examples/s]
[1ATokenizing train dataset:  76%|███████▌  | 22853/30000 [05:48<01:57, 60.94 examples/s]
[1ATokenizing train dataset:  76%|███████▌  | 22868/30000 [05:48<01:30, 78.95 examples/s]
[1ATokenizing train dataset:  76%|███████▋  | 22882/30000 [05:48<01:30, 78.76 examples/s]
[1ATokenizing train dataset:  76%|███████▋  | 22894/30000 [05:49<01:39, 71.70 examples/s]
[1ATokenizing train dataset:  76%|███████▋  | 22902/30000 [05:49<01:37, 73.16 examples/s]
[1ATokenizing train dataset:  76%|███████▋  | 22910/30000 [05:49<01:36, 73.13 examples/s]
[1ATokenizing train dataset:  76%|███████▋  | 22922/30000 [05:49<01:39, 71.03 examples/s]
[1ATokenizing train dataset:  76%|███████▋  | 22935/30000 [05:49<01:44, 67.57 examples/s]
[1ATokenizing train dataset:  76%|███████▋  | 22945/30000 [05:49<01:39, 70.95 examples/s]
[1ATokenizing train dataset:  77%|███████▋  | 22953/30000 [05:50<01:49, 64.43 examples/s]
[1ATokenizing train dataset:  77%|███████▋  | 22964/30000 [05:50<01:36, 72.69 examples/s]
[1ATokenizing train dataset:  77%|███████▋  | 22973/30000 [05:50<01:50, 63.49 examples/s]
[1ATokenizing train dataset:  77%|███████▋  | 22982/30000 [05:50<01:45, 66.63 examples/s]
[1ATokenizing train dataset:  77%|███████▋  | 22992/30000 [05:50<01:38, 71.25 examples/s]
[1ATokenizing train dataset:  77%|███████▋  | 23000/30000 [05:51<03:27, 33.66 examples/s]
[1ATokenizing train dataset:  77%|███████▋  | 23009/30000 [05:51<02:53, 40.36 examples/s]
[1ATokenizing train dataset:  77%|███████▋  | 23025/30000 [05:51<02:01, 57.39 examples/s]
[1ATokenizing train dataset:  77%|███████▋  | 23035/30000 [05:51<01:59, 58.51 examples/s]
[1ATokenizing train dataset:  77%|███████▋  | 23046/30000 [05:51<01:48, 64.19 examples/s]
[1ATokenizing train dataset:  77%|███████▋  | 23054/30000 [05:51<01:50, 62.68 examples/s]
[1ATokenizing train dataset:  77%|███████▋  | 23064/30000 [05:51<01:39, 69.42 examples/s]
[1ATokenizing train dataset:  77%|███████▋  | 23072/30000 [05:52<01:42, 67.86 examples/s]
[1ATokenizing train dataset:  77%|███████▋  | 23082/30000 [05:52<01:47, 64.42 examples/s]
[1ATokenizing train dataset:  77%|███████▋  | 23090/30000 [05:52<01:44, 66.02 examples/s]
[1ATokenizing train dataset:  77%|███████▋  | 23103/30000 [05:52<01:32, 74.75 examples/s]
[1ATokenizing train dataset:  77%|███████▋  | 23113/30000 [05:52<01:44, 66.00 examples/s]
[1ATokenizing train dataset:  77%|███████▋  | 23123/30000 [05:52<01:36, 71.17 examples/s]
[1ATokenizing train dataset:  77%|███████▋  | 23132/30000 [05:52<01:49, 62.66 examples/s]
[1ATokenizing train dataset:  77%|███████▋  | 23139/30000 [05:53<01:53, 60.30 examples/s]
[1ATokenizing train dataset:  77%|███████▋  | 23146/30000 [05:53<01:50, 62.21 examples/s]
[1ATokenizing train dataset:  77%|███████▋  | 23155/30000 [05:53<01:54, 59.73 examples/s]
[1ATokenizing train dataset:  77%|███████▋  | 23163/30000 [05:53<02:07, 53.58 examples/s]
[1ATokenizing train dataset:  77%|███████▋  | 23173/30000 [05:53<01:49, 62.49 examples/s]
[1ATokenizing train dataset:  77%|███████▋  | 23182/30000 [05:53<01:45, 64.37 examples/s]
[1ATokenizing train dataset:  77%|███████▋  | 23189/30000 [05:53<01:47, 63.29 examples/s]
[1ATokenizing train dataset:  77%|███████▋  | 23200/30000 [05:54<01:33, 72.39 examples/s]
[1ATokenizing train dataset:  77%|███████▋  | 23211/30000 [05:54<01:39, 67.99 examples/s]
[1ATokenizing train dataset:  77%|███████▋  | 23222/30000 [05:54<01:40, 67.48 examples/s]
[1ATokenizing train dataset:  77%|███████▋  | 23231/30000 [05:54<01:36, 69.81 examples/s]
[1ATokenizing train dataset:  77%|███████▋  | 23243/30000 [05:54<01:34, 71.14 examples/s]
[1ATokenizing train dataset:  78%|███████▊  | 23252/30000 [05:54<01:31, 73.49 examples/s]
[1ATokenizing train dataset:  78%|███████▊  | 23262/30000 [05:54<01:27, 77.43 examples/s]
[1ATokenizing train dataset:  78%|███████▊  | 23278/30000 [05:55<01:26, 77.79 examples/s]
[1ATokenizing train dataset:  78%|███████▊  | 23287/30000 [05:55<01:40, 66.66 examples/s]
[1ATokenizing train dataset:  78%|███████▊  | 23296/30000 [05:55<01:35, 70.14 examples/s]
[1ATokenizing train dataset:  78%|███████▊  | 23304/30000 [05:55<01:36, 69.18 examples/s]
[1ATokenizing train dataset:  78%|███████▊  | 23312/30000 [05:55<01:38, 68.03 examples/s]
[1ATokenizing train dataset:  78%|███████▊  | 23326/30000 [05:55<01:23, 79.88 examples/s]
[1ATokenizing train dataset:  78%|███████▊  | 23335/30000 [05:55<01:34, 70.89 examples/s]
[1ATokenizing train dataset:  78%|███████▊  | 23346/30000 [05:56<01:39, 66.68 examples/s]
[1ATokenizing train dataset:  78%|███████▊  | 23353/30000 [05:56<01:43, 64.42 examples/s]
[1ATokenizing train dataset:  78%|███████▊  | 23361/30000 [05:56<01:44, 63.58 examples/s]
[1ATokenizing train dataset:  78%|███████▊  | 23368/30000 [05:56<01:45, 62.70 examples/s]
[1ATokenizing train dataset:  78%|███████▊  | 23375/30000 [05:56<01:44, 63.19 examples/s]
[1ATokenizing train dataset:  78%|███████▊  | 23382/30000 [05:56<01:44, 63.12 examples/s]
[1ATokenizing train dataset:  78%|███████▊  | 23393/30000 [05:56<01:33, 70.33 examples/s]
[1ATokenizing train dataset:  78%|███████▊  | 23404/30000 [05:56<01:37, 67.45 examples/s]
[1ATokenizing train dataset:  78%|███████▊  | 23415/30000 [05:57<01:27, 75.21 examples/s]
[1ATokenizing train dataset:  78%|███████▊  | 23427/30000 [05:57<01:27, 74.97 examples/s]
[1ATokenizing train dataset:  78%|███████▊  | 23437/30000 [05:57<01:37, 67.18 examples/s]
[1ATokenizing train dataset:  78%|███████▊  | 23445/30000 [05:57<01:46, 61.51 examples/s]
[1ATokenizing train dataset:  78%|███████▊  | 23452/30000 [05:57<01:46, 61.64 examples/s]
[1ATokenizing train dataset:  78%|███████▊  | 23461/30000 [05:57<01:37, 66.91 examples/s]
[1ATokenizing train dataset:  78%|███████▊  | 23472/30000 [05:57<01:29, 72.89 examples/s]
[1ATokenizing train dataset:  78%|███████▊  | 23488/30000 [05:58<01:18, 83.22 examples/s]
[1ATokenizing train dataset:  78%|███████▊  | 23500/30000 [05:58<01:29, 72.38 examples/s]
[1ATokenizing train dataset:  78%|███████▊  | 23510/30000 [05:58<01:29, 72.62 examples/s]
[1ATokenizing train dataset:  78%|███████▊  | 23519/30000 [05:58<01:30, 71.69 examples/s]
[1ATokenizing train dataset:  78%|███████▊  | 23533/30000 [05:58<01:27, 73.66 examples/s]
[1ATokenizing train dataset:  78%|███████▊  | 23543/30000 [05:58<01:26, 74.24 examples/s]
[1ATokenizing train dataset:  79%|███████▊  | 23556/30000 [05:59<01:25, 75.81 examples/s]
[1ATokenizing train dataset:  79%|███████▊  | 23564/30000 [05:59<01:28, 72.64 examples/s]
[1ATokenizing train dataset:  79%|███████▊  | 23575/30000 [05:59<01:37, 65.95 examples/s]
[1ATokenizing train dataset:  79%|███████▊  | 23583/30000 [05:59<01:39, 64.75 examples/s]
[1ATokenizing train dataset:  79%|███████▊  | 23591/30000 [05:59<01:38, 65.33 examples/s]
[1ATokenizing train dataset:  79%|███████▊  | 23605/30000 [05:59<01:19, 80.45 examples/s]
[1ATokenizing train dataset:  79%|███████▊  | 23616/30000 [05:59<01:18, 81.45 examples/s]
[1ATokenizing train dataset:  79%|███████▉  | 23629/30000 [06:00<01:19, 79.84 examples/s]
[1ATokenizing train dataset:  79%|███████▉  | 23641/30000 [06:00<01:22, 77.30 examples/s]
[1ATokenizing train dataset:  79%|███████▉  | 23650/30000 [06:00<01:22, 76.77 examples/s]
[1ATokenizing train dataset:  79%|███████▉  | 23659/30000 [06:00<01:30, 69.99 examples/s]
[1ATokenizing train dataset:  79%|███████▉  | 23668/30000 [06:00<01:27, 72.26 examples/s]
[1ATokenizing train dataset:  79%|███████▉  | 23679/30000 [06:00<01:20, 78.57 examples/s]
[1ATokenizing train dataset:  79%|███████▉  | 23689/30000 [06:00<01:16, 82.19 examples/s]
[1ATokenizing train dataset:  79%|███████▉  | 23698/30000 [06:01<01:32, 68.10 examples/s]
[1ATokenizing train dataset:  79%|███████▉  | 23707/30000 [06:01<01:28, 71.37 examples/s]
[1ATokenizing train dataset:  79%|███████▉  | 23715/30000 [06:01<01:30, 69.64 examples/s]
[1ATokenizing train dataset:  79%|███████▉  | 23723/30000 [06:01<01:29, 69.90 examples/s]
[1ATokenizing train dataset:  79%|███████▉  | 23732/30000 [06:01<01:34, 66.04 examples/s]
[1ATokenizing train dataset:  79%|███████▉  | 23739/30000 [06:01<01:40, 62.49 examples/s]
[1ATokenizing train dataset:  79%|███████▉  | 23746/30000 [06:01<01:59, 52.14 examples/s]
[1ATokenizing train dataset:  79%|███████▉  | 23757/30000 [06:02<01:45, 59.45 examples/s]
[1ATokenizing train dataset:  79%|███████▉  | 23766/30000 [06:02<01:38, 63.45 examples/s]
[1ATokenizing train dataset:  79%|███████▉  | 23774/30000 [06:02<01:43, 60.16 examples/s]
[1ATokenizing train dataset:  79%|███████▉  | 23783/30000 [06:02<01:33, 66.35 examples/s]
[1ATokenizing train dataset:  79%|███████▉  | 23790/30000 [06:02<01:43, 59.75 examples/s]
[1ATokenizing train dataset:  79%|███████▉  | 23797/30000 [06:02<01:46, 57.99 examples/s]
[1ATokenizing train dataset:  79%|███████▉  | 23805/30000 [06:02<01:42, 60.71 examples/s]
[1ATokenizing train dataset:  79%|███████▉  | 23813/30000 [06:02<01:40, 61.77 examples/s]
[1ATokenizing train dataset:  79%|███████▉  | 23825/30000 [06:03<01:36, 64.04 examples/s]
[1ATokenizing train dataset:  79%|███████▉  | 23838/30000 [06:03<01:18, 78.21 examples/s]
[1ATokenizing train dataset:  79%|███████▉  | 23849/30000 [06:03<01:26, 71.14 examples/s]
[1ATokenizing train dataset:  80%|███████▉  | 23858/30000 [06:03<01:23, 73.79 examples/s]
[1ATokenizing train dataset:  80%|███████▉  | 23866/30000 [06:03<01:25, 71.78 examples/s]
[1ATokenizing train dataset:  80%|███████▉  | 23874/30000 [06:03<01:27, 69.81 examples/s]
[1ATokenizing train dataset:  80%|███████▉  | 23884/30000 [06:03<01:36, 63.62 examples/s]
[1ATokenizing train dataset:  80%|███████▉  | 23892/30000 [06:04<01:36, 63.20 examples/s]
[1ATokenizing train dataset:  80%|███████▉  | 23903/30000 [06:04<01:34, 64.37 examples/s]
[1ATokenizing train dataset:  80%|███████▉  | 23914/30000 [06:04<01:24, 72.00 examples/s]
[1ATokenizing train dataset:  80%|███████▉  | 23924/30000 [06:04<01:20, 75.33 examples/s]
[1ATokenizing train dataset:  80%|███████▉  | 23933/30000 [06:04<01:20, 75.63 examples/s]
[1ATokenizing train dataset:  80%|███████▉  | 23942/30000 [06:04<01:19, 76.17 examples/s]
[1ATokenizing train dataset:  80%|███████▉  | 23951/30000 [06:04<01:20, 74.84 examples/s]
[1ATokenizing train dataset:  80%|███████▉  | 23959/30000 [06:04<01:25, 70.68 examples/s]
[1ATokenizing train dataset:  80%|███████▉  | 23969/30000 [06:05<01:32, 64.89 examples/s]
[1ATokenizing train dataset:  80%|███████▉  | 23976/30000 [06:05<01:34, 63.93 examples/s]
[1ATokenizing train dataset:  80%|███████▉  | 23990/30000 [06:05<01:18, 76.64 examples/s]
[1ATokenizing train dataset:  80%|████████  | 24000/30000 [06:05<02:28, 40.36 examples/s]
[1ATokenizing train dataset:  80%|████████  | 24010/30000 [06:06<02:15, 44.20 examples/s]
[1ATokenizing train dataset:  80%|████████  | 24020/30000 [06:06<01:54, 52.44 examples/s]
[1ATokenizing train dataset:  80%|████████  | 24027/30000 [06:06<01:54, 52.20 examples/s]
[1ATokenizing train dataset:  80%|████████  | 24036/30000 [06:06<01:41, 58.69 examples/s]
[1ATokenizing train dataset:  80%|████████  | 24043/30000 [06:06<01:45, 56.46 examples/s]
[1ATokenizing train dataset:  80%|████████  | 24051/30000 [06:06<01:40, 59.29 examples/s]
[1ATokenizing train dataset:  80%|████████  | 24058/30000 [06:06<01:38, 60.28 examples/s]
[1ATokenizing train dataset:  80%|████████  | 24067/30000 [06:06<01:33, 63.63 examples/s]
[1ATokenizing train dataset:  80%|████████  | 24075/30000 [06:07<01:28, 66.97 examples/s]
[1ATokenizing train dataset:  80%|████████  | 24086/30000 [06:07<01:32, 64.22 examples/s]
[1ATokenizing train dataset:  80%|████████  | 24096/30000 [06:07<01:34, 62.27 examples/s]
[1ATokenizing train dataset:  80%|████████  | 24104/30000 [06:07<01:32, 63.40 examples/s]
[1ATokenizing train dataset:  80%|████████  | 24111/30000 [06:07<01:32, 63.34 examples/s]
[1ATokenizing train dataset:  80%|████████  | 24120/30000 [06:07<01:29, 65.57 examples/s]
[1ATokenizing train dataset:  80%|████████  | 24128/30000 [06:07<01:27, 67.35 examples/s]
[1ATokenizing train dataset:  80%|████████  | 24136/30000 [06:07<01:28, 66.07 examples/s]
[1ATokenizing train dataset:  80%|████████  | 24148/30000 [06:08<01:16, 76.83 examples/s]
[1ATokenizing train dataset:  81%|████████  | 24156/30000 [06:08<01:20, 72.30 examples/s]
[1ATokenizing train dataset:  81%|████████  | 24164/30000 [06:08<01:20, 72.85 examples/s]
[1ATokenizing train dataset:  81%|████████  | 24175/30000 [06:08<01:15, 76.66 examples/s]
[1ATokenizing train dataset:  81%|████████  | 24185/30000 [06:08<01:22, 70.34 examples/s]
[1ATokenizing train dataset:  81%|████████  | 24195/30000 [06:08<01:29, 65.05 examples/s]
[1ATokenizing train dataset:  81%|████████  | 24203/30000 [06:08<01:28, 65.36 examples/s]
[1ATokenizing train dataset:  81%|████████  | 24214/30000 [06:09<01:19, 73.19 examples/s]
[1ATokenizing train dataset:  81%|████████  | 24228/30000 [06:09<01:08, 84.74 examples/s]
[1ATokenizing train dataset:  81%|████████  | 24240/30000 [06:09<01:14, 77.39 examples/s]
[1ATokenizing train dataset:  81%|████████  | 24250/30000 [06:09<01:15, 76.21 examples/s]
[1ATokenizing train dataset:  81%|████████  | 24261/30000 [06:09<01:21, 70.02 examples/s]
[1ATokenizing train dataset:  81%|████████  | 24270/30000 [06:09<01:22, 69.74 examples/s]
[1ATokenizing train dataset:  81%|████████  | 24278/30000 [06:09<01:23, 68.60 examples/s]
[1ATokenizing train dataset:  81%|████████  | 24286/30000 [06:10<01:23, 68.72 examples/s]
[1ATokenizing train dataset:  81%|████████  | 24293/30000 [06:10<01:23, 68.67 examples/s]
[1ATokenizing train dataset:  81%|████████  | 24303/30000 [06:10<01:16, 74.63 examples/s]
[1ATokenizing train dataset:  81%|████████  | 24314/30000 [06:10<01:20, 70.51 examples/s]
[1ATokenizing train dataset:  81%|████████  | 24327/30000 [06:10<01:10, 80.73 examples/s]
[1ATokenizing train dataset:  81%|████████  | 24336/30000 [06:10<01:18, 71.90 examples/s]
[1ATokenizing train dataset:  81%|████████  | 24346/30000 [06:10<01:23, 67.75 examples/s]
[1ATokenizing train dataset:  81%|████████  | 24355/30000 [06:11<01:29, 63.25 examples/s]
[1ATokenizing train dataset:  81%|████████  | 24365/30000 [06:11<01:19, 70.45 examples/s]
[1ATokenizing train dataset:  81%|████████▏ | 24378/30000 [06:11<01:08, 82.44 examples/s]
[1ATokenizing train dataset:  81%|████████▏ | 24390/30000 [06:11<01:14, 75.44 examples/s]
[1ATokenizing train dataset:  81%|████████▏ | 24400/30000 [06:11<01:14, 75.50 examples/s]
[1ATokenizing train dataset:  81%|████████▏ | 24408/30000 [06:11<01:17, 72.22 examples/s]
[1ATokenizing train dataset:  81%|████████▏ | 24416/30000 [06:11<01:19, 70.16 examples/s]
[1ATokenizing train dataset:  81%|████████▏ | 24424/30000 [06:11<01:17, 71.97 examples/s]
[1ATokenizing train dataset:  81%|████████▏ | 24432/30000 [06:12<01:19, 70.26 examples/s]
[1ATokenizing train dataset:  81%|████████▏ | 24443/30000 [06:12<01:12, 76.36 examples/s]
[1ATokenizing train dataset:  82%|████████▏ | 24451/30000 [06:12<01:14, 74.95 examples/s]
[1ATokenizing train dataset:  82%|████████▏ | 24461/30000 [06:12<01:13, 75.07 examples/s]
[1ATokenizing train dataset:  82%|████████▏ | 24472/30000 [06:12<01:07, 81.98 examples/s]
[1ATokenizing train dataset:  82%|████████▏ | 24481/30000 [06:12<01:18, 70.52 examples/s]
[1ATokenizing train dataset:  82%|████████▏ | 24493/30000 [06:12<01:19, 69.07 examples/s]
[1ATokenizing train dataset:  82%|████████▏ | 24503/30000 [06:12<01:15, 72.65 examples/s]
[1ATokenizing train dataset:  82%|████████▏ | 24513/30000 [06:13<01:29, 61.11 examples/s]
[1ATokenizing train dataset:  82%|████████▏ | 24527/30000 [06:13<01:13, 74.89 examples/s]
[1ATokenizing train dataset:  82%|████████▏ | 24538/30000 [06:13<01:17, 70.15 examples/s]
[1ATokenizing train dataset:  82%|████████▏ | 24548/30000 [06:13<01:14, 72.75 examples/s]
[1ATokenizing train dataset:  82%|████████▏ | 24557/30000 [06:13<01:13, 73.85 examples/s]
[1ATokenizing train dataset:  82%|████████▏ | 24565/30000 [06:13<01:16, 71.04 examples/s]
[1ATokenizing train dataset:  82%|████████▏ | 24573/30000 [06:13<01:16, 71.36 examples/s]
[1ATokenizing train dataset:  82%|████████▏ | 24581/30000 [06:14<01:15, 71.48 examples/s]
[1ATokenizing train dataset:  82%|████████▏ | 24594/30000 [06:14<01:05, 83.17 examples/s]
[1ATokenizing train dataset:  82%|████████▏ | 24604/30000 [06:14<01:05, 82.05 examples/s]
[1ATokenizing train dataset:  82%|████████▏ | 24617/30000 [06:14<01:10, 76.80 examples/s]
[1ATokenizing train dataset:  82%|████████▏ | 24625/30000 [06:14<01:13, 73.36 examples/s]
[1ATokenizing train dataset:  82%|████████▏ | 24634/30000 [06:14<01:22, 64.81 examples/s]
[1ATokenizing train dataset:  82%|████████▏ | 24643/30000 [06:14<01:20, 66.81 examples/s]
[1ATokenizing train dataset:  82%|████████▏ | 24651/30000 [06:15<01:20, 66.74 examples/s]
[1ATokenizing train dataset:  82%|████████▏ | 24664/30000 [06:15<01:05, 81.18 examples/s]
[1ATokenizing train dataset:  82%|████████▏ | 24674/30000 [06:15<01:08, 77.81 examples/s]
[1ATokenizing train dataset:  82%|████████▏ | 24684/30000 [06:15<01:07, 78.52 examples/s]
[1ATokenizing train dataset:  82%|████████▏ | 24694/30000 [06:15<01:04, 82.86 examples/s]
[1ATokenizing train dataset:  82%|████████▏ | 24704/30000 [06:15<01:07, 78.79 examples/s]
[1ATokenizing train dataset:  82%|████████▏ | 24713/30000 [06:15<01:15, 69.69 examples/s]
[1ATokenizing train dataset:  82%|████████▏ | 24722/30000 [06:16<01:24, 62.81 examples/s]
[1ATokenizing train dataset:  82%|████████▏ | 24731/30000 [06:16<01:17, 68.31 examples/s]
[1ATokenizing train dataset:  82%|████████▏ | 24739/30000 [06:16<01:15, 69.47 examples/s]
[1ATokenizing train dataset:  82%|████████▏ | 24747/30000 [06:16<01:18, 67.20 examples/s]
[1ATokenizing train dataset:  83%|████████▎ | 24756/30000 [06:16<01:14, 70.01 examples/s]
[1ATokenizing train dataset:  83%|████████▎ | 24766/30000 [06:16<01:22, 63.24 examples/s]
[1ATokenizing train dataset:  83%|████████▎ | 24774/30000 [06:16<01:22, 63.36 examples/s]
[1ATokenizing train dataset:  83%|████████▎ | 24784/30000 [06:17<01:29, 58.54 examples/s]
[1ATokenizing train dataset:  83%|████████▎ | 24793/30000 [06:17<01:35, 54.66 examples/s]
[1ATokenizing train dataset:  83%|████████▎ | 24804/30000 [06:17<01:20, 64.35 examples/s]
[1ATokenizing train dataset:  83%|████████▎ | 24813/30000 [06:17<01:17, 67.32 examples/s]
[1ATokenizing train dataset:  83%|████████▎ | 24822/30000 [06:17<01:13, 70.55 examples/s]
[1ATokenizing train dataset:  83%|████████▎ | 24832/30000 [06:17<01:08, 75.43 examples/s]
[1ATokenizing train dataset:  83%|████████▎ | 24840/30000 [06:17<01:21, 63.07 examples/s]
[1ATokenizing train dataset:  83%|████████▎ | 24848/30000 [06:17<01:23, 61.46 examples/s]
[1ATokenizing train dataset:  83%|████████▎ | 24857/30000 [06:18<01:19, 64.88 examples/s]
[1ATokenizing train dataset:  83%|████████▎ | 24867/30000 [06:18<01:11, 72.25 examples/s]
[1ATokenizing train dataset:  83%|████████▎ | 24878/30000 [06:18<01:04, 79.18 examples/s]
[1ATokenizing train dataset:  83%|████████▎ | 24889/30000 [06:18<01:09, 73.92 examples/s]
[1ATokenizing train dataset:  83%|████████▎ | 24900/30000 [06:18<01:05, 78.12 examples/s]
[1ATokenizing train dataset:  83%|████████▎ | 24911/30000 [06:18<01:12, 70.28 examples/s]
[1ATokenizing train dataset:  83%|████████▎ | 24919/30000 [06:18<01:13, 68.70 examples/s]
[1ATokenizing train dataset:  83%|████████▎ | 24927/30000 [06:19<01:12, 70.35 examples/s]
[1ATokenizing train dataset:  83%|████████▎ | 24937/30000 [06:19<01:06, 75.86 examples/s]
[1ATokenizing train dataset:  83%|████████▎ | 24947/30000 [06:19<01:07, 74.68 examples/s]
[1ATokenizing train dataset:  83%|████████▎ | 24956/30000 [06:19<01:07, 74.27 examples/s]
[1ATokenizing train dataset:  83%|████████▎ | 24967/30000 [06:19<01:02, 80.20 examples/s]
[1ATokenizing train dataset:  83%|████████▎ | 24979/30000 [06:19<00:58, 85.65 examples/s]
[1ATokenizing train dataset:  83%|████████▎ | 24991/30000 [06:19<01:03, 79.08 examples/s]
[1ATokenizing train dataset:  83%|████████▎ | 25000/30000 [06:20<02:05, 39.71 examples/s]
[1ATokenizing train dataset:  83%|████████▎ | 25008/30000 [06:20<02:03, 40.37 examples/s]
[1ATokenizing train dataset:  83%|████████▎ | 25020/30000 [06:20<01:36, 51.71 examples/s]
[1ATokenizing train dataset:  83%|████████▎ | 25030/30000 [06:20<01:27, 56.81 examples/s]
[1ATokenizing train dataset:  83%|████████▎ | 25038/30000 [06:20<01:23, 59.09 examples/s]
[1ATokenizing train dataset:  83%|████████▎ | 25047/30000 [06:21<01:17, 64.06 examples/s]
[1ATokenizing train dataset:  84%|████████▎ | 25057/30000 [06:21<01:20, 61.52 examples/s]
[1ATokenizing train dataset:  84%|████████▎ | 25064/30000 [06:21<01:21, 60.54 examples/s]
[1ATokenizing train dataset:  84%|████████▎ | 25071/30000 [06:21<01:19, 62.02 examples/s]
[1ATokenizing train dataset:  84%|████████▎ | 25078/30000 [06:21<01:19, 61.88 examples/s]
[1ATokenizing train dataset:  84%|████████▎ | 25088/30000 [06:21<01:11, 69.17 examples/s]
[1ATokenizing train dataset:  84%|████████▎ | 25101/30000 [06:21<01:00, 81.61 examples/s]
[1ATokenizing train dataset:  84%|████████▎ | 25110/30000 [06:21<01:01, 79.61 examples/s]
[1ATokenizing train dataset:  84%|████████▎ | 25121/30000 [06:22<00:59, 82.08 examples/s]
[1ATokenizing train dataset:  84%|████████▍ | 25130/30000 [06:22<00:59, 81.44 examples/s]
[1ATokenizing train dataset:  84%|████████▍ | 25141/30000 [06:22<01:08, 71.38 examples/s]
[1ATokenizing train dataset:  84%|████████▍ | 25149/30000 [06:22<01:09, 69.63 examples/s]
[1ATokenizing train dataset:  84%|████████▍ | 25160/30000 [06:22<01:15, 64.28 examples/s]
[1ATokenizing train dataset:  84%|████████▍ | 25172/30000 [06:22<01:05, 74.24 examples/s]
[1ATokenizing train dataset:  84%|████████▍ | 25183/30000 [06:22<01:01, 78.05 examples/s]
[1ATokenizing train dataset:  84%|████████▍ | 25192/30000 [06:23<01:07, 71.30 examples/s]
[1ATokenizing train dataset:  84%|████████▍ | 25201/30000 [06:23<01:06, 72.55 examples/s]
[1ATokenizing train dataset:  84%|████████▍ | 25210/30000 [06:23<01:07, 70.45 examples/s]
[1ATokenizing train dataset:  84%|████████▍ | 25220/30000 [06:23<01:02, 76.64 examples/s]
[1ATokenizing train dataset:  84%|████████▍ | 25228/30000 [06:23<01:04, 74.00 examples/s]
[1ATokenizing train dataset:  84%|████████▍ | 25239/30000 [06:23<00:58, 81.82 examples/s]
[1ATokenizing train dataset:  84%|████████▍ | 25248/30000 [06:23<00:57, 82.54 examples/s]
[1ATokenizing train dataset:  84%|████████▍ | 25262/30000 [06:23<00:56, 84.01 examples/s]
[1ATokenizing train dataset:  84%|████████▍ | 25271/30000 [06:24<00:58, 80.79 examples/s]
[1ATokenizing train dataset:  84%|████████▍ | 25283/30000 [06:24<01:05, 71.58 examples/s]
[1ATokenizing train dataset:  84%|████████▍ | 25292/30000 [06:24<01:11, 65.78 examples/s]
[1ATokenizing train dataset:  84%|████████▍ | 25301/30000 [06:24<01:08, 68.88 examples/s]
[1ATokenizing train dataset:  84%|████████▍ | 25314/30000 [06:24<00:59, 78.33 examples/s]
[1ATokenizing train dataset:  84%|████████▍ | 25324/30000 [06:24<01:06, 69.96 examples/s]
[1ATokenizing train dataset:  84%|████████▍ | 25334/30000 [06:24<01:04, 72.62 examples/s]
[1ATokenizing train dataset:  84%|████████▍ | 25342/30000 [06:25<01:05, 71.26 examples/s]
[1ATokenizing train dataset:  85%|████████▍ | 25354/30000 [06:25<01:06, 70.08 examples/s]
[1ATokenizing train dataset:  85%|████████▍ | 25363/30000 [06:25<01:12, 64.28 examples/s]
[1ATokenizing train dataset:  85%|████████▍ | 25373/30000 [06:25<01:06, 69.78 examples/s]
[1ATokenizing train dataset:  85%|████████▍ | 25385/30000 [06:25<01:07, 68.87 examples/s]
[1ATokenizing train dataset:  85%|████████▍ | 25398/30000 [06:25<00:56, 81.36 examples/s]
[1ATokenizing train dataset:  85%|████████▍ | 25407/30000 [06:25<01:04, 70.82 examples/s]
[1ATokenizing train dataset:  85%|████████▍ | 25416/30000 [06:26<01:02, 73.10 examples/s]
[1ATokenizing train dataset:  85%|████████▍ | 25426/30000 [06:26<01:03, 72.47 examples/s]
[1ATokenizing train dataset:  85%|████████▍ | 25435/30000 [06:26<01:04, 71.27 examples/s]
[1ATokenizing train dataset:  85%|████████▍ | 25443/30000 [06:26<01:02, 73.14 examples/s]
[1ATokenizing train dataset:  85%|████████▍ | 25453/30000 [06:26<01:07, 67.65 examples/s]
[1ATokenizing train dataset:  85%|████████▍ | 25460/30000 [06:26<01:16, 59.49 examples/s]
[1ATokenizing train dataset:  85%|████████▍ | 25469/30000 [06:26<01:09, 64.80 examples/s]
[1ATokenizing train dataset:  85%|████████▍ | 25479/30000 [06:27<01:06, 67.80 examples/s]
[1ATokenizing train dataset:  85%|████████▍ | 25487/30000 [06:27<01:05, 69.28 examples/s]
[1ATokenizing train dataset:  85%|████████▌ | 25501/30000 [06:27<00:53, 83.49 examples/s]
[1ATokenizing train dataset:  85%|████████▌ | 25512/30000 [06:27<00:54, 81.84 examples/s]
[1ATokenizing train dataset:  85%|████████▌ | 25522/30000 [06:27<01:01, 72.95 examples/s]
[1ATokenizing train dataset:  85%|████████▌ | 25531/30000 [06:27<01:07, 66.11 examples/s]
[1ATokenizing train dataset:  85%|████████▌ | 25545/30000 [06:27<01:03, 70.62 examples/s]
[1ATokenizing train dataset:  85%|████████▌ | 25556/30000 [06:28<00:57, 77.38 examples/s]
[1ATokenizing train dataset:  85%|████████▌ | 25568/30000 [06:28<01:00, 73.48 examples/s]
[1ATokenizing train dataset:  85%|████████▌ | 25576/30000 [06:28<01:01, 72.11 examples/s]
[1ATokenizing train dataset:  85%|████████▌ | 25584/30000 [06:28<01:02, 70.11 examples/s]
[1ATokenizing train dataset:  85%|████████▌ | 25592/30000 [06:28<01:04, 68.67 examples/s]
[1ATokenizing train dataset:  85%|████████▌ | 25600/30000 [06:28<01:05, 67.26 examples/s]
[1ATokenizing train dataset:  85%|████████▌ | 25607/30000 [06:28<01:08, 64.03 examples/s]
[1ATokenizing train dataset:  85%|████████▌ | 25616/30000 [06:28<01:05, 66.83 examples/s]
[1ATokenizing train dataset:  85%|████████▌ | 25630/30000 [06:29<00:53, 81.97 examples/s]
[1ATokenizing train dataset:  85%|████████▌ | 25640/30000 [06:29<00:59, 73.43 examples/s]
[1ATokenizing train dataset:  85%|████████▌ | 25648/30000 [06:29<01:01, 70.72 examples/s]
[1ATokenizing train dataset:  86%|████████▌ | 25657/30000 [06:29<01:03, 68.51 examples/s]
[1ATokenizing train dataset:  86%|████████▌ | 25664/30000 [06:29<01:08, 63.25 examples/s]
[1ATokenizing train dataset:  86%|████████▌ | 25672/30000 [06:29<01:13, 58.97 examples/s]
[1ATokenizing train dataset:  86%|████████▌ | 25680/30000 [06:29<01:11, 60.29 examples/s]
[1ATokenizing train dataset:  86%|████████▌ | 25688/30000 [06:30<01:20, 53.89 examples/s]
[1ATokenizing train dataset:  86%|████████▌ | 25698/30000 [06:30<01:08, 63.06 examples/s]
[1ATokenizing train dataset:  86%|████████▌ | 25707/30000 [06:30<01:07, 63.99 examples/s]
[1ATokenizing train dataset:  86%|████████▌ | 25715/30000 [06:30<01:07, 63.39 examples/s]
[1ATokenizing train dataset:  86%|████████▌ | 25724/30000 [06:30<01:04, 66.62 examples/s]
[1ATokenizing train dataset:  86%|████████▌ | 25734/30000 [06:30<01:07, 63.02 examples/s]
[1ATokenizing train dataset:  86%|████████▌ | 25741/30000 [06:30<01:08, 62.28 examples/s]
[1ATokenizing train dataset:  86%|████████▌ | 25750/30000 [06:31<01:06, 63.73 examples/s]
[1ATokenizing train dataset:  86%|████████▌ | 25759/30000 [06:31<01:04, 65.96 examples/s]
[1ATokenizing train dataset:  86%|████████▌ | 25770/30000 [06:31<00:55, 76.03 examples/s]
[1ATokenizing train dataset:  86%|████████▌ | 25780/30000 [06:31<01:02, 67.80 examples/s]
[1ATokenizing train dataset:  86%|████████▌ | 25794/30000 [06:31<01:00, 69.35 examples/s]
[1ATokenizing train dataset:  86%|████████▌ | 25804/30000 [06:31<01:03, 66.17 examples/s]
[1ATokenizing train dataset:  86%|████████▌ | 25813/30000 [06:31<01:08, 61.44 examples/s]
[1ATokenizing train dataset:  86%|████████▌ | 25820/30000 [06:32<01:08, 61.26 examples/s]
[1ATokenizing train dataset:  86%|████████▌ | 25829/30000 [06:32<01:11, 58.17 examples/s]
[1ATokenizing train dataset:  86%|████████▌ | 25839/30000 [06:32<01:07, 61.83 examples/s]
[1ATokenizing train dataset:  86%|████████▌ | 25847/30000 [06:32<01:04, 64.10 examples/s]
[1ATokenizing train dataset:  86%|████████▌ | 25857/30000 [06:32<01:00, 68.84 examples/s]
[1ATokenizing train dataset:  86%|████████▌ | 25866/30000 [06:32<01:04, 64.34 examples/s]
[1ATokenizing train dataset:  86%|████████▌ | 25874/30000 [06:32<01:06, 62.36 examples/s]
[1ATokenizing train dataset:  86%|████████▋ | 25883/30000 [06:33<01:12, 56.76 examples/s]
[1ATokenizing train dataset:  86%|████████▋ | 25889/30000 [06:33<01:13, 56.22 examples/s]
[1ATokenizing train dataset:  86%|████████▋ | 25896/30000 [06:33<01:13, 56.15 examples/s]
[1ATokenizing train dataset:  86%|████████▋ | 25904/30000 [06:33<01:10, 57.82 examples/s]
[1ATokenizing train dataset:  86%|████████▋ | 25910/30000 [06:33<01:15, 54.23 examples/s]
[1ATokenizing train dataset:  86%|████████▋ | 25919/30000 [06:33<01:05, 62.10 examples/s]
[1ATokenizing train dataset:  86%|████████▋ | 25929/30000 [06:33<01:03, 64.52 examples/s]
[1ATokenizing train dataset:  86%|████████▋ | 25938/30000 [06:34<01:02, 64.79 examples/s]
[1ATokenizing train dataset:  86%|████████▋ | 25949/30000 [06:34<00:56, 71.66 examples/s]
[1ATokenizing train dataset:  87%|████████▋ | 25958/30000 [06:34<00:55, 72.44 examples/s]
[1ATokenizing train dataset:  87%|████████▋ | 25970/30000 [06:34<00:57, 70.66 examples/s]
[1ATokenizing train dataset:  87%|████████▋ | 25978/30000 [06:34<01:05, 61.60 examples/s]
[1ATokenizing train dataset:  87%|████████▋ | 25987/30000 [06:34<01:11, 56.10 examples/s]
[1ATokenizing train dataset:  87%|████████▋ | 25994/30000 [06:34<01:11, 56.06 examples/s]
[1ATokenizing train dataset:  87%|████████▋ | 26000/30000 [06:35<02:19, 28.64 examples/s]
[1ATokenizing train dataset:  87%|████████▋ | 26009/30000 [06:35<01:48, 36.76 examples/s]
[1ATokenizing train dataset:  87%|████████▋ | 26018/30000 [06:35<01:31, 43.61 examples/s]
[1ATokenizing train dataset:  87%|████████▋ | 26028/30000 [06:35<01:14, 53.52 examples/s]
[1ATokenizing train dataset:  87%|████████▋ | 26037/30000 [06:35<01:07, 58.74 examples/s]
[1ATokenizing train dataset:  87%|████████▋ | 26047/30000 [06:36<01:06, 59.37 examples/s]
[1ATokenizing train dataset:  87%|████████▋ | 26057/30000 [06:36<01:05, 60.34 examples/s]
[1ATokenizing train dataset:  87%|████████▋ | 26064/30000 [06:36<01:05, 60.52 examples/s]
[1ATokenizing train dataset:  87%|████████▋ | 26073/30000 [06:36<01:08, 57.42 examples/s]
[1ATokenizing train dataset:  87%|████████▋ | 26085/30000 [06:36<00:57, 67.95 examples/s]
[1ATokenizing train dataset:  87%|████████▋ | 26097/30000 [06:36<00:51, 75.19 examples/s]
[1ATokenizing train dataset:  87%|████████▋ | 26107/30000 [06:36<00:49, 78.13 examples/s]
[1ATokenizing train dataset:  87%|████████▋ | 26116/30000 [06:37<00:53, 73.18 examples/s]
[1ATokenizing train dataset:  87%|████████▋ | 26124/30000 [06:37<00:55, 70.01 examples/s]
[1ATokenizing train dataset:  87%|████████▋ | 26135/30000 [06:37<00:56, 68.51 examples/s]
[1ATokenizing train dataset:  87%|████████▋ | 26142/30000 [06:37<00:56, 68.10 examples/s]
[1ATokenizing train dataset:  87%|████████▋ | 26150/30000 [06:37<00:57, 66.89 examples/s]
[1ATokenizing train dataset:  87%|████████▋ | 26164/30000 [06:37<00:46, 81.66 examples/s]
[1ATokenizing train dataset:  87%|████████▋ | 26174/30000 [06:37<00:44, 85.48 examples/s]
[1ATokenizing train dataset:  87%|████████▋ | 26184/30000 [06:38<00:52, 72.52 examples/s]
[1ATokenizing train dataset:  87%|████████▋ | 26193/30000 [06:38<00:49, 76.16 examples/s]
[1ATokenizing train dataset:  87%|████████▋ | 26202/30000 [06:38<00:50, 75.29 examples/s]
[1ATokenizing train dataset:  87%|████████▋ | 26212/30000 [06:38<00:51, 73.86 examples/s]
[1ATokenizing train dataset:  87%|████████▋ | 26222/30000 [06:38<00:56, 66.99 examples/s]
[1ATokenizing train dataset:  87%|████████▋ | 26237/30000 [06:38<00:46, 81.70 examples/s]
[1ATokenizing train dataset:  87%|████████▋ | 26246/30000 [06:38<00:46, 80.99 examples/s]
[1ATokenizing train dataset:  88%|████████▊ | 26259/30000 [06:38<00:50, 74.09 examples/s]
[1ATokenizing train dataset:  88%|████████▊ | 26271/30000 [06:39<00:52, 71.29 examples/s]
[1ATokenizing train dataset:  88%|████████▊ | 26281/30000 [06:39<00:51, 72.14 examples/s]
[1ATokenizing train dataset:  88%|████████▊ | 26292/30000 [06:39<00:55, 66.49 examples/s]
[1ATokenizing train dataset:  88%|████████▊ | 26303/30000 [06:39<00:49, 74.71 examples/s]
[1ATokenizing train dataset:  88%|████████▊ | 26318/30000 [06:39<00:42, 86.16 examples/s]
[1ATokenizing train dataset:  88%|████████▊ | 26328/30000 [06:39<00:48, 76.22 examples/s]
[1ATokenizing train dataset:  88%|████████▊ | 26340/30000 [06:40<00:44, 81.37 examples/s]
[1ATokenizing train dataset:  88%|████████▊ | 26349/30000 [06:40<00:52, 69.07 examples/s]
[1ATokenizing train dataset:  88%|████████▊ | 26359/30000 [06:40<00:55, 65.27 examples/s]
[1ATokenizing train dataset:  88%|████████▊ | 26366/30000 [06:40<00:57, 63.00 examples/s]
[1ATokenizing train dataset:  88%|████████▊ | 26373/30000 [06:40<00:58, 61.48 examples/s]
[1ATokenizing train dataset:  88%|████████▊ | 26384/30000 [06:40<00:51, 70.60 examples/s]
[1ATokenizing train dataset:  88%|████████▊ | 26398/30000 [06:40<00:42, 83.91 examples/s]
[1ATokenizing train dataset:  88%|████████▊ | 26408/30000 [06:41<00:49, 73.01 examples/s]
[1ATokenizing train dataset:  88%|████████▊ | 26419/30000 [06:41<00:46, 76.33 examples/s]
[1ATokenizing train dataset:  88%|████████▊ | 26427/30000 [06:41<00:47, 74.48 examples/s]
[1ATokenizing train dataset:  88%|████████▊ | 26435/30000 [06:41<00:51, 69.58 examples/s]
[1ATokenizing train dataset:  88%|████████▊ | 26444/30000 [06:41<00:57, 62.11 examples/s]
[1ATokenizing train dataset:  88%|████████▊ | 26454/30000 [06:41<00:53, 65.70 examples/s]
[1ATokenizing train dataset:  88%|████████▊ | 26463/30000 [06:41<00:51, 68.83 examples/s]
[1ATokenizing train dataset:  88%|████████▊ | 26474/30000 [06:41<00:45, 78.15 examples/s]
[1ATokenizing train dataset:  88%|████████▊ | 26484/30000 [06:42<00:50, 69.53 examples/s]
[1ATokenizing train dataset:  88%|████████▊ | 26496/30000 [06:42<00:45, 76.41 examples/s]
[1ATokenizing train dataset:  88%|████████▊ | 26504/30000 [06:42<00:52, 67.03 examples/s]
[1ATokenizing train dataset:  88%|████████▊ | 26515/30000 [06:42<00:55, 62.66 examples/s]
[1ATokenizing train dataset:  88%|████████▊ | 26523/30000 [06:42<00:56, 61.87 examples/s]
[1ATokenizing train dataset:  88%|████████▊ | 26533/30000 [06:42<00:57, 59.99 examples/s]
[1ATokenizing train dataset:  88%|████████▊ | 26545/30000 [06:43<00:47, 72.37 examples/s]
[1ATokenizing train dataset:  89%|████████▊ | 26557/30000 [06:43<00:48, 71.63 examples/s]
[1ATokenizing train dataset:  89%|████████▊ | 26566/30000 [06:43<00:51, 67.32 examples/s]
[1ATokenizing train dataset:  89%|████████▊ | 26575/30000 [06:43<00:49, 69.63 examples/s]
[1ATokenizing train dataset:  89%|████████▊ | 26585/30000 [06:43<00:51, 66.84 examples/s]
[1ATokenizing train dataset:  89%|████████▊ | 26593/30000 [06:43<00:49, 68.76 examples/s]
[1ATokenizing train dataset:  89%|████████▊ | 26604/30000 [06:43<00:44, 76.59 examples/s]
[1ATokenizing train dataset:  89%|████████▊ | 26613/30000 [06:44<00:49, 69.03 examples/s]
[1ATokenizing train dataset:  89%|████████▊ | 26624/30000 [06:44<00:44, 76.67 examples/s]
[1ATokenizing train dataset:  89%|████████▉ | 26634/30000 [06:44<00:42, 79.91 examples/s]
[1ATokenizing train dataset:  89%|████████▉ | 26644/30000 [06:44<00:42, 79.77 examples/s]
[1ATokenizing train dataset:  89%|████████▉ | 26656/30000 [06:44<00:38, 86.96 examples/s]
[1ATokenizing train dataset:  89%|████████▉ | 26667/30000 [06:44<00:46, 72.19 examples/s]
[1ATokenizing train dataset:  89%|████████▉ | 26677/30000 [06:44<00:44, 75.22 examples/s]
[1ATokenizing train dataset:  89%|████████▉ | 26687/30000 [06:45<00:46, 70.51 examples/s]
[1ATokenizing train dataset:  89%|████████▉ | 26699/30000 [06:45<00:48, 68.08 examples/s]
[1ATokenizing train dataset:  89%|████████▉ | 26711/30000 [06:45<00:48, 67.54 examples/s]
[1ATokenizing train dataset:  89%|████████▉ | 26721/30000 [06:45<00:45, 72.00 examples/s]
[1ATokenizing train dataset:  89%|████████▉ | 26730/30000 [06:45<00:50, 64.56 examples/s]
[1ATokenizing train dataset:  89%|████████▉ | 26740/30000 [06:45<00:48, 67.50 examples/s]
[1ATokenizing train dataset:  89%|████████▉ | 26747/30000 [06:45<00:50, 64.71 examples/s]
[1ATokenizing train dataset:  89%|████████▉ | 26754/30000 [06:46<00:52, 62.40 examples/s]
[1ATokenizing train dataset:  89%|████████▉ | 26761/30000 [06:46<00:53, 60.66 examples/s]
[1ATokenizing train dataset:  89%|████████▉ | 26770/30000 [06:46<00:49, 65.59 examples/s]
[1ATokenizing train dataset:  89%|████████▉ | 26779/30000 [06:46<00:49, 65.20 examples/s]
[1ATokenizing train dataset:  89%|████████▉ | 26793/30000 [06:46<00:40, 78.68 examples/s]
[1ATokenizing train dataset:  89%|████████▉ | 26803/30000 [06:46<00:44, 71.69 examples/s]
[1ATokenizing train dataset:  89%|████████▉ | 26812/30000 [06:46<00:43, 73.47 examples/s]
[1ATokenizing train dataset:  89%|████████▉ | 26824/30000 [06:47<00:45, 69.50 examples/s]
[1ATokenizing train dataset:  89%|████████▉ | 26833/30000 [06:47<00:44, 71.50 examples/s]
[1ATokenizing train dataset:  89%|████████▉ | 26844/30000 [06:47<00:47, 66.43 examples/s]
[1ATokenizing train dataset:  90%|████████▉ | 26854/30000 [06:47<00:52, 60.26 examples/s]
[1ATokenizing train dataset:  90%|████████▉ | 26864/30000 [06:47<00:46, 67.81 examples/s]
[1ATokenizing train dataset:  90%|████████▉ | 26875/30000 [06:47<00:46, 66.66 examples/s]
[1ATokenizing train dataset:  90%|████████▉ | 26885/30000 [06:47<00:47, 65.19 examples/s]
[1ATokenizing train dataset:  90%|████████▉ | 26894/30000 [06:48<00:44, 70.37 examples/s]
[1ATokenizing train dataset:  90%|████████▉ | 26902/30000 [06:48<00:44, 68.93 examples/s]
[1ATokenizing train dataset:  90%|████████▉ | 26912/30000 [06:48<00:49, 62.09 examples/s]
[1ATokenizing train dataset:  90%|████████▉ | 26925/30000 [06:48<00:44, 69.47 examples/s]
[1ATokenizing train dataset:  90%|████████▉ | 26934/30000 [06:48<00:42, 72.10 examples/s]
[1ATokenizing train dataset:  90%|████████▉ | 26942/30000 [06:48<00:42, 72.30 examples/s]
[1ATokenizing train dataset:  90%|████████▉ | 26953/30000 [06:48<00:45, 67.37 examples/s]
[1ATokenizing train dataset:  90%|████████▉ | 26966/30000 [06:49<00:41, 73.84 examples/s]
[1ATokenizing train dataset:  90%|████████▉ | 26976/30000 [06:49<00:42, 70.49 examples/s]
[1ATokenizing train dataset:  90%|████████▉ | 26986/30000 [06:49<00:42, 70.64 examples/s]
[1ATokenizing train dataset:  90%|████████▉ | 26995/30000 [06:49<00:41, 71.79 examples/s]
[1ATokenizing train dataset:  90%|█████████ | 27008/30000 [06:50<01:19, 37.74 examples/s]
[1ATokenizing train dataset:  90%|█████████ | 27020/30000 [06:50<01:02, 47.83 examples/s]
[1ATokenizing train dataset:  90%|█████████ | 27028/30000 [06:50<00:56, 52.61 examples/s]
[1ATokenizing train dataset:  90%|█████████ | 27038/30000 [06:50<00:50, 59.16 examples/s]
[1ATokenizing train dataset:  90%|█████████ | 27047/30000 [06:50<00:51, 56.80 examples/s]
[1ATokenizing train dataset:  90%|█████████ | 27055/30000 [06:50<00:49, 59.81 examples/s]
[1ATokenizing train dataset:  90%|█████████ | 27062/30000 [06:50<00:48, 61.01 examples/s]
[1ATokenizing train dataset:  90%|█████████ | 27072/30000 [06:51<00:44, 65.76 examples/s]
[1ATokenizing train dataset:  90%|█████████ | 27087/30000 [06:51<00:34, 83.28 examples/s]
[1ATokenizing train dataset:  90%|█████████ | 27098/30000 [06:51<00:39, 73.65 examples/s]
[1ATokenizing train dataset:  90%|█████████ | 27109/30000 [06:51<00:37, 77.22 examples/s]
[1ATokenizing train dataset:  90%|█████████ | 27122/30000 [06:51<00:42, 67.84 examples/s]
[1ATokenizing train dataset:  90%|█████████ | 27130/30000 [06:51<00:48, 59.35 examples/s]
[1ATokenizing train dataset:  90%|█████████ | 27137/30000 [06:51<00:48, 59.48 examples/s]
[1ATokenizing train dataset:  90%|█████████ | 27148/30000 [06:52<00:46, 61.37 examples/s]
[1ATokenizing train dataset:  91%|█████████ | 27163/30000 [06:52<00:37, 76.54 examples/s]
[1ATokenizing train dataset:  91%|█████████ | 27173/30000 [06:52<00:34, 81.24 examples/s]
[1ATokenizing train dataset:  91%|█████████ | 27184/30000 [06:52<00:34, 80.80 examples/s]
[1ATokenizing train dataset:  91%|█████████ | 27196/30000 [06:52<00:37, 75.19 examples/s]
[1ATokenizing train dataset:  91%|█████████ | 27204/30000 [06:52<00:38, 72.50 examples/s]
[1ATokenizing train dataset:  91%|█████████ | 27212/30000 [06:52<00:39, 70.32 examples/s]
[1ATokenizing train dataset:  91%|█████████ | 27220/30000 [06:53<00:40, 68.91 examples/s]
[1ATokenizing train dataset:  91%|█████████ | 27236/30000 [06:53<00:31, 87.59 examples/s]
[1ATokenizing train dataset:  91%|█████████ | 27245/30000 [06:53<00:34, 80.30 examples/s]
[1ATokenizing train dataset:  91%|█████████ | 27258/30000 [06:53<00:41, 66.82 examples/s]
[1ATokenizing train dataset:  91%|█████████ | 27266/30000 [06:53<00:39, 68.41 examples/s]
[1ATokenizing train dataset:  91%|█████████ | 27276/30000 [06:53<00:42, 63.67 examples/s]
[1ATokenizing train dataset:  91%|█████████ | 27283/30000 [06:53<00:44, 61.12 examples/s]
[1ATokenizing train dataset:  91%|█████████ | 27294/30000 [06:54<00:39, 68.99 examples/s]
[1ATokenizing train dataset:  91%|█████████ | 27307/30000 [06:54<00:37, 72.30 examples/s]
[1ATokenizing train dataset:  91%|█████████ | 27318/30000 [06:54<00:35, 75.44 examples/s]
[1ATokenizing train dataset:  91%|█████████ | 27328/30000 [06:54<00:39, 67.61 examples/s]
[1ATokenizing train dataset:  91%|█████████ | 27339/30000 [06:54<00:36, 72.20 examples/s]
[1ATokenizing train dataset:  91%|█████████ | 27348/30000 [06:54<00:41, 63.34 examples/s]
[1ATokenizing train dataset:  91%|█████████ | 27357/30000 [06:55<00:40, 64.91 examples/s]
[1ATokenizing train dataset:  91%|█████████ | 27366/30000 [06:55<00:38, 68.52 examples/s]
[1ATokenizing train dataset:  91%|█████████▏| 27376/30000 [06:55<00:37, 69.12 examples/s]
[1ATokenizing train dataset:  91%|█████████▏| 27388/30000 [06:55<00:37, 69.69 examples/s]
[1ATokenizing train dataset:  91%|█████████▏| 27398/30000 [06:55<00:34, 74.88 examples/s]
[1ATokenizing train dataset:  91%|█████████▏| 27406/30000 [06:55<00:35, 72.54 examples/s]
[1ATokenizing train dataset:  91%|█████████▏| 27415/30000 [06:55<00:35, 71.96 examples/s]
[1ATokenizing train dataset:  91%|█████████▏| 27423/30000 [06:56<00:41, 62.13 examples/s]
[1ATokenizing train dataset:  91%|█████████▏| 27433/30000 [06:56<00:44, 58.08 examples/s]
[1ATokenizing train dataset:  91%|█████████▏| 27441/30000 [06:56<00:45, 56.18 examples/s]
[1ATokenizing train dataset:  92%|█████████▏| 27450/30000 [06:56<00:44, 57.33 examples/s]
[1ATokenizing train dataset:  92%|█████████▏| 27463/30000 [06:56<00:36, 68.92 examples/s]
[1ATokenizing train dataset:  92%|█████████▏| 27475/30000 [06:56<00:36, 68.30 examples/s]
[1ATokenizing train dataset:  92%|█████████▏| 27484/30000 [06:56<00:39, 64.31 examples/s]
[1ATokenizing train dataset:  92%|█████████▏| 27491/30000 [06:57<00:38, 64.42 examples/s]
[1ATokenizing train dataset:  92%|█████████▏| 27500/30000 [06:57<00:44, 56.51 examples/s]
[1ATokenizing train dataset:  92%|█████████▏| 27508/30000 [06:57<00:44, 56.61 examples/s]
[1ATokenizing train dataset:  92%|█████████▏| 27516/30000 [06:57<00:41, 60.07 examples/s]
[1ATokenizing train dataset:  92%|█████████▏| 27524/30000 [06:57<00:41, 60.07 examples/s]
[1ATokenizing train dataset:  92%|█████████▏| 27536/30000 [06:57<00:34, 71.47 examples/s]
[1ATokenizing train dataset:  92%|█████████▏| 27545/30000 [06:57<00:38, 63.65 examples/s]
[1ATokenizing train dataset:  92%|█████████▏| 27553/30000 [06:58<00:42, 58.07 examples/s]
[1ATokenizing train dataset:  92%|█████████▏| 27562/30000 [06:58<00:38, 63.90 examples/s]
[1ATokenizing train dataset:  92%|█████████▏| 27569/30000 [06:58<00:39, 61.12 examples/s]
[1ATokenizing train dataset:  92%|█████████▏| 27578/30000 [06:58<00:42, 56.94 examples/s]
[1ATokenizing train dataset:  92%|█████████▏| 27586/30000 [06:58<00:44, 53.68 examples/s]
[1ATokenizing train dataset:  92%|█████████▏| 27593/30000 [06:58<00:48, 50.10 examples/s]
[1ATokenizing train dataset:  92%|█████████▏| 27605/30000 [06:59<00:38, 62.60 examples/s]
[1ATokenizing train dataset:  92%|█████████▏| 27615/30000 [06:59<00:35, 67.85 examples/s]
[1ATokenizing train dataset:  92%|█████████▏| 27624/30000 [06:59<00:37, 63.76 examples/s]
[1ATokenizing train dataset:  92%|█████████▏| 27632/30000 [06:59<00:35, 66.20 examples/s]
[1ATokenizing train dataset:  92%|█████████▏| 27642/30000 [06:59<00:37, 63.14 examples/s]
[1ATokenizing train dataset:  92%|█████████▏| 27650/30000 [06:59<00:38, 61.43 examples/s]
[1ATokenizing train dataset:  92%|█████████▏| 27659/30000 [06:59<00:36, 64.98 examples/s]
[1ATokenizing train dataset:  92%|█████████▏| 27669/30000 [07:00<00:36, 63.16 examples/s]
[1ATokenizing train dataset:  92%|█████████▏| 27679/30000 [07:00<00:37, 62.24 examples/s]
[1ATokenizing train dataset:  92%|█████████▏| 27687/30000 [07:00<00:42, 53.91 examples/s]
[1ATokenizing train dataset:  92%|█████████▏| 27699/30000 [07:00<00:35, 64.72 examples/s]
[1ATokenizing train dataset:  92%|█████████▏| 27710/30000 [07:00<00:36, 62.73 examples/s]
[1ATokenizing train dataset:  92%|█████████▏| 27717/30000 [07:00<00:36, 63.14 examples/s]
[1ATokenizing train dataset:  92%|█████████▏| 27725/30000 [07:00<00:34, 65.81 examples/s]
[1ATokenizing train dataset:  92%|█████████▏| 27732/30000 [07:01<00:34, 65.14 examples/s]
[1ATokenizing train dataset:  92%|█████████▏| 27743/30000 [07:01<00:30, 74.82 examples/s]
[1ATokenizing train dataset:  93%|█████████▎| 27756/30000 [07:01<00:28, 79.90 examples/s]
[1ATokenizing train dataset:  93%|█████████▎| 27767/30000 [07:01<00:31, 71.55 examples/s]
[1ATokenizing train dataset:  93%|█████████▎| 27776/30000 [07:01<00:31, 71.07 examples/s]
[1ATokenizing train dataset:  93%|█████████▎| 27785/30000 [07:01<00:35, 62.44 examples/s]
[1ATokenizing train dataset:  93%|█████████▎| 27792/30000 [07:01<00:36, 60.68 examples/s]
[1ATokenizing train dataset:  93%|█████████▎| 27799/30000 [07:02<00:36, 60.42 examples/s]
[1ATokenizing train dataset:  93%|█████████▎| 27806/30000 [07:02<00:37, 58.95 examples/s]
[1ATokenizing train dataset:  93%|█████████▎| 27812/30000 [07:02<00:39, 54.93 examples/s]
[1ATokenizing train dataset:  93%|█████████▎| 27820/30000 [07:02<00:36, 60.46 examples/s]
[1ATokenizing train dataset:  93%|█████████▎| 27833/30000 [07:02<00:28, 76.32 examples/s]
[1ATokenizing train dataset:  93%|█████████▎| 27844/30000 [07:02<00:25, 83.08 examples/s]
[1ATokenizing train dataset:  93%|█████████▎| 27855/30000 [07:02<00:29, 72.71 examples/s]
[1ATokenizing train dataset:  93%|█████████▎| 27865/30000 [07:02<00:28, 74.87 examples/s]
[1ATokenizing train dataset:  93%|█████████▎| 27874/30000 [07:03<00:28, 74.71 examples/s]
[1ATokenizing train dataset:  93%|█████████▎| 27882/30000 [07:03<00:28, 74.03 examples/s]
[1ATokenizing train dataset:  93%|█████████▎| 27894/30000 [07:03<00:28, 74.44 examples/s]
[1ATokenizing train dataset:  93%|█████████▎| 27905/30000 [07:03<00:26, 77.95 examples/s]
[1ATokenizing train dataset:  93%|█████████▎| 27915/30000 [07:03<00:29, 70.72 examples/s]
[1ATokenizing train dataset:  93%|█████████▎| 27927/30000 [07:03<00:27, 74.72 examples/s]
[1ATokenizing train dataset:  93%|█████████▎| 27935/30000 [07:03<00:33, 62.18 examples/s]
[1ATokenizing train dataset:  93%|█████████▎| 27942/30000 [07:04<00:34, 60.04 examples/s]
[1ATokenizing train dataset:  93%|█████████▎| 27952/30000 [07:04<00:34, 58.84 examples/s]
[1ATokenizing train dataset:  93%|█████████▎| 27960/30000 [07:04<00:36, 55.14 examples/s]
[1ATokenizing train dataset:  93%|█████████▎| 27969/30000 [07:04<00:34, 59.64 examples/s]
[1ATokenizing train dataset:  93%|█████████▎| 27986/30000 [07:04<00:26, 76.10 examples/s]
[1ATokenizing train dataset:  93%|█████████▎| 27994/30000 [07:04<00:30, 66.48 examples/s]
[1ATokenizing train dataset:  93%|█████████▎| 28006/30000 [07:05<00:51, 38.55 examples/s]
[1ATokenizing train dataset:  93%|█████████▎| 28014/30000 [07:05<00:48, 41.24 examples/s]
[1ATokenizing train dataset:  93%|█████████▎| 28023/30000 [07:05<00:42, 46.80 examples/s]
[1ATokenizing train dataset:  93%|█████████▎| 28032/30000 [07:05<00:38, 51.28 examples/s]
[1ATokenizing train dataset:  93%|█████████▎| 28044/30000 [07:05<00:31, 62.58 examples/s]
[1ATokenizing train dataset:  94%|█████████▎| 28053/30000 [07:06<00:29, 65.26 examples/s]
[1ATokenizing train dataset:  94%|█████████▎| 28062/30000 [07:06<00:30, 62.61 examples/s]
[1ATokenizing train dataset:  94%|█████████▎| 28072/30000 [07:06<00:29, 64.94 examples/s]
[1ATokenizing train dataset:  94%|█████████▎| 28080/30000 [07:06<00:29, 66.08 examples/s]
[1ATokenizing train dataset:  94%|█████████▎| 28087/30000 [07:06<00:29, 64.36 examples/s]
[1ATokenizing train dataset:  94%|█████████▎| 28095/30000 [07:06<00:29, 63.84 examples/s]
[1ATokenizing train dataset:  94%|█████████▎| 28108/30000 [07:06<00:28, 65.87 examples/s]
[1ATokenizing train dataset:  94%|█████████▎| 28115/30000 [07:07<00:30, 62.00 examples/s]
[1ATokenizing train dataset:  94%|█████████▍| 28128/30000 [07:07<00:24, 76.46 examples/s]
[1ATokenizing train dataset:  94%|█████████▍| 28140/30000 [07:07<00:28, 64.71 examples/s]
[1ATokenizing train dataset:  94%|█████████▍| 28151/30000 [07:07<00:25, 71.66 examples/s]
[1ATokenizing train dataset:  94%|█████████▍| 28160/30000 [07:07<00:24, 74.20 examples/s]
[1ATokenizing train dataset:  94%|█████████▍| 28170/30000 [07:07<00:26, 68.68 examples/s]
[1ATokenizing train dataset:  94%|█████████▍| 28181/30000 [07:07<00:25, 71.29 examples/s]
[1ATokenizing train dataset:  94%|█████████▍| 28195/30000 [07:08<00:22, 80.80 examples/s]
[1ATokenizing train dataset:  94%|█████████▍| 28204/30000 [07:08<00:22, 80.33 examples/s]
[1ATokenizing train dataset:  94%|█████████▍| 28215/30000 [07:08<00:25, 69.35 examples/s]
[1ATokenizing train dataset:  94%|█████████▍| 28223/30000 [07:08<00:25, 70.13 examples/s]
[1ATokenizing train dataset:  94%|█████████▍| 28231/30000 [07:08<00:28, 61.00 examples/s]
[1ATokenizing train dataset:  94%|█████████▍| 28239/30000 [07:08<00:28, 62.56 examples/s]
[1ATokenizing train dataset:  94%|█████████▍| 28249/30000 [07:08<00:28, 60.74 examples/s]
[1ATokenizing train dataset:  94%|█████████▍| 28257/30000 [07:09<00:28, 60.67 examples/s]
[1ATokenizing train dataset:  94%|█████████▍| 28269/30000 [07:09<00:25, 67.39 examples/s]
[1ATokenizing train dataset:  94%|█████████▍| 28279/30000 [07:09<00:23, 73.43 examples/s]
[1ATokenizing train dataset:  94%|█████████▍| 28291/30000 [07:09<00:24, 70.71 examples/s]
[1ATokenizing train dataset:  94%|█████████▍| 28303/30000 [07:09<00:24, 68.12 examples/s]
[1ATokenizing train dataset:  94%|█████████▍| 28311/30000 [07:09<00:29, 58.06 examples/s]
[1ATokenizing train dataset:  94%|█████████▍| 28322/30000 [07:10<00:28, 58.15 examples/s]
[1ATokenizing train dataset:  94%|█████████▍| 28331/30000 [07:10<00:27, 60.88 examples/s]
[1ATokenizing train dataset:  94%|█████████▍| 28340/30000 [07:10<00:29, 57.05 examples/s]
[1ATokenizing train dataset:  94%|█████████▍| 28348/30000 [07:10<00:27, 59.28 examples/s]
[1ATokenizing train dataset:  95%|█████████▍| 28358/30000 [07:10<00:26, 62.33 examples/s]
[1ATokenizing train dataset:  95%|█████████▍| 28366/30000 [07:10<00:28, 57.77 examples/s]
[1ATokenizing train dataset:  95%|█████████▍| 28377/30000 [07:11<00:25, 64.62 examples/s]
[1ATokenizing train dataset:  95%|█████████▍| 28386/30000 [07:11<00:23, 67.98 examples/s]
[1ATokenizing train dataset:  95%|█████████▍| 28397/30000 [07:11<00:24, 66.79 examples/s]
[1ATokenizing train dataset:  95%|█████████▍| 28404/30000 [07:11<00:29, 54.87 examples/s]
[1ATokenizing train dataset:  95%|█████████▍| 28412/30000 [07:11<00:26, 59.11 examples/s]
[1ATokenizing train dataset:  95%|█████████▍| 28420/30000 [07:11<00:26, 58.79 examples/s]
[1ATokenizing train dataset:  95%|█████████▍| 28430/30000 [07:11<00:23, 66.18 examples/s]
[1ATokenizing train dataset:  95%|█████████▍| 28437/30000 [07:11<00:25, 60.39 examples/s]
[1ATokenizing train dataset:  95%|█████████▍| 28450/30000 [07:12<00:20, 74.78 examples/s]
[1ATokenizing train dataset:  95%|█████████▍| 28463/30000 [07:12<00:19, 77.33 examples/s]
[1ATokenizing train dataset:  95%|█████████▍| 28473/30000 [07:12<00:21, 70.01 examples/s]
[1ATokenizing train dataset:  95%|█████████▍| 28483/30000 [07:12<00:22, 65.98 examples/s]
[1ATokenizing train dataset:  95%|█████████▍| 28490/30000 [07:12<00:22, 66.55 examples/s]
[1ATokenizing train dataset:  95%|█████████▌| 28502/30000 [07:12<00:19, 78.29 examples/s]
[1ATokenizing train dataset:  95%|█████████▌| 28512/30000 [07:12<00:18, 81.56 examples/s]
[1ATokenizing train dataset:  95%|█████████▌| 28524/30000 [07:13<00:19, 76.17 examples/s]
[1ATokenizing train dataset:  95%|█████████▌| 28532/30000 [07:13<00:20, 72.84 examples/s]
[1ATokenizing train dataset:  95%|█████████▌| 28540/30000 [07:13<00:19, 73.70 examples/s]
[1ATokenizing train dataset:  95%|█████████▌| 28550/30000 [07:13<00:19, 75.90 examples/s]
[1ATokenizing train dataset:  95%|█████████▌| 28560/30000 [07:13<00:22, 64.27 examples/s]
[1ATokenizing train dataset:  95%|█████████▌| 28572/30000 [07:13<00:22, 64.17 examples/s]
[1ATokenizing train dataset:  95%|█████████▌| 28584/30000 [07:13<00:19, 73.13 examples/s]
[1ATokenizing train dataset:  95%|█████████▌| 28592/30000 [07:14<00:19, 70.63 examples/s]
[1ATokenizing train dataset:  95%|█████████▌| 28602/30000 [07:14<00:19, 72.51 examples/s]
[1ATokenizing train dataset:  95%|█████████▌| 28611/30000 [07:14<00:21, 65.93 examples/s]
[1ATokenizing train dataset:  95%|█████████▌| 28622/30000 [07:14<00:22, 62.23 examples/s]
[1ATokenizing train dataset:  95%|█████████▌| 28629/30000 [07:14<00:22, 61.57 examples/s]
[1ATokenizing train dataset:  95%|█████████▌| 28637/30000 [07:14<00:22, 61.16 examples/s]
[1ATokenizing train dataset:  95%|█████████▌| 28646/30000 [07:14<00:20, 64.91 examples/s]
[1ATokenizing train dataset:  96%|█████████▌| 28658/30000 [07:15<00:17, 76.63 examples/s]
[1ATokenizing train dataset:  96%|█████████▌| 28668/30000 [07:15<00:16, 78.43 examples/s]
[1ATokenizing train dataset:  96%|█████████▌| 28680/30000 [07:15<00:20, 64.53 examples/s]
[1ATokenizing train dataset:  96%|█████████▌| 28689/30000 [07:15<00:20, 65.46 examples/s]
[1ATokenizing train dataset:  96%|█████████▌| 28699/30000 [07:15<00:20, 62.34 examples/s]
[1ATokenizing train dataset:  96%|█████████▌| 28707/30000 [07:15<00:19, 65.05 examples/s]
[1ATokenizing train dataset:  96%|█████████▌| 28714/30000 [07:16<00:22, 56.21 examples/s]
[1ATokenizing train dataset:  96%|█████████▌| 28720/30000 [07:16<00:22, 56.98 examples/s]
[1ATokenizing train dataset:  96%|█████████▌| 28728/30000 [07:16<00:21, 58.98 examples/s]
[1ATokenizing train dataset:  96%|█████████▌| 28738/30000 [07:16<00:19, 66.19 examples/s]
[1ATokenizing train dataset:  96%|█████████▌| 28745/30000 [07:16<00:19, 64.25 examples/s]
[1ATokenizing train dataset:  96%|█████████▌| 28755/30000 [07:16<00:17, 72.47 examples/s]
[1ATokenizing train dataset:  96%|█████████▌| 28765/30000 [07:16<00:19, 64.24 examples/s]
[1ATokenizing train dataset:  96%|█████████▌| 28773/30000 [07:16<00:19, 63.63 examples/s]
[1ATokenizing train dataset:  96%|█████████▌| 28783/30000 [07:17<00:19, 61.44 examples/s]
[1ATokenizing train dataset:  96%|█████████▌| 28791/30000 [07:17<00:19, 62.61 examples/s]
[1ATokenizing train dataset:  96%|█████████▌| 28798/30000 [07:17<00:18, 63.54 examples/s]
[1ATokenizing train dataset:  96%|█████████▌| 28808/30000 [07:17<00:16, 70.39 examples/s]
[1ATokenizing train dataset:  96%|█████████▌| 28820/30000 [07:17<00:15, 76.77 examples/s]
[1ATokenizing train dataset:  96%|█████████▌| 28832/30000 [07:17<00:15, 74.97 examples/s]
[1ATokenizing train dataset:  96%|█████████▌| 28844/30000 [07:17<00:16, 71.60 examples/s]
[1ATokenizing train dataset:  96%|█████████▌| 28856/30000 [07:18<00:17, 66.70 examples/s]
[1ATokenizing train dataset:  96%|█████████▌| 28863/30000 [07:18<00:18, 62.85 examples/s]
[1ATokenizing train dataset:  96%|█████████▌| 28873/30000 [07:18<00:18, 59.37 examples/s]
[1ATokenizing train dataset:  96%|█████████▋| 28880/30000 [07:18<00:19, 57.23 examples/s]
[1ATokenizing train dataset:  96%|█████████▋| 28891/30000 [07:18<00:17, 64.23 examples/s]
[1ATokenizing train dataset:  96%|█████████▋| 28898/30000 [07:18<00:18, 61.05 examples/s]
[1ATokenizing train dataset:  96%|█████████▋| 28906/30000 [07:18<00:17, 62.09 examples/s]
[1ATokenizing train dataset:  96%|█████████▋| 28914/30000 [07:19<00:16, 64.88 examples/s]
[1ATokenizing train dataset:  96%|█████████▋| 28921/30000 [07:19<00:17, 63.19 examples/s]
[1ATokenizing train dataset:  96%|█████████▋| 28929/30000 [07:19<00:16, 65.91 examples/s]
[1ATokenizing train dataset:  96%|█████████▋| 28938/30000 [07:19<00:19, 55.53 examples/s]
[1ATokenizing train dataset:  96%|█████████▋| 28945/30000 [07:19<00:18, 57.47 examples/s]
[1ATokenizing train dataset:  97%|█████████▋| 28954/30000 [07:19<00:16, 62.79 examples/s]
[1ATokenizing train dataset:  97%|█████████▋| 28961/30000 [07:19<00:19, 53.93 examples/s]
[1ATokenizing train dataset:  97%|█████████▋| 28971/30000 [07:20<00:16, 60.64 examples/s]
[1ATokenizing train dataset:  97%|█████████▋| 28981/30000 [07:20<00:16, 62.65 examples/s]
[1ATokenizing train dataset:  97%|█████████▋| 28991/30000 [07:20<00:15, 67.22 examples/s]
[1ATokenizing train dataset:  97%|█████████▋| 29000/30000 [07:20<00:29, 34.27 examples/s]
[1ATokenizing train dataset:  97%|█████████▋| 29006/30000 [07:21<00:27, 36.59 examples/s]
[1ATokenizing train dataset:  97%|█████████▋| 29015/30000 [07:21<00:22, 43.60 examples/s]
[1ATokenizing train dataset:  97%|█████████▋| 29023/30000 [07:21<00:21, 46.07 examples/s]
[1ATokenizing train dataset:  97%|█████████▋| 29029/30000 [07:21<00:20, 46.76 examples/s]
[1ATokenizing train dataset:  97%|█████████▋| 29038/30000 [07:21<00:18, 52.77 examples/s]
[1ATokenizing train dataset:  97%|█████████▋| 29053/30000 [07:21<00:13, 72.21 examples/s]
[1ATokenizing train dataset:  97%|█████████▋| 29065/30000 [07:21<00:11, 79.70 examples/s]
[1ATokenizing train dataset:  97%|█████████▋| 29074/30000 [07:21<00:11, 78.18 examples/s]
[1ATokenizing train dataset:  97%|█████████▋| 29088/30000 [07:22<00:13, 69.71 examples/s]
[1ATokenizing train dataset:  97%|█████████▋| 29098/30000 [07:22<00:12, 74.36 examples/s]
[1ATokenizing train dataset:  97%|█████████▋| 29109/30000 [07:22<00:12, 68.72 examples/s]
[1ATokenizing train dataset:  97%|█████████▋| 29119/30000 [07:22<00:12, 73.12 examples/s]
[1ATokenizing train dataset:  97%|█████████▋| 29128/30000 [07:22<00:11, 73.35 examples/s]
[1ATokenizing train dataset:  97%|█████████▋| 29137/30000 [07:22<00:11, 75.59 examples/s]
[1ATokenizing train dataset:  97%|█████████▋| 29148/30000 [07:22<00:11, 71.27 examples/s]
[1ATokenizing train dataset:  97%|█████████▋| 29157/30000 [07:23<00:11, 71.49 examples/s]
[1ATokenizing train dataset:  97%|█████████▋| 29166/30000 [07:23<00:13, 63.74 examples/s]
[1ATokenizing train dataset:  97%|█████████▋| 29173/30000 [07:23<00:13, 61.54 examples/s]
[1ATokenizing train dataset:  97%|█████████▋| 29180/30000 [07:23<00:13, 61.48 examples/s]
[1ATokenizing train dataset:  97%|█████████▋| 29192/30000 [07:23<00:10, 73.79 examples/s]
[1ATokenizing train dataset:  97%|█████████▋| 29200/30000 [07:23<00:11, 70.02 examples/s]
[1ATokenizing train dataset:  97%|█████████▋| 29211/30000 [07:23<00:10, 74.40 examples/s]
[1ATokenizing train dataset:  97%|█████████▋| 29220/30000 [07:24<00:11, 66.10 examples/s]
[1ATokenizing train dataset:  97%|█████████▋| 29227/30000 [07:24<00:13, 58.63 examples/s]
[1ATokenizing train dataset:  97%|█████████▋| 29237/30000 [07:24<00:11, 64.88 examples/s]
[1ATokenizing train dataset:  98%|█████████▊| 29250/30000 [07:24<00:10, 68.36 examples/s]
[1ATokenizing train dataset:  98%|█████████▊| 29261/30000 [07:24<00:10, 71.96 examples/s]
[1ATokenizing train dataset:  98%|█████████▊| 29273/30000 [07:24<00:10, 68.21 examples/s]
[1ATokenizing train dataset:  98%|█████████▊| 29281/30000 [07:24<00:10, 65.47 examples/s]
[1ATokenizing train dataset:  98%|█████████▊| 29290/30000 [07:25<00:10, 66.71 examples/s]
[1ATokenizing train dataset:  98%|█████████▊| 29299/30000 [07:25<00:10, 68.12 examples/s]
[1ATokenizing train dataset:  98%|█████████▊| 29309/30000 [07:25<00:09, 71.90 examples/s]
[1ATokenizing train dataset:  98%|█████████▊| 29318/30000 [07:25<00:09, 70.96 examples/s]
[1ATokenizing train dataset:  98%|█████████▊| 29329/30000 [07:25<00:09, 67.95 examples/s]
[1ATokenizing train dataset:  98%|█████████▊| 29338/30000 [07:25<00:09, 72.13 examples/s]
[1ATokenizing train dataset:  98%|█████████▊| 29347/30000 [07:25<00:10, 64.39 examples/s]
[1ATokenizing train dataset:  98%|█████████▊| 29354/30000 [07:26<00:10, 60.98 examples/s]
[1ATokenizing train dataset:  98%|█████████▊| 29364/30000 [07:26<00:09, 67.93 examples/s]
[1ATokenizing train dataset:  98%|█████████▊| 29374/30000 [07:26<00:09, 65.31 examples/s]
[1ATokenizing train dataset:  98%|█████████▊| 29381/30000 [07:26<00:09, 64.64 examples/s]
[1ATokenizing train dataset:  98%|█████████▊| 29389/30000 [07:26<00:09, 63.04 examples/s]
[1ATokenizing train dataset:  98%|█████████▊| 29396/30000 [07:26<00:09, 61.82 examples/s]
[1ATokenizing train dataset:  98%|█████████▊| 29410/30000 [07:26<00:08, 68.78 examples/s]
[1ATokenizing train dataset:  98%|█████████▊| 29418/30000 [07:27<00:08, 70.01 examples/s]
[1ATokenizing train dataset:  98%|█████████▊| 29426/30000 [07:27<00:08, 70.47 examples/s]
[1ATokenizing train dataset:  98%|█████████▊| 29435/30000 [07:27<00:08, 70.47 examples/s]
[1ATokenizing train dataset:  98%|█████████▊| 29447/30000 [07:27<00:07, 70.76 examples/s]
[1ATokenizing train dataset:  98%|█████████▊| 29458/30000 [07:27<00:08, 63.05 examples/s]
[1ATokenizing train dataset:  98%|█████████▊| 29467/30000 [07:27<00:07, 66.89 examples/s]
[1ATokenizing train dataset:  98%|█████████▊| 29477/30000 [07:27<00:08, 62.09 examples/s]
[1ATokenizing train dataset:  98%|█████████▊| 29490/30000 [07:28<00:07, 72.63 examples/s]
[1ATokenizing train dataset:  98%|█████████▊| 29502/30000 [07:28<00:06, 81.42 examples/s]
[1ATokenizing train dataset:  98%|█████████▊| 29514/30000 [07:28<00:06, 76.26 examples/s]
[1ATokenizing train dataset:  98%|█████████▊| 29525/30000 [07:28<00:05, 80.65 examples/s]
[1ATokenizing train dataset:  98%|█████████▊| 29536/30000 [07:28<00:07, 64.21 examples/s]
[1ATokenizing train dataset:  98%|█████████▊| 29544/30000 [07:28<00:07, 64.35 examples/s]
[1ATokenizing train dataset:  99%|█████████▊| 29552/30000 [07:28<00:06, 66.41 examples/s]
[1ATokenizing train dataset:  99%|█████████▊| 29565/30000 [07:29<00:06, 69.41 examples/s]
[1ATokenizing train dataset:  99%|█████████▊| 29578/30000 [07:29<00:05, 79.33 examples/s]
[1ATokenizing train dataset:  99%|█████████▊| 29588/30000 [07:29<00:05, 69.57 examples/s]
[1ATokenizing train dataset:  99%|█████████▊| 29597/30000 [07:29<00:05, 72.27 examples/s]
[1ATokenizing train dataset:  99%|█████████▊| 29605/30000 [07:29<00:06, 62.49 examples/s]
[1ATokenizing train dataset:  99%|█████████▊| 29615/30000 [07:29<00:05, 69.03 examples/s]
[1ATokenizing train dataset:  99%|█████████▊| 29623/30000 [07:29<00:05, 69.25 examples/s]
[1ATokenizing train dataset:  99%|█████████▉| 29636/30000 [07:30<00:05, 70.37 examples/s]
[1ATokenizing train dataset:  99%|█████████▉| 29648/30000 [07:30<00:04, 79.60 examples/s]
[1ATokenizing train dataset:  99%|█████████▉| 29658/30000 [07:30<00:04, 81.86 examples/s]
[1ATokenizing train dataset:  99%|█████████▉| 29667/30000 [07:30<00:04, 70.71 examples/s]
[1ATokenizing train dataset:  99%|█████████▉| 29676/30000 [07:30<00:04, 66.35 examples/s]
[1ATokenizing train dataset:  99%|█████████▉| 29684/30000 [07:30<00:04, 67.92 examples/s]
[1ATokenizing train dataset:  99%|█████████▉| 29693/30000 [07:30<00:04, 62.69 examples/s]
[1ATokenizing train dataset:  99%|█████████▉| 29701/30000 [07:31<00:04, 62.14 examples/s]
[1ATokenizing train dataset:  99%|█████████▉| 29711/30000 [07:31<00:04, 61.75 examples/s]
[1ATokenizing train dataset:  99%|█████████▉| 29720/30000 [07:31<00:04, 65.41 examples/s]
[1ATokenizing train dataset:  99%|█████████▉| 29728/30000 [07:31<00:04, 64.52 examples/s]
[1ATokenizing train dataset:  99%|█████████▉| 29737/30000 [07:31<00:03, 66.45 examples/s]
[1ATokenizing train dataset:  99%|█████████▉| 29748/30000 [07:31<00:03, 75.23 examples/s]
[1ATokenizing train dataset:  99%|█████████▉| 29757/30000 [07:31<00:03, 73.18 examples/s]
[1ATokenizing train dataset:  99%|█████████▉| 29767/30000 [07:32<00:03, 66.05 examples/s]
[1ATokenizing train dataset:  99%|█████████▉| 29775/30000 [07:32<00:03, 63.47 examples/s]
[1ATokenizing train dataset:  99%|█████████▉| 29782/30000 [07:32<00:03, 61.61 examples/s]
[1ATokenizing train dataset:  99%|█████████▉| 29793/30000 [07:32<00:02, 69.85 examples/s]
[1ATokenizing train dataset:  99%|█████████▉| 29801/30000 [07:32<00:03, 60.13 examples/s]
[1ATokenizing train dataset:  99%|█████████▉| 29814/30000 [07:32<00:02, 65.27 examples/s]
[1ATokenizing train dataset:  99%|█████████▉| 29822/30000 [07:32<00:02, 66.84 examples/s]
[1ATokenizing train dataset:  99%|█████████▉| 29830/30000 [07:33<00:02, 66.69 examples/s]
[1ATokenizing train dataset:  99%|█████████▉| 29838/30000 [07:33<00:02, 60.00 examples/s]
[1ATokenizing train dataset:  99%|█████████▉| 29847/30000 [07:33<00:02, 63.90 examples/s]
[1ATokenizing train dataset: 100%|█████████▉| 29855/30000 [07:33<00:02, 66.89 examples/s]
[1ATokenizing train dataset: 100%|█████████▉| 29863/30000 [07:33<00:02, 66.09 examples/s]
[1ATokenizing train dataset: 100%|█████████▉| 29870/30000 [07:33<00:01, 65.67 examples/s]
[1ATokenizing train dataset: 100%|█████████▉| 29880/30000 [07:33<00:01, 65.96 examples/s]
[1ATokenizing train dataset: 100%|█████████▉| 29887/30000 [07:33<00:01, 64.37 examples/s]
[1ATokenizing train dataset: 100%|█████████▉| 29896/30000 [07:34<00:01, 67.51 examples/s]
[1ATokenizing train dataset: 100%|█████████▉| 29905/30000 [07:34<00:01, 65.07 examples/s]
[1ATokenizing train dataset: 100%|█████████▉| 29912/30000 [07:34<00:01, 63.34 examples/s]
[1ATokenizing train dataset: 100%|█████████▉| 29921/30000 [07:34<00:01, 66.63 examples/s]
[1ATokenizing train dataset: 100%|█████████▉| 29929/30000 [07:34<00:01, 66.04 examples/s]
[1ATokenizing train dataset: 100%|█████████▉| 29936/30000 [07:34<00:01, 63.69 examples/s]
[1ATokenizing train dataset: 100%|█████████▉| 29950/30000 [07:34<00:00, 76.71 examples/s]
[1ATokenizing train dataset: 100%|█████████▉| 29960/30000 [07:35<00:00, 62.43 examples/s]
[1ATokenizing train dataset: 100%|█████████▉| 29970/30000 [07:35<00:00, 67.38 examples/s]
[1ATokenizing train dataset: 100%|█████████▉| 29979/30000 [07:35<00:00, 65.78 examples/s]
[1ATokenizing train dataset: 100%|█████████▉| 29988/30000 [07:35<00:00, 67.73 examples/s]
[1ATokenizing train dataset: 100%|█████████▉| 29995/30000 [07:35<00:00, 66.25 examples/s]
[1ATokenizing train dataset: 100%|██████████| 30000/30000 [07:36<00:00, 65.78 examples/s]
[RANK 0] Detected kernel version 4.4.0, which is below the recommended minimum of 5.5.0; this can cause the process to hang. It is recommended to upgrade the kernel to the minimum version or higher.
[train] starting SFT — 1 epochs, bs=4, grad_accum=4, lr=0.0002
[transformers] The tokenizer has new PAD/BOS/EOS tokens that differ from the model config and generation config. The model config and generation config were aligned accordingly, being updated with the tokenizer's values. Updated tokens: {'bos_token_id': None, 'pad_token_id': 151643}.

[1A  0%|          | 0/1875 [00:00<?, ?it/s]
[1A  0%|          | 1/1875 [00:06<3:21:47,  6.46s/it]
[1A  0%|          | 2/1875 [00:12<3:08:56,  6.05s/it]
[1A  0%|          | 3/1875 [00:18<3:05:38,  5.95s/it]
[1A  0%|          | 4/1875 [00:23<3:03:58,  5.90s/it]
[1A  0%|          | 5/1875 [00:29<3:02:55,  5.87s/it]
[1A  0%|          | 6/1875 [00:35<3:02:10,  5.85s/it]
[1A  0%|          | 7/1875 [00:41<3:02:41,  5.87s/it]
[1A  0%|          | 8/1875 [00:47<3:02:11,  5.86s/it]
[1A  0%|          | 9/1875 [00:53<3:01:52,  5.85s/it]
[1A  1%|          | 10/1875 [00:58<3:01:36,  5.84s/it]
[1A  1%|          | 11/1875 [01:05<3:06:04,  5.99s/it]
[1A  1%|          | 12/1875 [01:11<3:04:33,  5.94s/it]
[1A  1%|          | 13/1875 [01:17<3:05:48,  5.99s/it]
[1A  1%|          | 14/1875 [01:23<3:05:20,  5.98s/it]
[1A  1%|          | 15/1875 [01:29<3:06:25,  6.01s/it]
[1A  1%|          | 16/1875 [01:35<3:05:00,  5.97s/it]
[1A  1%|          | 17/1875 [01:40<3:03:52,  5.94s/it]
[1A  1%|          | 18/1875 [01:46<3:03:09,  5.92s/it]
[1A  1%|          | 19/1875 [01:52<3:02:38,  5.90s/it]
[1A  1%|          | 20/1875 [01:58<3:04:22,  5.96s/it]
[1A  1%|          | 21/1875 [02:05<3:07:04,  6.05s/it]
[1A  1%|          | 22/1875 [02:10<3:05:25,  6.00s/it]
[1A  1%|          | 23/1875 [02:16<3:04:14,  5.97s/it]
[1A  1%|▏         | 24/1875 [02:22<3:03:28,  5.95s/it]
[1A  1%|▏         | 25/1875 [02:28<3:02:49,  5.93s/it]
[1A  1%|▏         | 26/1875 [02:34<3:02:26,  5.92s/it]
[1A  1%|▏         | 27/1875 [02:40<3:02:06,  5.91s/it]
[1A  1%|▏         | 28/1875 [02:46<3:02:58,  5.94s/it]
[1A  2%|▏         | 29/1875 [02:52<3:02:29,  5.93s/it]
[1A  2%|▏         | 30/1875 [02:58<3:02:04,  5.92s/it]
[1A  2%|▏         | 31/1875 [03:04<3:01:46,  5.91s/it]
[1A  2%|▏         | 32/1875 [03:10<3:01:33,  5.91s/it]
[1A  2%|▏         | 33/1875 [03:15<3:01:24,  5.91s/it]
[1A  2%|▏         | 34/1875 [03:22<3:03:29,  5.98s/it]
[1A  2%|▏         | 35/1875 [03:28<3:03:26,  5.98s/it]
[1A  2%|▏         | 36/1875 [03:33<3:02:36,  5.96s/it]
[1A  2%|▏         | 37/1875 [03:39<3:01:53,  5.94s/it]
[1A  2%|▏         | 38/1875 [03:45<3:01:29,  5.93s/it]
[1A  2%|▏         | 39/1875 [03:51<3:03:22,  5.99s/it]
[1A  2%|▏         | 40/1875 [03:58<3:04:41,  6.04s/it]
[1A  2%|▏         | 41/1875 [04:04<3:04:21,  6.03s/it]
[1A  2%|▏         | 42/1875 [04:09<3:03:10,  6.00s/it]
[1A  2%|▏         | 43/1875 [04:15<3:02:17,  5.97s/it]
[1A  2%|▏         | 44/1875 [04:21<3:01:33,  5.95s/it]
[1A  2%|▏         | 45/1875 [04:27<3:01:08,  5.94s/it]
[1A  2%|▏         | 46/1875 [04:33<3:00:50,  5.93s/it]
[1A  3%|▎         | 47/1875 [04:39<3:00:40,  5.93s/it]
[1A  3%|▎         | 48/1875 [04:46<3:05:31,  6.09s/it]
[1A  3%|▎         | 49/1875 [04:51<3:03:56,  6.04s/it]
[1A  3%|▎         | 50/1875 [04:57<3:02:43,  6.01s/it]
[1A                                                   
{'loss': '1.509', 'grad_norm': '0.2667', 'learning_rate': '0.0001043', 'entropy': '1.362', 'num_tokens': '8.173e+05', 'mean_token_accuracy': '0.6288', 'epoch': '0.02667'}
[1A
[1A  3%|▎         | 50/1875 [04:57<3:02:43,  6.01s/it]
[1A  3%|▎         | 51/1875 [05:03<3:01:51,  5.98s/it]
[1A  3%|▎         | 52/1875 [05:09<3:03:25,  6.04s/it]
[1A  3%|▎         | 53/1875 [05:15<3:02:20,  6.00s/it]
[1A  3%|▎         | 54/1875 [05:21<3:01:32,  5.98s/it]
[1A  3%|▎         | 55/1875 [05:27<3:01:56,  6.00s/it]
[1A  3%|▎         | 56/1875 [05:33<3:01:14,  5.98s/it]
[1A  3%|▎         | 57/1875 [05:39<3:00:45,  5.97s/it]
[1A  3%|▎         | 58/1875 [05:45<3:00:22,  5.96s/it]
[1A  3%|▎         | 59/1875 [05:51<3:02:12,  6.02s/it]
[1A  3%|▎         | 60/1875 [05:57<3:01:19,  5.99s/it]
[1A  3%|▎         | 61/1875 [06:03<3:00:33,  5.97s/it]
[1A  3%|▎         | 62/1875 [06:09<3:01:12,  6.00s/it]
[1A  3%|▎         | 63/1875 [06:15<3:00:29,  5.98s/it]
[1A  3%|▎         | 64/1875 [06:21<2:59:56,  5.96s/it]
[1A  3%|▎         | 65/1875 [06:27<3:01:32,  6.02s/it]
[1A  4%|▎         | 66/1875 [06:33<3:02:53,  6.07s/it]
[1A  4%|▎         | 67/1875 [06:39<3:01:34,  6.03s/it]
[1A  4%|▎         | 68/1875 [06:45<3:00:40,  6.00s/it]
[1A  4%|▎         | 69/1875 [06:51<3:00:42,  6.00s/it]
[1A  4%|▎         | 70/1875 [06:57<3:00:01,  5.98s/it]
[1A  4%|▍         | 71/1875 [07:03<2:59:29,  5.97s/it]
[1A  4%|▍         | 72/1875 [07:09<2:59:06,  5.96s/it]
[1A  4%|▍         | 73/1875 [07:15<2:58:42,  5.95s/it]
[1A  4%|▍         | 74/1875 [07:21<2:58:26,  5.94s/it]
[1A  4%|▍         | 75/1875 [07:27<3:02:21,  6.08s/it]
[1A  4%|▍         | 76/1875 [07:33<3:02:46,  6.10s/it]
[1A  4%|▍         | 77/1875 [07:39<3:01:08,  6.04s/it]
[1A  4%|▍         | 78/1875 [07:46<3:02:02,  6.08s/it]
[1A  4%|▍         | 79/1875 [07:51<3:00:31,  6.03s/it]
[1A  4%|▍         | 80/1875 [07:57<2:59:33,  6.00s/it]
[1A  4%|▍         | 81/1875 [08:03<2:58:53,  5.98s/it]
[1A  4%|▍         | 82/1875 [08:09<2:59:07,  5.99s/it]
[1A  4%|▍         | 83/1875 [08:15<2:58:29,  5.98s/it]
[1A  4%|▍         | 84/1875 [08:21<2:57:53,  5.96s/it]
[1A  5%|▍         | 85/1875 [08:27<2:57:26,  5.95s/it]
[1A  5%|▍         | 86/1875 [08:33<2:57:05,  5.94s/it]
[1A  5%|▍         | 87/1875 [08:39<2:56:46,  5.93s/it]
[1A  5%|▍         | 88/1875 [08:45<2:56:34,  5.93s/it]
[1A  5%|▍         | 89/1875 [08:51<2:59:14,  6.02s/it]
[1A  5%|▍         | 90/1875 [08:57<3:00:22,  6.06s/it]
[1A  5%|▍         | 91/1875 [09:03<2:59:07,  6.02s/it]
[1A  5%|▍         | 92/1875 [09:09<2:58:09,  6.00s/it]
[1A  5%|▍         | 93/1875 [09:15<2:57:27,  5.97s/it]
[1A  5%|▌         | 94/1875 [09:21<2:59:05,  6.03s/it]
[1A  5%|▌         | 95/1875 [09:27<2:58:05,  6.00s/it]
[1A  5%|▌         | 96/1875 [09:33<2:58:46,  6.03s/it]
[1A  5%|▌         | 97/1875 [09:39<2:57:40,  6.00s/it]
[1A  5%|▌         | 98/1875 [09:45<2:59:07,  6.05s/it]
[1A  5%|▌         | 99/1875 [09:51<2:57:56,  6.01s/it]
[1A  5%|▌         | 100/1875 [09:57<2:57:11,  5.99s/it]
[1A                                                    
{'loss': '1.212', 'grad_norm': '0.2842', 'learning_rate': '0.0001994', 'entropy': '1.209', 'num_tokens': '1.634e+06', 'mean_token_accuracy': '0.6719', 'epoch': '0.05333'}
[1A
[1A  5%|▌         | 100/1875 [09:57<2:57:11,  5.99s/it]
[1A  5%|▌         | 101/1875 [10:03<2:56:32,  5.97s/it]
[1A  5%|▌         | 102/1875 [10:09<2:58:01,  6.02s/it]
[1A  5%|▌         | 103/1875 [10:15<2:57:50,  6.02s/it]
[1A  6%|▌         | 104/1875 [10:21<2:56:53,  5.99s/it]
[1A  6%|▌         | 105/1875 [10:27<2:56:13,  5.97s/it]
[1A  6%|▌         | 106/1875 [10:33<2:55:40,  5.96s/it]
[1A  6%|▌         | 107/1875 [10:39<2:55:11,  5.95s/it]
[1A  6%|▌         | 108/1875 [10:45<2:55:01,  5.94s/it]
[1A  6%|▌         | 109/1875 [10:51<2:54:49,  5.94s/it]
[1A  6%|▌         | 110/1875 [10:57<2:59:33,  6.10s/it]
[1A  6%|▌         | 111/1875 [11:04<2:59:56,  6.12s/it]
[1A  6%|▌         | 112/1875 [11:09<2:58:15,  6.07s/it]
[1A  6%|▌         | 113/1875 [11:15<2:57:00,  6.03s/it]
[1A  6%|▌         | 114/1875 [11:21<2:56:03,  6.00s/it]
[1A  6%|▌         | 115/1875 [11:28<2:59:25,  6.12s/it]
[1A  6%|▌         | 116/1875 [11:34<2:57:39,  6.06s/it]
[1A  6%|▌         | 117/1875 [11:40<2:57:27,  6.06s/it]
[1A  6%|▋         | 118/1875 [11:46<2:56:16,  6.02s/it]
[1A  6%|▋         | 119/1875 [11:52<2:59:36,  6.14s/it]
[1A  6%|▋         | 120/1875 [11:58<2:57:49,  6.08s/it]
[1A  6%|▋         | 121/1875 [12:04<2:58:32,  6.11s/it]
[1A  7%|▋         | 122/1875 [12:10<2:59:00,  6.13s/it]
[1A  7%|▋         | 123/1875 [12:16<2:57:10,  6.07s/it]
[1A  7%|▋         | 124/1875 [12:23<2:58:46,  6.13s/it]
[1A  7%|▋         | 125/1875 [12:28<2:56:58,  6.07s/it]
[1A  7%|▋         | 126/1875 [12:35<2:57:43,  6.10s/it]
[1A  7%|▋         | 127/1875 [12:41<2:58:17,  6.12s/it]
[1A  7%|▋         | 128/1875 [12:47<2:56:29,  6.06s/it]
[1A  7%|▋         | 129/1875 [12:53<2:55:20,  6.03s/it]
[1A  7%|▋         | 130/1875 [12:59<2:58:29,  6.14s/it]
[1A  7%|▋         | 131/1875 [13:05<2:58:04,  6.13s/it]
[1A  7%|▋         | 132/1875 [13:11<2:58:26,  6.14s/it]
[1A  7%|▋         | 133/1875 [13:18<2:58:35,  6.15s/it]
[1A  7%|▋         | 134/1875 [13:23<2:56:35,  6.09s/it]
[1A  7%|▋         | 135/1875 [13:29<2:55:07,  6.04s/it]
[1A  7%|▋         | 136/1875 [13:36<2:56:06,  6.08s/it]
[1A  7%|▋         | 137/1875 [13:42<2:56:55,  6.11s/it]
[1A  7%|▋         | 138/1875 [13:48<2:56:12,  6.09s/it]
[1A  7%|▋         | 139/1875 [13:54<2:54:48,  6.04s/it]
[1A  7%|▋         | 140/1875 [14:00<2:53:45,  6.01s/it]
[1A  8%|▊         | 141/1875 [14:06<2:54:56,  6.05s/it]
[1A  8%|▊         | 142/1875 [14:12<2:53:50,  6.02s/it]
[1A  8%|▊         | 143/1875 [14:18<2:54:58,  6.06s/it]
[1A  8%|▊         | 144/1875 [14:24<2:53:43,  6.02s/it]
[1A  8%|▊         | 145/1875 [14:30<2:53:41,  6.02s/it]
[1A  8%|▊         | 146/1875 [14:36<2:52:47,  6.00s/it]
[1A  8%|▊         | 147/1875 [14:42<2:52:12,  5.98s/it]
[1A  8%|▊         | 148/1875 [14:48<2:51:43,  5.97s/it]
[1A  8%|▊         | 149/1875 [14:54<2:51:25,  5.96s/it]
[1A  8%|▊         | 150/1875 [15:00<2:53:04,  6.02s/it]
[1A                                                    
{'loss': '1.174', 'grad_norm': '0.2831', 'learning_rate': '0.0001938', 'entropy': '1.172', 'num_tokens': '2.45e+06', 'mean_token_accuracy': '0.6799', 'epoch': '0.08'}
[1A
[1A  8%|▊         | 150/1875 [15:00<2:53:04,  6.02s/it]
[1A  8%|▊         | 151/1875 [15:06<2:54:26,  6.07s/it]
[1A  8%|▊         | 152/1875 [15:12<2:54:36,  6.08s/it]
[1A  8%|▊         | 153/1875 [15:18<2:55:11,  6.10s/it]
[1A  8%|▊         | 154/1875 [15:24<2:53:30,  6.05s/it]
[1A  8%|▊         | 155/1875 [15:30<2:54:24,  6.08s/it]
[1A  8%|▊         | 156/1875 [15:36<2:55:00,  6.11s/it]
[1A  8%|▊         | 157/1875 [15:42<2:53:27,  6.06s/it]
[1A  8%|▊         | 158/1875 [15:48<2:52:17,  6.02s/it]
[1A  8%|▊         | 159/1875 [15:54<2:52:24,  6.03s/it]
[1A  9%|▊         | 160/1875 [16:00<2:51:26,  6.00s/it]
[1A  9%|▊         | 161/1875 [16:06<2:52:46,  6.05s/it]
[1A  9%|▊         | 162/1875 [16:12<2:51:33,  6.01s/it]
[1A  9%|▊         | 163/1875 [16:19<2:52:45,  6.05s/it]
[1A  9%|▊         | 164/1875 [16:24<2:51:31,  6.01s/it]
[1A  9%|▉         | 165/1875 [16:30<2:50:42,  5.99s/it]
[1A  9%|▉         | 166/1875 [16:36<2:50:40,  5.99s/it]
[1A  9%|▉         | 167/1875 [16:42<2:50:00,  5.97s/it]
[1A  9%|▉         | 168/1875 [16:48<2:49:29,  5.96s/it]
[1A  9%|▉         | 169/1875 [16:54<2:51:12,  6.02s/it]
[1A  9%|▉         | 170/1875 [17:00<2:50:13,  5.99s/it]
[1A  9%|▉         | 171/1875 [17:07<2:51:37,  6.04s/it]
[1A  9%|▉         | 172/1875 [17:13<2:53:15,  6.10s/it]
[1A  9%|▉         | 173/1875 [17:19<2:51:39,  6.05s/it]
[1A  9%|▉         | 174/1875 [17:25<2:50:32,  6.02s/it]
[1A  9%|▉         | 175/1875 [17:31<2:51:49,  6.06s/it]
[1A  9%|▉         | 176/1875 [17:37<2:50:34,  6.02s/it]
[1A  9%|▉         | 177/1875 [17:43<2:51:35,  6.06s/it]
[1A  9%|▉         | 178/1875 [17:49<2:52:18,  6.09s/it]
[1A 10%|▉         | 179/1875 [17:55<2:51:37,  6.07s/it]
[1A 10%|▉         | 180/1875 [18:01<2:50:21,  6.03s/it]
[1A 10%|▉         | 181/1875 [18:07<2:49:29,  6.00s/it]
[1A 10%|▉         | 182/1875 [18:13<2:48:43,  5.98s/it]
[1A 10%|▉         | 183/1875 [18:19<2:48:15,  5.97s/it]
[1A 10%|▉         | 184/1875 [18:25<2:49:49,  6.03s/it]
[1A 10%|▉         | 185/1875 [18:31<2:49:02,  6.00s/it]
[1A 10%|▉         | 186/1875 [18:37<2:49:13,  6.01s/it]
[1A 10%|▉         | 187/1875 [18:43<2:50:27,  6.06s/it]
[1A 10%|█         | 188/1875 [18:49<2:49:15,  6.02s/it]
[1A 10%|█         | 189/1875 [18:55<2:48:20,  5.99s/it]
[1A 10%|█         | 190/1875 [19:01<2:47:45,  5.97s/it]
[1A 10%|█         | 191/1875 [19:07<2:51:10,  6.10s/it]
[1A 10%|█         | 192/1875 [19:13<2:49:42,  6.05s/it]
[1A 10%|█         | 193/1875 [19:19<2:51:20,  6.11s/it]
[1A 10%|█         | 194/1875 [19:25<2:49:40,  6.06s/it]
[1A 10%|█         | 195/1875 [19:31<2:48:35,  6.02s/it]
[1A 10%|█         | 196/1875 [19:37<2:47:49,  6.00s/it]
[1A 11%|█         | 197/1875 [19:43<2:47:09,  5.98s/it]
[1A 11%|█         | 198/1875 [19:49<2:46:40,  5.96s/it]
[1A 11%|█         | 199/1875 [19:55<2:46:20,  5.95s/it]
[1A 11%|█         | 200/1875 [20:01<2:48:49,  6.05s/it]
[1A                                                    
{'loss': '1.151', 'grad_norm': '0.2763', 'learning_rate': '0.0001882', 'entropy': '1.149', 'num_tokens': '3.265e+06', 'mean_token_accuracy': '0.6851', 'epoch': '0.1067'}
[1A
[1A 11%|█         | 200/1875 [20:01<2:48:49,  6.05s/it]
[1A 11%|█         | 201/1875 [20:08<2:49:53,  6.09s/it]
[1A 11%|█         | 202/1875 [20:13<2:48:29,  6.04s/it]
[1A 11%|█         | 203/1875 [20:19<2:47:31,  6.01s/it]
[1A 11%|█         | 204/1875 [20:26<2:48:42,  6.06s/it]
[1A 11%|█         | 205/1875 [20:32<2:47:42,  6.03s/it]
[1A 11%|█         | 206/1875 [20:37<2:46:49,  6.00s/it]
[1A 11%|█         | 207/1875 [20:44<2:48:14,  6.05s/it]
[1A 11%|█         | 208/1875 [20:50<2:47:07,  6.02s/it]
[1A 11%|█         | 209/1875 [20:56<2:46:28,  6.00s/it]
[1A 11%|█         | 210/1875 [21:01<2:45:52,  5.98s/it]
[1A 11%|█▏        | 211/1875 [21:08<2:47:25,  6.04s/it]
[1A 11%|█▏        | 212/1875 [21:14<2:48:21,  6.07s/it]
[1A 11%|█▏        | 213/1875 [21:20<2:49:42,  6.13s/it]
[1A 11%|█▏        | 214/1875 [21:26<2:47:58,  6.07s/it]
[1A 11%|█▏        | 215/1875 [21:32<2:46:40,  6.02s/it]
[1A 12%|█▏        | 216/1875 [21:38<2:47:50,  6.07s/it]
[1A 12%|█▏        | 217/1875 [21:44<2:46:42,  6.03s/it]
[1A 12%|█▏        | 218/1875 [21:50<2:45:50,  6.00s/it]
[1A 12%|█▏        | 219/1875 [21:56<2:45:02,  5.98s/it]
[1A 12%|█▏        | 220/1875 [22:02<2:45:21,  5.99s/it]
[1A 12%|█▏        | 221/1875 [22:08<2:46:48,  6.05s/it]
[1A 12%|█▏        | 222/1875 [22:14<2:45:46,  6.02s/it]
[1A 12%|█▏        | 223/1875 [22:20<2:45:02,  5.99s/it]
[1A 12%|█▏        | 224/1875 [22:26<2:46:14,  6.04s/it]
[1A 12%|█▏        | 225/1875 [22:32<2:45:18,  6.01s/it]
[1A 12%|█▏        | 226/1875 [22:38<2:44:31,  5.99s/it]
[1A 12%|█▏        | 227/1875 [22:44<2:45:06,  6.01s/it]
[1A 12%|█▏        | 228/1875 [22:50<2:44:24,  5.99s/it]
[1A 12%|█▏        | 229/1875 [22:56<2:43:52,  5.97s/it]
[1A 12%|█▏        | 230/1875 [23:02<2:43:27,  5.96s/it]
[1A 12%|█▏        | 231/1875 [23:08<2:43:03,  5.95s/it]
[1A 12%|█▏        | 232/1875 [23:14<2:42:48,  5.95s/it]
[1A 12%|█▏        | 233/1875 [23:20<2:42:32,  5.94s/it]
[1A 12%|█▏        | 234/1875 [23:26<2:43:12,  5.97s/it]
[1A 13%|█▎        | 235/1875 [23:32<2:42:52,  5.96s/it]
[1A 13%|█▎        | 236/1875 [23:38<2:42:32,  5.95s/it]
[1A 13%|█▎        | 237/1875 [23:43<2:42:18,  5.95s/it]
[1A 13%|█▎        | 238/1875 [23:49<2:42:09,  5.94s/it]
[1A 13%|█▎        | 239/1875 [23:55<2:41:56,  5.94s/it]
[1A 13%|█▎        | 240/1875 [24:01<2:41:47,  5.94s/it]
[1A 13%|█▎        | 241/1875 [24:07<2:42:26,  5.96s/it]
[1A 13%|█▎        | 242/1875 [24:13<2:41:59,  5.95s/it]
[1A 13%|█▎        | 243/1875 [24:19<2:41:47,  5.95s/it]
[1A 13%|█▎        | 244/1875 [24:25<2:41:40,  5.95s/it]
[1A 13%|█▎        | 245/1875 [24:31<2:41:20,  5.94s/it]
[1A 13%|█▎        | 246/1875 [24:37<2:41:12,  5.94s/it]
[1A 13%|█▎        | 247/1875 [24:43<2:41:05,  5.94s/it]
[1A 13%|█▎        | 248/1875 [24:49<2:41:42,  5.96s/it]
[1A 13%|█▎        | 249/1875 [24:55<2:41:20,  5.95s/it]
[1A 13%|█▎        | 250/1875 [25:01<2:41:06,  5.95s/it]
[1A                                                    
{'loss': '1.137', 'grad_norm': '0.2767', 'learning_rate': '0.0001826', 'entropy': '1.137', 'num_tokens': '4.082e+06', 'mean_token_accuracy': '0.6861', 'epoch': '0.1333'}
[1A
[1A 13%|█▎        | 250/1875 [25:01<2:41:06,  5.95s/it]
[1A 13%|█▎        | 251/1875 [25:07<2:42:41,  6.01s/it]
[1A 13%|█▎        | 252/1875 [25:13<2:41:58,  5.99s/it]
[1A 13%|█▎        | 253/1875 [25:19<2:41:29,  5.97s/it]
[1A 14%|█▎        | 254/1875 [25:25<2:41:03,  5.96s/it]
[1A 14%|█▎        | 255/1875 [25:31<2:43:52,  6.07s/it]
[1A 14%|█▎        | 256/1875 [25:37<2:42:37,  6.03s/it]
[1A 14%|█▎        | 257/1875 [25:43<2:45:38,  6.14s/it]
[1A 14%|█▍        | 258/1875 [25:49<2:43:52,  6.08s/it]
[1A 14%|█▍        | 259/1875 [25:55<2:42:36,  6.04s/it]
[1A 14%|█▍        | 260/1875 [26:01<2:41:35,  6.00s/it]
[1A 14%|█▍        | 261/1875 [26:07<2:42:51,  6.05s/it]
[1A 14%|█▍        | 262/1875 [26:13<2:42:43,  6.05s/it]
[1A 14%|█▍        | 263/1875 [26:19<2:41:29,  6.01s/it]
[1A 14%|█▍        | 264/1875 [26:25<2:40:40,  5.98s/it]
[1A 14%|█▍        | 265/1875 [26:31<2:40:12,  5.97s/it]
[1A 14%|█▍        | 266/1875 [26:37<2:39:48,  5.96s/it]
[1A 14%|█▍        | 267/1875 [26:43<2:39:34,  5.95s/it]
[1A 14%|█▍        | 268/1875 [26:49<2:41:12,  6.02s/it]
[1A 14%|█▍        | 269/1875 [26:55<2:41:03,  6.02s/it]
[1A 14%|█▍        | 270/1875 [27:01<2:42:11,  6.06s/it]
[1A 14%|█▍        | 271/1875 [27:08<2:42:53,  6.09s/it]
[1A 15%|█▍        | 272/1875 [27:14<2:41:41,  6.05s/it]
[1A 15%|█▍        | 273/1875 [27:20<2:40:40,  6.02s/it]
[1A 15%|█▍        | 274/1875 [27:25<2:39:53,  5.99s/it]
[1A 15%|█▍        | 275/1875 [27:32<2:41:12,  6.05s/it]
[1A 15%|█▍        | 276/1875 [27:38<2:40:54,  6.04s/it]
[1A 15%|█▍        | 277/1875 [27:44<2:39:55,  6.00s/it]
[1A 15%|█▍        | 278/1875 [27:50<2:41:13,  6.06s/it]
[1A 15%|█▍        | 279/1875 [27:56<2:40:00,  6.02s/it]
[1A 15%|█▍        | 280/1875 [28:02<2:39:17,  5.99s/it]
[1A 15%|█▍        | 281/1875 [28:08<2:40:38,  6.05s/it]
[1A 15%|█▌        | 282/1875 [28:14<2:39:31,  6.01s/it]
[1A 15%|█▌        | 283/1875 [28:20<2:41:59,  6.11s/it]
[1A 15%|█▌        | 284/1875 [28:26<2:40:28,  6.05s/it]
[1A 15%|█▌        | 285/1875 [28:32<2:39:31,  6.02s/it]
[1A 15%|█▌        | 286/1875 [28:38<2:38:43,  5.99s/it]
[1A 15%|█▌        | 287/1875 [28:44<2:38:16,  5.98s/it]
[1A 15%|█▌        | 288/1875 [28:50<2:37:51,  5.97s/it]
[1A 15%|█▌        | 289/1875 [28:56<2:37:30,  5.96s/it]
[1A 15%|█▌        | 290/1875 [29:02<2:38:09,  5.99s/it]
[1A 16%|█▌        | 291/1875 [29:08<2:37:38,  5.97s/it]
[1A 16%|█▌        | 292/1875 [29:14<2:37:14,  5.96s/it]
[1A 16%|█▌        | 293/1875 [29:20<2:36:56,  5.95s/it]
[1A 16%|█▌        | 294/1875 [29:25<2:36:41,  5.95s/it]
[1A 16%|█▌        | 295/1875 [29:32<2:38:19,  6.01s/it]
[1A 16%|█▌        | 296/1875 [29:38<2:39:30,  6.06s/it]
[1A 16%|█▌        | 297/1875 [29:44<2:39:03,  6.05s/it]
[1A 16%|█▌        | 298/1875 [29:50<2:39:57,  6.09s/it]
[1A 16%|█▌        | 299/1875 [29:56<2:38:35,  6.04s/it]
[1A 16%|█▌        | 300/1875 [30:02<2:37:37,  6.00s/it]
[1A                                                    
{'loss': '1.13', 'grad_norm': '0.3041', 'learning_rate': '0.000177', 'entropy': '1.128', 'num_tokens': '4.899e+06', 'mean_token_accuracy': '0.6878', 'epoch': '0.16'}
[1A
[1A 16%|█▌        | 300/1875 [30:02<2:37:37,  6.00s/it]
[1A 16%|█▌        | 301/1875 [30:08<2:37:02,  5.99s/it]
[1A 16%|█▌        | 302/1875 [30:14<2:36:28,  5.97s/it]
[1A 16%|█▌        | 303/1875 [30:20<2:38:45,  6.06s/it]
[1A 16%|█▌        | 304/1875 [30:26<2:37:40,  6.02s/it]
[1A 16%|█▋        | 305/1875 [30:32<2:36:53,  6.00s/it]
[1A 16%|█▋        | 306/1875 [30:38<2:36:20,  5.98s/it]
[1A 16%|█▋        | 307/1875 [30:44<2:35:59,  5.97s/it]
[1A 16%|█▋        | 308/1875 [30:50<2:35:36,  5.96s/it]
[1A 16%|█▋        | 309/1875 [30:56<2:35:18,  5.95s/it]
[1A 17%|█▋        | 310/1875 [31:02<2:37:39,  6.04s/it]
[1A 17%|█▋        | 311/1875 [31:08<2:38:28,  6.08s/it]
[1A 17%|█▋        | 312/1875 [31:14<2:37:12,  6.04s/it]
[1A 17%|█▋        | 313/1875 [31:20<2:36:21,  6.01s/it]
[1A 17%|█▋        | 314/1875 [31:26<2:35:45,  5.99s/it]
[1A 17%|█▋        | 315/1875 [31:32<2:35:13,  5.97s/it]
[1A 17%|█▋        | 316/1875 [31:38<2:34:50,  5.96s/it]
[1A 17%|█▋        | 317/1875 [31:44<2:35:18,  5.98s/it]
[1A 17%|█▋        | 318/1875 [31:50<2:38:30,  6.11s/it]
[1A 17%|█▋        | 319/1875 [31:56<2:37:08,  6.06s/it]
[1A 17%|█▋        | 320/1875 [32:02<2:37:55,  6.09s/it]
[1A 17%|█▋        | 321/1875 [32:08<2:36:34,  6.05s/it]
[1A 17%|█▋        | 322/1875 [32:14<2:35:34,  6.01s/it]
[1A 17%|█▋        | 323/1875 [32:20<2:34:56,  5.99s/it]
[1A 17%|█▋        | 324/1875 [32:26<2:35:03,  6.00s/it]
[1A 17%|█▋        | 325/1875 [32:32<2:34:31,  5.98s/it]
[1A 17%|█▋        | 326/1875 [32:39<2:39:30,  6.18s/it]
[1A 17%|█▋        | 327/1875 [32:45<2:39:21,  6.18s/it]
[1A 17%|█▋        | 328/1875 [32:51<2:37:27,  6.11s/it]
[1A 18%|█▊        | 329/1875 [32:57<2:37:50,  6.13s/it]
[1A 18%|█▊        | 330/1875 [33:03<2:36:12,  6.07s/it]
[1A 18%|█▊        | 331/1875 [33:09<2:35:46,  6.05s/it]
[1A 18%|█▊        | 332/1875 [33:15<2:34:43,  6.02s/it]
[1A 18%|█▊        | 333/1875 [33:21<2:33:57,  5.99s/it]
[1A 18%|█▊        | 334/1875 [33:27<2:33:23,  5.97s/it]
[1A 18%|█▊        | 335/1875 [33:33<2:33:00,  5.96s/it]
[1A 18%|█▊        | 336/1875 [33:39<2:36:19,  6.09s/it]
[1A 18%|█▊        | 337/1875 [33:45<2:34:57,  6.05s/it]
[1A 18%|█▊        | 338/1875 [33:51<2:35:42,  6.08s/it]
[1A 18%|█▊        | 339/1875 [33:57<2:34:26,  6.03s/it]
[1A 18%|█▊        | 340/1875 [34:03<2:35:23,  6.07s/it]
[1A 18%|█▊        | 341/1875 [34:09<2:34:15,  6.03s/it]
[1A 18%|█▊        | 342/1875 [34:15<2:33:24,  6.00s/it]
[1A 18%|█▊        | 343/1875 [34:21<2:32:44,  5.98s/it]
[1A 18%|█▊        | 344/1875 [34:27<2:33:02,  6.00s/it]
[1A 18%|█▊        | 345/1875 [34:33<2:32:32,  5.98s/it]
[1A 18%|█▊        | 346/1875 [34:39<2:33:50,  6.04s/it]
[1A 19%|█▊        | 347/1875 [34:45<2:34:40,  6.07s/it]
[1A 19%|█▊        | 348/1875 [34:51<2:33:31,  6.03s/it]
[1A 19%|█▊        | 349/1875 [34:57<2:32:36,  6.00s/it]
[1A 19%|█▊        | 350/1875 [35:03<2:31:59,  5.98s/it]
[1A                                                    
{'loss': '1.115', 'grad_norm': '0.2737', 'learning_rate': '0.0001714', 'entropy': '1.115', 'num_tokens': '5.715e+06', 'mean_token_accuracy': '0.6918', 'epoch': '0.1867'}
[1A
[1A 19%|█▊        | 350/1875 [35:03<2:31:59,  5.98s/it]
[1A 19%|█▊        | 351/1875 [35:09<2:32:17,  6.00s/it]
[1A 19%|█▉        | 352/1875 [35:15<2:33:36,  6.05s/it]
[1A 19%|█▉        | 353/1875 [35:21<2:32:41,  6.02s/it]
[1A 19%|█▉        | 354/1875 [35:28<2:35:35,  6.14s/it]
[1A 19%|█▉        | 355/1875 [35:34<2:33:59,  6.08s/it]
[1A 19%|█▉        | 356/1875 [35:40<2:32:43,  6.03s/it]
[1A 19%|█▉        | 357/1875 [35:45<2:31:53,  6.00s/it]
[1A 19%|█▉        | 358/1875 [35:52<2:32:23,  6.03s/it]
[1A 19%|█▉        | 359/1875 [35:58<2:31:37,  6.00s/it]
[1A 19%|█▉        | 360/1875 [36:03<2:31:03,  5.98s/it]
[1A 19%|█▉        | 361/1875 [36:09<2:30:31,  5.97s/it]
[1A 19%|█▉        | 362/1875 [36:15<2:30:20,  5.96s/it]
[1A 19%|█▉        | 363/1875 [36:21<2:31:45,  6.02s/it]
[1A 19%|█▉        | 364/1875 [36:28<2:32:42,  6.06s/it]
[1A 19%|█▉        | 365/1875 [36:34<2:32:18,  6.05s/it]
[1A 20%|█▉        | 366/1875 [36:40<2:31:20,  6.02s/it]
[1A 20%|█▉        | 367/1875 [36:46<2:30:44,  6.00s/it]
[1A 20%|█▉        | 368/1875 [36:52<2:30:13,  5.98s/it]
[1A 20%|█▉        | 369/1875 [36:57<2:29:46,  5.97s/it]
[1A 20%|█▉        | 370/1875 [37:03<2:29:35,  5.96s/it]
[1A 20%|█▉        | 371/1875 [37:09<2:29:18,  5.96s/it]
[1A 20%|█▉        | 372/1875 [37:15<2:29:43,  5.98s/it]
[1A 20%|█▉        | 373/1875 [37:22<2:32:50,  6.11s/it]
[1A 20%|█▉        | 374/1875 [37:28<2:31:30,  6.06s/it]
[1A 20%|██        | 375/1875 [37:34<2:33:58,  6.16s/it]
[1A 20%|██        | 376/1875 [37:40<2:32:19,  6.10s/it]
[1A 20%|██        | 377/1875 [37:46<2:30:57,  6.05s/it]
[1A 20%|██        | 378/1875 [37:52<2:31:55,  6.09s/it]
[1A 20%|██        | 379/1875 [37:58<2:31:23,  6.07s/it]
[1A 20%|██        | 380/1875 [38:04<2:30:11,  6.03s/it]
[1A 20%|██        | 381/1875 [38:10<2:31:09,  6.07s/it]
[1A 20%|██        | 382/1875 [38:16<2:30:00,  6.03s/it]
[1A 20%|██        | 383/1875 [38:22<2:29:15,  6.00s/it]
[1A 20%|██        | 384/1875 [38:28<2:28:37,  5.98s/it]
[1A 21%|██        | 385/1875 [38:34<2:29:51,  6.03s/it]
[1A 21%|██        | 386/1875 [38:40<2:30:19,  6.06s/it]
[1A 21%|██        | 387/1875 [38:46<2:29:23,  6.02s/it]
[1A 21%|██        | 388/1875 [38:52<2:28:40,  6.00s/it]
[1A 21%|██        | 389/1875 [38:58<2:28:11,  5.98s/it]
[1A 21%|██        | 390/1875 [39:04<2:27:48,  5.97s/it]
[1A 21%|██        | 391/1875 [39:10<2:27:28,  5.96s/it]
[1A 21%|██        | 392/1875 [39:16<2:27:10,  5.95s/it]
[1A 21%|██        | 393/1875 [39:22<2:27:50,  5.99s/it]
[1A 21%|██        | 394/1875 [39:28<2:27:22,  5.97s/it]
[1A 21%|██        | 395/1875 [39:34<2:27:04,  5.96s/it]
[1A 21%|██        | 396/1875 [39:40<2:26:49,  5.96s/it]
[1A 21%|██        | 397/1875 [39:46<2:26:34,  5.95s/it]
[1A 21%|██        | 398/1875 [39:52<2:26:23,  5.95s/it]
[1A 21%|██▏       | 399/1875 [39:58<2:26:14,  5.95s/it]
[1A 21%|██▏       | 400/1875 [40:04<2:28:26,  6.04s/it]
[1A                                                    
{'loss': '1.111', 'grad_norm': '0.2988', 'learning_rate': '0.0001657', 'entropy': '1.11', 'num_tokens': '6.531e+06', 'mean_token_accuracy': '0.6922', 'epoch': '0.2133'}
[1A
[1A 21%|██▏       | 400/1875 [40:04<2:28:26,  6.04s/it]
[1A 21%|██▏       | 401/1875 [40:10<2:27:41,  6.01s/it]
[1A 21%|██▏       | 402/1875 [40:16<2:26:59,  5.99s/it]
[1A 21%|██▏       | 403/1875 [40:22<2:26:34,  5.97s/it]
[1A 22%|██▏       | 404/1875 [40:28<2:26:07,  5.96s/it]
[1A 22%|██▏       | 405/1875 [40:34<2:25:48,  5.95s/it]
[1A 22%|██▏       | 406/1875 [40:40<2:27:19,  6.02s/it]
[1A 22%|██▏       | 407/1875 [40:46<2:29:02,  6.09s/it]
[1A 22%|██▏       | 408/1875 [40:52<2:27:47,  6.04s/it]
[1A 22%|██▏       | 409/1875 [40:58<2:26:57,  6.01s/it]
[1A 22%|██▏       | 410/1875 [41:04<2:26:16,  5.99s/it]
[1A 22%|██▏       | 411/1875 [41:10<2:25:47,  5.98s/it]
[1A 22%|██▏       | 412/1875 [41:16<2:25:23,  5.96s/it]
[1A 22%|██▏       | 413/1875 [41:22<2:30:18,  6.17s/it]
[1A 22%|██▏       | 414/1875 [41:29<2:29:46,  6.15s/it]
[1A 22%|██▏       | 415/1875 [41:35<2:29:54,  6.16s/it]
[1A 22%|██▏       | 416/1875 [41:41<2:28:08,  6.09s/it]
[1A 22%|██▏       | 417/1875 [41:47<2:26:54,  6.05s/it]
[1A 22%|██▏       | 418/1875 [41:53<2:25:59,  6.01s/it]
[1A 22%|██▏       | 419/1875 [41:58<2:25:16,  5.99s/it]
[1A 22%|██▏       | 420/1875 [42:04<2:24:44,  5.97s/it]
[1A 22%|██▏       | 421/1875 [42:10<2:25:13,  5.99s/it]
[1A 23%|██▎       | 422/1875 [42:16<2:24:39,  5.97s/it]
[1A 23%|██▎       | 423/1875 [42:22<2:24:11,  5.96s/it]
[1A 23%|██▎       | 424/1875 [42:28<2:23:50,  5.95s/it]
[1A 23%|██▎       | 425/1875 [42:34<2:23:45,  5.95s/it]
[1A 23%|██▎       | 426/1875 [42:40<2:25:17,  6.02s/it]
[1A 23%|██▎       | 427/1875 [42:46<2:24:32,  5.99s/it]
[1A 23%|██▎       | 428/1875 [42:52<2:24:45,  6.00s/it]
[1A 23%|██▎       | 429/1875 [42:58<2:24:08,  5.98s/it]
[1A 23%|██▎       | 430/1875 [43:04<2:23:41,  5.97s/it]
[1A 23%|██▎       | 431/1875 [43:10<2:23:21,  5.96s/it]
[1A 23%|██▎       | 432/1875 [43:16<2:23:03,  5.95s/it]
[1A 23%|██▎       | 433/1875 [43:22<2:24:31,  6.01s/it]
[1A 23%|██▎       | 434/1875 [43:28<2:24:42,  6.03s/it]
[1A 23%|██▎       | 435/1875 [43:34<2:24:02,  6.00s/it]
[1A 23%|██▎       | 436/1875 [43:40<2:23:23,  5.98s/it]
[1A 23%|██▎       | 437/1875 [43:46<2:22:57,  5.96s/it]
[1A 23%|██▎       | 438/1875 [43:52<2:22:35,  5.95s/it]
[1A 23%|██▎       | 439/1875 [43:58<2:22:26,  5.95s/it]
[1A 23%|██▎       | 440/1875 [44:04<2:22:10,  5.94s/it]
[1A 24%|██▎       | 441/1875 [44:10<2:22:44,  5.97s/it]
[1A 24%|██▎       | 442/1875 [44:16<2:22:19,  5.96s/it]
[1A 24%|██▎       | 443/1875 [44:22<2:21:59,  5.95s/it]
[1A 24%|██▎       | 444/1875 [44:28<2:21:47,  5.95s/it]
[1A 24%|██▎       | 445/1875 [44:34<2:23:18,  6.01s/it]
[1A 24%|██▍       | 446/1875 [44:40<2:24:16,  6.06s/it]
[1A 24%|██▍       | 447/1875 [44:46<2:25:00,  6.09s/it]
[1A 24%|██▍       | 448/1875 [44:52<2:24:33,  6.08s/it]
[1A 24%|██▍       | 449/1875 [44:58<2:25:07,  6.11s/it]
[1A 24%|██▍       | 450/1875 [45:04<2:23:51,  6.06s/it]
[1A                                                    
{'loss': '1.1', 'grad_norm': '0.2695', 'learning_rate': '0.0001601', 'entropy': '1.098', 'num_tokens': '7.348e+06', 'mean_token_accuracy': '0.695', 'epoch': '0.24'}
[1A
[1A 24%|██▍       | 450/1875 [45:04<2:23:51,  6.06s/it]
[1A 24%|██▍       | 451/1875 [45:10<2:22:44,  6.01s/it]
[1A 24%|██▍       | 452/1875 [45:16<2:23:43,  6.06s/it]
[1A 24%|██▍       | 453/1875 [45:22<2:22:42,  6.02s/it]
[1A 24%|██▍       | 454/1875 [45:28<2:22:06,  6.00s/it]
[1A 24%|██▍       | 455/1875 [45:34<2:22:13,  6.01s/it]
[1A 24%|██▍       | 456/1875 [45:41<2:23:13,  6.06s/it]
[1A 24%|██▍       | 457/1875 [45:46<2:22:17,  6.02s/it]
[1A 24%|██▍       | 458/1875 [45:52<2:21:40,  6.00s/it]
[1A 24%|██▍       | 459/1875 [45:58<2:21:07,  5.98s/it]
[1A 25%|██▍       | 460/1875 [46:04<2:20:36,  5.96s/it]
[1A 25%|██▍       | 461/1875 [46:10<2:20:18,  5.95s/it]
[1A 25%|██▍       | 462/1875 [46:16<2:22:19,  6.04s/it]
[1A 25%|██▍       | 463/1875 [46:23<2:23:10,  6.08s/it]
[1A 25%|██▍       | 464/1875 [46:29<2:22:02,  6.04s/it]
[1A 25%|██▍       | 465/1875 [46:34<2:21:07,  6.01s/it]
[1A 25%|██▍       | 466/1875 [46:41<2:22:15,  6.06s/it]
[1A 25%|██▍       | 467/1875 [46:47<2:21:18,  6.02s/it]
[1A 25%|██▍       | 468/1875 [46:53<2:20:37,  6.00s/it]
[1A 25%|██▌       | 469/1875 [46:59<2:21:35,  6.04s/it]
[1A 25%|██▌       | 470/1875 [47:05<2:20:42,  6.01s/it]
[1A 25%|██▌       | 471/1875 [47:11<2:21:41,  6.05s/it]
[1A 25%|██▌       | 472/1875 [47:17<2:20:45,  6.02s/it]
[1A 25%|██▌       | 473/1875 [47:23<2:20:02,  5.99s/it]
[1A 25%|██▌       | 474/1875 [47:29<2:19:31,  5.98s/it]
[1A 25%|██▌       | 475/1875 [47:35<2:19:46,  5.99s/it]
[1A 25%|██▌       | 476/1875 [47:41<2:19:15,  5.97s/it]
[1A 25%|██▌       | 477/1875 [47:46<2:18:49,  5.96s/it]
[1A 25%|██▌       | 478/1875 [47:52<2:18:34,  5.95s/it]
[1A 26%|██▌       | 479/1875 [47:58<2:18:21,  5.95s/it]
[1A 26%|██▌       | 480/1875 [48:04<2:19:46,  6.01s/it]
[1A 26%|██▌       | 481/1875 [48:10<2:19:09,  5.99s/it]
[1A 26%|██▌       | 482/1875 [48:17<2:21:02,  6.07s/it]
[1A 26%|██▌       | 483/1875 [48:23<2:19:57,  6.03s/it]
[1A 26%|██▌       | 484/1875 [48:29<2:19:10,  6.00s/it]
[1A 26%|██▌       | 485/1875 [48:35<2:20:10,  6.05s/it]
[1A 26%|██▌       | 486/1875 [48:41<2:19:19,  6.02s/it]
[1A 26%|██▌       | 487/1875 [48:47<2:18:34,  5.99s/it]
[1A 26%|██▌       | 488/1875 [48:53<2:18:07,  5.98s/it]
[1A 26%|██▌       | 489/1875 [48:59<2:20:30,  6.08s/it]
[1A 26%|██▌       | 490/1875 [49:05<2:19:20,  6.04s/it]
[1A 26%|██▌       | 491/1875 [49:11<2:18:28,  6.00s/it]
[1A 26%|██▌       | 492/1875 [49:17<2:17:54,  5.98s/it]
[1A 26%|██▋       | 493/1875 [49:23<2:17:29,  5.97s/it]
[1A 26%|██▋       | 494/1875 [49:29<2:17:17,  5.97s/it]
[1A 26%|██▋       | 495/1875 [49:35<2:17:04,  5.96s/it]
[1A 26%|██▋       | 496/1875 [49:41<2:17:26,  5.98s/it]
[1A 27%|██▋       | 497/1875 [49:46<2:16:58,  5.96s/it]
[1A 27%|██▋       | 498/1875 [49:52<2:16:40,  5.96s/it]
[1A 27%|██▋       | 499/1875 [49:58<2:16:24,  5.95s/it]
[1A 27%|██▋       | 500/1875 [50:04<2:16:13,  5.94s/it]
[1A                                                    
{'loss': '1.112', 'grad_norm': '0.265', 'learning_rate': '0.0001545', 'entropy': '1.111', 'num_tokens': '8.165e+06', 'mean_token_accuracy': '0.6932', 'epoch': '0.2667'}
[1A
[1A 27%|██▋       | 500/1875 [50:04<2:16:13,  5.94s/it]
[1A 27%|██▋       | 501/1875 [50:10<2:16:08,  5.94s/it]
[1A 27%|██▋       | 502/1875 [50:16<2:15:57,  5.94s/it]
[1A 27%|██▋       | 503/1875 [50:22<2:18:03,  6.04s/it]
[1A 27%|██▋       | 504/1875 [50:29<2:18:49,  6.08s/it]
[1A 27%|██▋       | 505/1875 [50:34<2:17:42,  6.03s/it]
[1A 27%|██▋       | 506/1875 [50:40<2:16:51,  6.00s/it]
[1A 27%|██▋       | 507/1875 [50:46<2:16:18,  5.98s/it]
[1A 27%|██▋       | 508/1875 [50:53<2:17:31,  6.04s/it]
[1A 27%|██▋       | 509/1875 [50:58<2:16:44,  6.01s/it]
[1A 27%|██▋       | 510/1875 [51:05<2:18:17,  6.08s/it]
[1A 27%|██▋       | 511/1875 [51:11<2:17:15,  6.04s/it]
[1A 27%|██▋       | 512/1875 [51:17<2:18:08,  6.08s/it]
[1A 27%|██▋       | 513/1875 [51:23<2:17:04,  6.04s/it]
[1A 27%|██▋       | 514/1875 [51:29<2:16:17,  6.01s/it]
[1A 27%|██▋       | 515/1875 [51:35<2:17:19,  6.06s/it]
[1A 28%|██▊       | 516/1875 [51:41<2:16:24,  6.02s/it]
[1A 28%|██▊       | 517/1875 [51:47<2:16:42,  6.04s/it]
[1A 28%|██▊       | 518/1875 [51:53<2:15:51,  6.01s/it]
[1A 28%|██▊       | 519/1875 [51:59<2:15:23,  5.99s/it]
[1A 28%|██▊       | 520/1875 [52:05<2:14:52,  5.97s/it]
[1A 28%|██▊       | 521/1875 [52:11<2:17:40,  6.10s/it]
[1A 28%|██▊       | 522/1875 [52:17<2:18:03,  6.12s/it]
[1A 28%|██▊       | 523/1875 [52:23<2:16:40,  6.07s/it]
[1A 28%|██▊       | 524/1875 [52:29<2:16:31,  6.06s/it]
[1A 28%|██▊       | 525/1875 [52:35<2:17:11,  6.10s/it]
[1A 28%|██▊       | 526/1875 [52:41<2:15:57,  6.05s/it]
[1A 28%|██▊       | 527/1875 [52:47<2:15:02,  6.01s/it]
[1A 28%|██▊       | 528/1875 [52:53<2:14:27,  5.99s/it]
[1A 28%|██▊       | 529/1875 [52:59<2:13:57,  5.97s/it]
[1A 28%|██▊       | 530/1875 [53:05<2:13:35,  5.96s/it]
[1A 28%|██▊       | 531/1875 [53:11<2:14:00,  5.98s/it]
[1A 28%|██▊       | 532/1875 [53:17<2:13:30,  5.96s/it]
[1A 28%|██▊       | 533/1875 [53:23<2:13:13,  5.96s/it]
[1A 28%|██▊       | 534/1875 [53:29<2:12:53,  5.95s/it]
[1A 29%|██▊       | 535/1875 [53:35<2:12:49,  5.95s/it]
[1A 29%|██▊       | 536/1875 [53:41<2:12:39,  5.94s/it]
[1A 29%|██▊       | 537/1875 [53:47<2:12:31,  5.94s/it]
[1A 29%|██▊       | 538/1875 [53:53<2:12:59,  5.97s/it]
[1A 29%|██▊       | 539/1875 [53:59<2:14:16,  6.03s/it]
[1A 29%|██▉       | 540/1875 [54:05<2:13:33,  6.00s/it]
[1A 29%|██▉       | 541/1875 [54:11<2:13:00,  5.98s/it]
[1A 29%|██▉       | 542/1875 [54:17<2:12:36,  5.97s/it]
[1A 29%|██▉       | 543/1875 [54:23<2:12:12,  5.96s/it]
[1A 29%|██▉       | 544/1875 [54:29<2:11:55,  5.95s/it]
[1A 29%|██▉       | 545/1875 [54:35<2:12:52,  5.99s/it]
[1A 29%|██▉       | 546/1875 [54:41<2:12:23,  5.98s/it]
[1A 29%|██▉       | 547/1875 [54:47<2:11:56,  5.96s/it]
[1A 29%|██▉       | 548/1875 [54:53<2:14:45,  6.09s/it]
[1A 29%|██▉       | 549/1875 [54:59<2:13:34,  6.04s/it]
[1A 29%|██▉       | 550/1875 [55:05<2:12:47,  6.01s/it]                                                    
{'loss': '1.081', 'grad_norm': '0.277', 'learning_rate': '0.0001489', 'entropy': '1.08', 'num_tokens': '8.982e+06', 'mean_token_accuracy': '0.6985', 'epoch': '0.2933'}
[1A
[1A 29%|██▉       | 550/1875 [55:05<2:12:47,  6.01s/it]
[1A 29%|██▉       | 551/1875 [55:11<2:12:14,  5.99s/it]
[1A 29%|██▉       | 552/1875 [55:17<2:12:38,  6.02s/it]
[1A 29%|██▉       | 553/1875 [55:23<2:12:02,  5.99s/it]
[1A 30%|██▉       | 554/1875 [55:29<2:11:34,  5.98s/it]
[1A 30%|██▉       | 555/1875 [55:35<2:11:11,  5.96s/it]
[1A 30%|██▉       | 556/1875 [55:41<2:12:24,  6.02s/it]
[1A 30%|██▉       | 557/1875 [55:47<2:11:43,  6.00s/it]
[1A 30%|██▉       | 558/1875 [55:53<2:12:48,  6.05s/it]
[1A 30%|██▉       | 559/1875 [55:59<2:14:02,  6.11s/it]
[1A 30%|██▉       | 560/1875 [56:05<2:12:45,  6.06s/it]
[1A 30%|██▉       | 561/1875 [56:11<2:11:47,  6.02s/it]
[1A 30%|██▉       | 562/1875 [56:17<2:11:08,  5.99s/it]
[1A 30%|███       | 563/1875 [56:23<2:10:35,  5.97s/it]
[1A 30%|███       | 564/1875 [56:29<2:10:18,  5.96s/it]
[1A 30%|███       | 565/1875 [56:35<2:10:40,  5.99s/it]
[1A 30%|███       | 566/1875 [56:41<2:10:14,  5.97s/it]
[1A 30%|███       | 567/1875 [56:47<2:09:57,  5.96s/it]
[1A 30%|███       | 568/1875 [56:53<2:09:44,  5.96s/it]
[1A 30%|███       | 569/1875 [56:59<2:09:31,  5.95s/it]
[1A 30%|███       | 570/1875 [57:05<2:09:19,  5.95s/it]
[1A 30%|███       | 571/1875 [57:11<2:09:08,  5.94s/it]
[1A 31%|███       | 572/1875 [57:17<2:09:34,  5.97s/it]
[1A 31%|███       | 573/1875 [57:22<2:09:08,  5.95s/it]
[1A 31%|███       | 574/1875 [57:28<2:08:54,  5.95s/it]
[1A 31%|███       | 575/1875 [57:34<2:08:42,  5.94s/it]
[1A 31%|███       | 576/1875 [57:40<2:08:34,  5.94s/it]
[1A 31%|███       | 577/1875 [57:46<2:08:28,  5.94s/it]
[1A 31%|███       | 578/1875 [57:52<2:08:17,  5.93s/it]
[1A 31%|███       | 579/1875 [57:58<2:08:45,  5.96s/it]
[1A 31%|███       | 580/1875 [58:04<2:08:25,  5.95s/it]
[1A 31%|███       | 581/1875 [58:10<2:09:45,  6.02s/it]
[1A 31%|███       | 582/1875 [58:16<2:09:12,  6.00s/it]
[1A 31%|███       | 583/1875 [58:22<2:08:40,  5.98s/it]
[1A 31%|███       | 584/1875 [58:28<2:08:15,  5.96s/it]
[1A 31%|███       | 585/1875 [58:34<2:07:56,  5.95s/it]
[1A 31%|███▏      | 586/1875 [58:40<2:08:16,  5.97s/it]
[1A 31%|███▏      | 587/1875 [58:46<2:09:28,  6.03s/it]
[1A 31%|███▏      | 588/1875 [58:52<2:08:48,  6.00s/it]
[1A 31%|███▏      | 589/1875 [58:58<2:08:17,  5.99s/it]
[1A 31%|███▏      | 590/1875 [59:04<2:07:49,  5.97s/it]
[1A 32%|███▏      | 591/1875 [59:10<2:08:59,  6.03s/it]
[1A 32%|███▏      | 592/1875 [59:16<2:08:14,  6.00s/it]
[1A 32%|███▏      | 593/1875 [59:22<2:08:17,  6.00s/it]
[1A 32%|███▏      | 594/1875 [59:28<2:07:44,  5.98s/it]
[1A 32%|███▏      | 595/1875 [59:34<2:07:25,  5.97s/it]
[1A 32%|███▏      | 596/1875 [59:40<2:07:10,  5.97s/it]
[1A 32%|███▏      | 597/1875 [59:46<2:06:50,  5.96s/it]
[1A 32%|███▏      | 598/1875 [59:52<2:06:36,  5.95s/it]
[1A 32%|███▏      | 599/1875 [59:58<2:07:54,  6.01s/it]
[1A 32%|███▏      | 600/1875 [1:00:04<2:08:42,  6.06s/it]
[1A                                                      
{'loss': '1.086', 'grad_norm': '0.3211', 'learning_rate': '0.0001433', 'entropy': '1.083', 'num_tokens': '9.8e+06', 'mean_token_accuracy': '0.6967', 'epoch': '0.32'}
[1A
[1A 32%|███▏      | 600/1875 [1:00:04<2:08:42,  6.06s/it]
[1A 32%|███▏      | 601/1875 [1:00:10<2:07:53,  6.02s/it]
[1A 32%|███▏      | 602/1875 [1:00:16<2:07:15,  6.00s/it]
[1A 32%|███▏      | 603/1875 [1:00:22<2:06:46,  5.98s/it]
[1A 32%|███▏      | 604/1875 [1:00:28<2:06:24,  5.97s/it]
[1A 32%|███▏      | 605/1875 [1:00:34<2:07:36,  6.03s/it]
[1A 32%|███▏      | 606/1875 [1:00:40<2:07:28,  6.03s/it]
[1A 32%|███▏      | 607/1875 [1:00:46<2:06:42,  6.00s/it]
[1A 32%|███▏      | 608/1875 [1:00:52<2:06:14,  5.98s/it]
[1A 32%|███▏      | 609/1875 [1:00:58<2:07:24,  6.04s/it]
[1A 33%|███▎      | 610/1875 [1:01:04<2:06:36,  6.01s/it]
[1A 33%|███▎      | 611/1875 [1:01:10<2:05:59,  5.98s/it]
[1A 33%|███▎      | 612/1875 [1:01:16<2:08:28,  6.10s/it]
[1A 33%|███▎      | 613/1875 [1:01:22<2:07:52,  6.08s/it]
[1A 33%|███▎      | 614/1875 [1:01:29<2:08:21,  6.11s/it]
[1A 33%|███▎      | 615/1875 [1:01:34<2:07:12,  6.06s/it]
[1A 33%|███▎      | 616/1875 [1:01:40<2:06:15,  6.02s/it]
[1A 33%|███▎      | 617/1875 [1:01:46<2:05:37,  5.99s/it]
[1A 33%|███▎      | 618/1875 [1:01:52<2:05:08,  5.97s/it]
[1A 33%|███▎      | 619/1875 [1:01:58<2:04:47,  5.96s/it]
[1A 33%|███▎      | 620/1875 [1:02:04<2:05:30,  6.00s/it]
[1A 33%|███▎      | 621/1875 [1:02:10<2:06:32,  6.05s/it]
[1A 33%|███▎      | 622/1875 [1:02:16<2:05:44,  6.02s/it]
[1A 33%|███▎      | 623/1875 [1:02:22<2:05:08,  6.00s/it]
[1A 33%|███▎      | 624/1875 [1:02:29<2:06:06,  6.05s/it]
[1A 33%|███▎      | 625/1875 [1:02:34<2:05:15,  6.01s/it]
[1A 33%|███▎      | 626/1875 [1:02:41<2:06:10,  6.06s/it]
[1A 33%|███▎      | 627/1875 [1:02:47<2:07:26,  6.13s/it]
[1A 33%|███▎      | 628/1875 [1:02:53<2:06:06,  6.07s/it]
[1A 34%|███▎      | 629/1875 [1:02:59<2:05:08,  6.03s/it]
[1A 34%|███▎      | 630/1875 [1:03:05<2:04:30,  6.00s/it]
[1A 34%|███▎      | 631/1875 [1:03:11<2:05:33,  6.06s/it]
[1A 34%|███▎      | 632/1875 [1:03:17<2:04:40,  6.02s/it]
[1A 34%|███▍      | 633/1875 [1:03:23<2:03:59,  5.99s/it]
[1A 34%|███▍      | 634/1875 [1:03:29<2:04:05,  6.00s/it]
[1A 34%|███▍      | 635/1875 [1:03:35<2:05:04,  6.05s/it]
[1A 34%|███▍      | 636/1875 [1:03:41<2:04:11,  6.01s/it]
[1A 34%|███▍      | 637/1875 [1:03:47<2:03:37,  5.99s/it]
[1A 34%|███▍      | 638/1875 [1:03:53<2:04:38,  6.05s/it]
[1A 34%|███▍      | 639/1875 [1:03:59<2:05:17,  6.08s/it]
[1A 34%|███▍      | 640/1875 [1:04:05<2:04:13,  6.04s/it]
[1A 34%|███▍      | 641/1875 [1:04:11<2:03:58,  6.03s/it]
[1A 34%|███▍      | 642/1875 [1:04:17<2:03:19,  6.00s/it]
[1A 34%|███▍      | 643/1875 [1:04:23<2:02:48,  5.98s/it]
[1A 34%|███▍      | 644/1875 [1:04:29<2:02:23,  5.97s/it]
[1A 34%|███▍      | 645/1875 [1:04:35<2:03:36,  6.03s/it]
[1A 34%|███▍      | 646/1875 [1:04:41<2:04:18,  6.07s/it]
[1A 35%|███▍      | 647/1875 [1:04:47<2:03:24,  6.03s/it]
[1A 35%|███▍      | 648/1875 [1:04:53<2:03:41,  6.05s/it]
[1A 35%|███▍      | 649/1875 [1:04:59<2:02:52,  6.01s/it]
[1A 35%|███▍      | 650/1875 [1:05:05<2:02:11,  5.98s/it]                                                      
{'loss': '1.087', 'grad_norm': '0.3015', 'learning_rate': '0.0001377', 'entropy': '1.089', 'num_tokens': '1.062e+07', 'mean_token_accuracy': '0.6964', 'epoch': '0.3467'}
[1A
[1A 35%|███▍      | 650/1875 [1:05:05<2:02:11,  5.98s/it]
[1A 35%|███▍      | 651/1875 [1:05:11<2:01:51,  5.97s/it]
[1A 35%|███▍      | 652/1875 [1:05:17<2:01:30,  5.96s/it]
[1A 35%|███▍      | 653/1875 [1:05:23<2:01:17,  5.96s/it]
[1A 35%|███▍      | 654/1875 [1:05:29<2:01:03,  5.95s/it]
[1A 35%|███▍      | 655/1875 [1:05:35<2:01:32,  5.98s/it]
[1A 35%|███▍      | 656/1875 [1:05:41<2:01:09,  5.96s/it]
[1A 35%|███▌      | 657/1875 [1:05:47<2:00:56,  5.96s/it]
[1A 35%|███▌      | 658/1875 [1:05:53<2:02:08,  6.02s/it]
[1A 35%|███▌      | 659/1875 [1:05:59<2:02:59,  6.07s/it]
[1A 35%|███▌      | 660/1875 [1:06:05<2:02:05,  6.03s/it]
[1A 35%|███▌      | 661/1875 [1:06:11<2:04:17,  6.14s/it]
[1A 35%|███▌      | 662/1875 [1:06:18<2:03:32,  6.11s/it]
[1A 35%|███▌      | 663/1875 [1:06:24<2:03:43,  6.12s/it]
[1A 35%|███▌      | 664/1875 [1:06:30<2:03:51,  6.14s/it]
[1A 35%|███▌      | 665/1875 [1:06:36<2:02:29,  6.07s/it]
[1A 36%|███▌      | 666/1875 [1:06:42<2:02:55,  6.10s/it]
[1A 36%|███▌      | 667/1875 [1:06:48<2:04:36,  6.19s/it]
[1A 36%|███▌      | 668/1875 [1:06:54<2:02:58,  6.11s/it]
[1A 36%|███▌      | 669/1875 [1:07:00<2:02:27,  6.09s/it]
[1A 36%|███▌      | 670/1875 [1:07:06<2:01:23,  6.04s/it]
[1A 36%|███▌      | 671/1875 [1:07:12<2:00:34,  6.01s/it]
[1A 36%|███▌      | 672/1875 [1:07:19<2:02:47,  6.12s/it]
[1A 36%|███▌      | 673/1875 [1:07:24<2:01:32,  6.07s/it]
[1A 36%|███▌      | 674/1875 [1:07:30<2:00:37,  6.03s/it]
[1A 36%|███▌      | 675/1875 [1:07:37<2:01:20,  6.07s/it]
[1A 36%|███▌      | 676/1875 [1:07:43<2:01:18,  6.07s/it]
[1A 36%|███▌      | 677/1875 [1:07:49<2:00:22,  6.03s/it]
[1A 36%|███▌      | 678/1875 [1:07:55<1:59:44,  6.00s/it]
[1A 36%|███▌      | 679/1875 [1:08:00<1:59:17,  5.98s/it]
[1A 36%|███▋      | 680/1875 [1:08:07<2:00:20,  6.04s/it]
[1A 36%|███▋      | 681/1875 [1:08:13<2:00:57,  6.08s/it]
[1A 36%|███▋      | 682/1875 [1:08:19<2:01:21,  6.10s/it]
[1A 36%|███▋      | 683/1875 [1:08:25<2:02:14,  6.15s/it]
[1A 36%|███▋      | 684/1875 [1:08:31<2:02:10,  6.15s/it]
[1A 37%|███▋      | 685/1875 [1:08:37<2:00:50,  6.09s/it]
[1A 37%|███▋      | 686/1875 [1:08:43<1:59:47,  6.05s/it]
[1A 37%|███▋      | 687/1875 [1:08:49<1:59:04,  6.01s/it]
[1A 37%|███▋      | 688/1875 [1:08:55<1:59:53,  6.06s/it]
[1A 37%|███▋      | 689/1875 [1:09:01<1:58:59,  6.02s/it]
[1A 37%|███▋      | 690/1875 [1:09:07<1:58:49,  6.02s/it]
[1A 37%|███▋      | 691/1875 [1:09:13<1:58:15,  5.99s/it]
[1A 37%|███▋      | 692/1875 [1:09:19<1:57:50,  5.98s/it]
[1A 37%|███▋      | 693/1875 [1:09:25<1:57:29,  5.96s/it]
[1A 37%|███▋      | 694/1875 [1:09:31<1:57:13,  5.96s/it]
[1A 37%|███▋      | 695/1875 [1:09:37<1:57:03,  5.95s/it]
[1A 37%|███▋      | 696/1875 [1:09:43<1:57:21,  5.97s/it]
[1A 37%|███▋      | 697/1875 [1:09:49<1:57:04,  5.96s/it]
[1A 37%|███▋      | 698/1875 [1:09:55<1:56:48,  5.95s/it]
[1A 37%|███▋      | 699/1875 [1:10:01<1:56:34,  5.95s/it]
{'loss': '1.065', 'grad_norm': '0.3017', 'learning_rate': '0.0001321', 'entropy': '1.064', 'num_tokens': '1.143e+07', 'mean_token_accuracy': '0.703', 'epoch': '0.3733'}
[1A 37%|███▋      | 700/1875 [1:10:07<1:56:26,  5.95s/it]                                                      
[1A
[1A 37%|███▋      | 700/1875 [1:10:07<1:56:26,  5.95s/it]
[1A 37%|███▋      | 701/1875 [1:10:13<1:56:16,  5.94s/it]
[1A 37%|███▋      | 702/1875 [1:10:19<1:56:12,  5.94s/it]
[1A 37%|███▋      | 703/1875 [1:10:25<1:57:57,  6.04s/it]
[1A 38%|███▊      | 704/1875 [1:10:31<1:57:15,  6.01s/it]
[1A 38%|███▊      | 705/1875 [1:10:37<1:56:45,  5.99s/it]
[1A 38%|███▊      | 706/1875 [1:10:43<1:57:39,  6.04s/it]
[1A 38%|███▊      | 707/1875 [1:10:49<1:58:22,  6.08s/it]
[1A 38%|███▊      | 708/1875 [1:10:55<1:57:24,  6.04s/it]
[1A 38%|███▊      | 709/1875 [1:11:01<1:56:47,  6.01s/it]
[1A 38%|███▊      | 710/1875 [1:11:07<1:56:54,  6.02s/it]
[1A 38%|███▊      | 711/1875 [1:11:13<1:56:13,  5.99s/it]
[1A 38%|███▊      | 712/1875 [1:11:19<1:55:46,  5.97s/it]
[1A 38%|███▊      | 713/1875 [1:11:25<1:56:48,  6.03s/it]
[1A 38%|███▊      | 714/1875 [1:11:31<1:56:09,  6.00s/it]
[1A 38%|███▊      | 715/1875 [1:11:37<1:55:37,  5.98s/it]
[1A 38%|███▊      | 716/1875 [1:11:43<1:55:12,  5.96s/it]
[1A 38%|███▊      | 717/1875 [1:11:49<1:55:28,  5.98s/it]
[1A 38%|███▊      | 718/1875 [1:11:55<1:56:26,  6.04s/it]
[1A 38%|███▊      | 719/1875 [1:12:01<1:55:45,  6.01s/it]
[1A 38%|███▊      | 720/1875 [1:12:07<1:55:16,  5.99s/it]
[1A 38%|███▊      | 721/1875 [1:12:13<1:54:55,  5.98s/it]
[1A 39%|███▊      | 722/1875 [1:12:19<1:54:35,  5.96s/it]
[1A 39%|███▊      | 723/1875 [1:12:25<1:55:39,  6.02s/it]
[1A 39%|███▊      | 724/1875 [1:12:31<1:55:36,  6.03s/it]
[1A 39%|███▊      | 725/1875 [1:12:37<1:55:02,  6.00s/it]
[1A 39%|███▊      | 726/1875 [1:12:43<1:54:37,  5.99s/it]
[1A 39%|███▉      | 727/1875 [1:12:49<1:55:33,  6.04s/it]
[1A 39%|███▉      | 728/1875 [1:12:55<1:54:52,  6.01s/it]
[1A 39%|███▉      | 729/1875 [1:13:01<1:54:22,  5.99s/it]
[1A 39%|███▉      | 730/1875 [1:13:07<1:53:58,  5.97s/it]
[1A 39%|███▉      | 731/1875 [1:13:13<1:54:58,  6.03s/it]
[1A 39%|███▉      | 732/1875 [1:13:19<1:54:17,  6.00s/it]
[1A 39%|███▉      | 733/1875 [1:13:25<1:53:46,  5.98s/it]
[1A 39%|███▉      | 734/1875 [1:13:31<1:53:26,  5.97s/it]
[1A 39%|███▉      | 735/1875 [1:13:37<1:53:11,  5.96s/it]
[1A 39%|███▉      | 736/1875 [1:13:43<1:54:16,  6.02s/it]
[1A 39%|███▉      | 737/1875 [1:13:49<1:55:42,  6.10s/it]
[1A 39%|███▉      | 738/1875 [1:13:55<1:54:38,  6.05s/it]
[1A 39%|███▉      | 739/1875 [1:14:01<1:53:50,  6.01s/it]
[1A 39%|███▉      | 740/1875 [1:14:07<1:53:20,  5.99s/it]
[1A 40%|███▉      | 741/1875 [1:14:13<1:52:54,  5.97s/it]
[1A 40%|███▉      | 742/1875 [1:14:19<1:52:37,  5.96s/it]
[1A 40%|███▉      | 743/1875 [1:14:25<1:52:23,  5.96s/it]
[1A 40%|███▉      | 744/1875 [1:14:31<1:52:43,  5.98s/it]
[1A 40%|███▉      | 745/1875 [1:14:37<1:53:42,  6.04s/it]
[1A 40%|███▉      | 746/1875 [1:14:43<1:54:22,  6.08s/it]
[1A 40%|███▉      | 747/1875 [1:14:49<1:53:33,  6.04s/it]
[1A 40%|███▉      | 748/1875 [1:14:55<1:54:12,  6.08s/it]
[1A 40%|███▉      | 749/1875 [1:15:01<1:53:13,  6.03s/it]
[1A 40%|████      | 750/1875 [1:15:07<1:53:55,  6.08s/it]
[1A                                                      
{'loss': '1.072', 'grad_norm': '0.2952', 'learning_rate': '0.0001264', 'entropy': '1.071', 'num_tokens': '1.225e+07', 'mean_token_accuracy': '0.7004', 'epoch': '0.4'}
[1A
[1A 40%|████      | 750/1875 [1:15:07<1:53:55,  6.08s/it]
[1A 40%|████      | 751/1875 [1:15:14<1:53:54,  6.08s/it]
[1A 40%|████      | 752/1875 [1:15:20<1:54:17,  6.11s/it]
[1A 40%|████      | 753/1875 [1:15:26<1:53:13,  6.05s/it]
[1A 40%|████      | 754/1875 [1:15:32<1:52:21,  6.01s/it]
[1A 40%|████      | 755/1875 [1:15:38<1:51:48,  5.99s/it]
[1A 40%|████      | 756/1875 [1:15:43<1:51:21,  5.97s/it]
[1A 40%|████      | 757/1875 [1:15:50<1:52:17,  6.03s/it]
[1A 40%|████      | 758/1875 [1:15:56<1:53:36,  6.10s/it]
[1A 40%|████      | 759/1875 [1:16:02<1:52:35,  6.05s/it]
[1A 41%|████      | 760/1875 [1:16:08<1:51:49,  6.02s/it]
[1A 41%|████      | 761/1875 [1:16:14<1:51:15,  5.99s/it]
[1A 41%|████      | 762/1875 [1:16:20<1:50:49,  5.97s/it]
[1A 41%|████      | 763/1875 [1:16:26<1:50:27,  5.96s/it]
[1A 41%|████      | 764/1875 [1:16:32<1:51:25,  6.02s/it]
[1A 41%|████      | 765/1875 [1:16:38<1:52:34,  6.09s/it]
[1A 41%|████      | 766/1875 [1:16:44<1:51:38,  6.04s/it]
[1A 41%|████      | 767/1875 [1:16:50<1:50:57,  6.01s/it]
[1A 41%|████      | 768/1875 [1:16:56<1:50:28,  5.99s/it]
[1A 41%|████      | 769/1875 [1:17:02<1:49:58,  5.97s/it]
[1A 41%|████      | 770/1875 [1:17:08<1:49:37,  5.95s/it]
[1A 41%|████      | 771/1875 [1:17:14<1:50:40,  6.01s/it]
[1A 41%|████      | 772/1875 [1:17:20<1:53:09,  6.16s/it]
[1A 41%|████      | 773/1875 [1:17:26<1:51:46,  6.09s/it]
[1A 41%|████▏     | 774/1875 [1:17:32<1:52:05,  6.11s/it]
[1A 41%|████▏     | 775/1875 [1:17:38<1:50:57,  6.05s/it]
[1A 41%|████▏     | 776/1875 [1:17:44<1:51:28,  6.09s/it]
[1A 41%|████▏     | 777/1875 [1:17:51<1:51:47,  6.11s/it]
[1A 41%|████▏     | 778/1875 [1:17:57<1:52:00,  6.13s/it]
[1A 42%|████▏     | 779/1875 [1:18:03<1:53:01,  6.19s/it]
[1A 42%|████▏     | 780/1875 [1:18:09<1:51:32,  6.11s/it]
[1A 42%|████▏     | 781/1875 [1:18:15<1:51:43,  6.13s/it]
[1A 42%|████▏     | 782/1875 [1:18:21<1:50:34,  6.07s/it]
[1A 42%|████▏     | 783/1875 [1:18:27<1:49:43,  6.03s/it]
[1A 42%|████▏     | 784/1875 [1:18:33<1:49:07,  6.00s/it]
[1A 42%|████▏     | 785/1875 [1:18:39<1:49:57,  6.05s/it]
[1A 42%|████▏     | 786/1875 [1:18:45<1:51:06,  6.12s/it]
[1A 42%|████▏     | 787/1875 [1:18:51<1:49:58,  6.06s/it]
[1A 42%|████▏     | 788/1875 [1:18:57<1:49:09,  6.03s/it]
[1A 42%|████▏     | 789/1875 [1:19:03<1:49:47,  6.07s/it]
[1A 42%|████▏     | 790/1875 [1:19:09<1:48:59,  6.03s/it]
[1A 42%|████▏     | 791/1875 [1:19:15<1:48:27,  6.00s/it]
[1A 42%|████▏     | 792/1875 [1:19:21<1:47:55,  5.98s/it]
[1A 42%|████▏     | 793/1875 [1:19:27<1:48:03,  5.99s/it]
[1A 42%|████▏     | 794/1875 [1:19:33<1:47:37,  5.97s/it]
[1A 42%|████▏     | 795/1875 [1:19:39<1:47:16,  5.96s/it]
[1A 42%|████▏     | 796/1875 [1:19:46<1:50:45,  6.16s/it]
[1A 43%|████▎     | 797/1875 [1:19:52<1:49:24,  6.09s/it]
[1A 43%|████▎     | 798/1875 [1:19:58<1:49:45,  6.11s/it]
[1A 43%|████▎     | 799/1875 [1:20:04<1:48:41,  6.06s/it]
[1A 43%|████▎     | 800/1875 [1:20:10<1:48:23,  6.05s/it]
[1A                                                      
{'loss': '1.05', 'grad_norm': '0.2767', 'learning_rate': '0.0001208', 'entropy': '1.05', 'num_tokens': '1.306e+07', 'mean_token_accuracy': '0.7043', 'epoch': '0.4267'}
[1A
[1A 43%|████▎     | 800/1875 [1:20:10<1:48:23,  6.05s/it]
[1A 43%|████▎     | 801/1875 [1:20:16<1:48:58,  6.09s/it]
[1A 43%|████▎     | 802/1875 [1:20:22<1:48:01,  6.04s/it]
[1A 43%|████▎     | 803/1875 [1:20:28<1:47:20,  6.01s/it]
[1A 43%|████▎     | 804/1875 [1:20:34<1:48:06,  6.06s/it]
[1A 43%|████▎     | 805/1875 [1:20:40<1:48:41,  6.10s/it]
[1A 43%|████▎     | 806/1875 [1:20:46<1:47:43,  6.05s/it]
[1A 43%|████▎     | 807/1875 [1:20:52<1:47:53,  6.06s/it]
[1A 43%|████▎     | 808/1875 [1:20:58<1:48:21,  6.09s/it]
[1A 43%|████▎     | 809/1875 [1:21:04<1:47:28,  6.05s/it]
[1A 43%|████▎     | 810/1875 [1:21:11<1:47:59,  6.08s/it]
[1A 43%|████▎     | 811/1875 [1:21:16<1:47:04,  6.04s/it]
[1A 43%|████▎     | 812/1875 [1:21:22<1:46:22,  6.00s/it]
[1A 43%|████▎     | 813/1875 [1:21:29<1:47:09,  6.05s/it]
[1A 43%|████▎     | 814/1875 [1:21:35<1:47:06,  6.06s/it]
[1A 43%|████▎     | 815/1875 [1:21:41<1:46:18,  6.02s/it]
[1A 44%|████▎     | 816/1875 [1:21:46<1:45:45,  5.99s/it]
[1A 44%|████▎     | 817/1875 [1:21:52<1:45:23,  5.98s/it]
[1A 44%|████▎     | 818/1875 [1:21:59<1:46:18,  6.03s/it]
[1A 44%|████▎     | 819/1875 [1:22:05<1:45:43,  6.01s/it]
[1A 44%|████▎     | 820/1875 [1:22:10<1:45:16,  5.99s/it]
[1A 44%|████▍     | 821/1875 [1:22:16<1:45:20,  6.00s/it]
[1A 44%|████▍     | 822/1875 [1:22:22<1:44:54,  5.98s/it]
[1A 44%|████▍     | 823/1875 [1:22:28<1:44:31,  5.96s/it]
[1A 44%|████▍     | 824/1875 [1:22:34<1:44:16,  5.95s/it]
[1A 44%|████▍     | 825/1875 [1:22:40<1:44:08,  5.95s/it]
[1A 44%|████▍     | 826/1875 [1:22:46<1:45:13,  6.02s/it]
[1A 44%|████▍     | 827/1875 [1:22:52<1:45:07,  6.02s/it]
[1A 44%|████▍     | 828/1875 [1:22:58<1:44:39,  6.00s/it]
[1A 44%|████▍     | 829/1875 [1:23:04<1:44:11,  5.98s/it]
[1A 44%|████▍     | 830/1875 [1:23:10<1:43:54,  5.97s/it]
[1A 44%|████▍     | 831/1875 [1:23:16<1:43:38,  5.96s/it]
[1A 44%|████▍     | 832/1875 [1:23:22<1:43:27,  5.95s/it]
[1A 44%|████▍     | 833/1875 [1:23:28<1:43:16,  5.95s/it]
[1A 44%|████▍     | 834/1875 [1:23:34<1:43:33,  5.97s/it]
[1A 45%|████▍     | 835/1875 [1:23:40<1:44:27,  6.03s/it]
[1A 45%|████▍     | 836/1875 [1:23:46<1:43:55,  6.00s/it]
[1A 45%|████▍     | 837/1875 [1:23:52<1:44:42,  6.05s/it]
[1A 45%|████▍     | 838/1875 [1:23:58<1:43:59,  6.02s/it]
[1A 45%|████▍     | 839/1875 [1:24:04<1:44:38,  6.06s/it]
[1A 45%|████▍     | 840/1875 [1:24:10<1:43:52,  6.02s/it]
[1A 45%|████▍     | 841/1875 [1:24:16<1:43:46,  6.02s/it]
[1A 45%|████▍     | 842/1875 [1:24:22<1:43:12,  6.00s/it]
[1A 45%|████▍     | 843/1875 [1:24:28<1:42:45,  5.97s/it]
[1A 45%|████▌     | 844/1875 [1:24:34<1:42:28,  5.96s/it]
[1A 45%|████▌     | 845/1875 [1:24:40<1:42:14,  5.96s/it]
[1A 45%|████▌     | 846/1875 [1:24:46<1:42:05,  5.95s/it]
[1A 45%|████▌     | 847/1875 [1:24:52<1:41:52,  5.95s/it]
[1A 45%|████▌     | 848/1875 [1:24:59<1:45:50,  6.18s/it]
[1A 45%|████▌     | 849/1875 [1:25:05<1:44:28,  6.11s/it]
[1A 45%|████▌     | 850/1875 [1:25:11<1:43:35,  6.06s/it]                                                      
{'loss': '1.079', 'grad_norm': '0.2932', 'learning_rate': '0.0001152', 'entropy': '1.079', 'num_tokens': '1.388e+07', 'mean_token_accuracy': '0.6993', 'epoch': '0.4533'}
[1A
[1A 45%|████▌     | 850/1875 [1:25:11<1:43:35,  6.06s/it]
[1A 45%|████▌     | 851/1875 [1:25:17<1:42:50,  6.03s/it]
[1A 45%|████▌     | 852/1875 [1:25:23<1:42:19,  6.00s/it]
[1A 45%|████▌     | 853/1875 [1:25:28<1:41:51,  5.98s/it]
[1A 46%|████▌     | 854/1875 [1:25:34<1:41:32,  5.97s/it]
[1A 46%|████▌     | 855/1875 [1:25:41<1:42:59,  6.06s/it]
[1A 46%|████▌     | 856/1875 [1:25:47<1:42:18,  6.02s/it]
[1A 46%|████▌     | 857/1875 [1:25:53<1:41:42,  5.99s/it]
[1A 46%|████▌     | 858/1875 [1:25:59<1:42:29,  6.05s/it]
[1A 46%|████▌     | 859/1875 [1:26:05<1:41:50,  6.01s/it]
[1A 46%|████▌     | 860/1875 [1:26:11<1:41:25,  6.00s/it]
[1A 46%|████▌     | 861/1875 [1:26:17<1:41:04,  5.98s/it]
[1A 46%|████▌     | 862/1875 [1:26:23<1:41:49,  6.03s/it]
[1A 46%|████▌     | 863/1875 [1:26:29<1:41:11,  6.00s/it]
[1A 46%|████▌     | 864/1875 [1:26:35<1:40:47,  5.98s/it]
[1A 46%|████▌     | 865/1875 [1:26:41<1:41:41,  6.04s/it]
[1A 46%|████▌     | 866/1875 [1:26:47<1:41:02,  6.01s/it]
[1A 46%|████▌     | 867/1875 [1:26:53<1:40:33,  5.99s/it]
[1A 46%|████▋     | 868/1875 [1:26:59<1:40:38,  6.00s/it]
[1A 46%|████▋     | 869/1875 [1:27:05<1:40:12,  5.98s/it]
[1A 46%|████▋     | 870/1875 [1:27:11<1:40:59,  6.03s/it]
[1A 46%|████▋     | 871/1875 [1:27:17<1:41:39,  6.08s/it]
[1A 47%|████▋     | 872/1875 [1:27:23<1:40:50,  6.03s/it]
[1A 47%|████▋     | 873/1875 [1:27:29<1:41:21,  6.07s/it]
[1A 47%|████▋     | 874/1875 [1:27:35<1:41:44,  6.10s/it]
[1A 47%|████▋     | 875/1875 [1:27:41<1:42:28,  6.15s/it]
[1A 47%|████▋     | 876/1875 [1:27:48<1:42:30,  6.16s/it]
[1A 47%|████▋     | 877/1875 [1:27:53<1:41:17,  6.09s/it]
[1A 47%|████▋     | 878/1875 [1:27:59<1:40:21,  6.04s/it]
[1A 47%|████▋     | 879/1875 [1:28:06<1:40:52,  6.08s/it]
[1A 47%|████▋     | 880/1875 [1:28:12<1:40:07,  6.04s/it]
[1A 47%|████▋     | 881/1875 [1:28:17<1:39:30,  6.01s/it]
[1A 47%|████▋     | 882/1875 [1:28:24<1:39:51,  6.03s/it]
[1A 47%|████▋     | 883/1875 [1:28:29<1:39:17,  6.01s/it]
[1A 47%|████▋     | 884/1875 [1:28:35<1:38:48,  5.98s/it]
[1A 47%|████▋     | 885/1875 [1:28:41<1:38:32,  5.97s/it]
[1A 47%|████▋     | 886/1875 [1:28:47<1:38:14,  5.96s/it]
[1A 47%|████▋     | 887/1875 [1:28:53<1:38:00,  5.95s/it]
[1A 47%|████▋     | 888/1875 [1:28:59<1:37:50,  5.95s/it]
[1A 47%|████▋     | 889/1875 [1:29:05<1:38:07,  5.97s/it]
[1A 47%|████▋     | 890/1875 [1:29:11<1:38:56,  6.03s/it]
[1A 48%|████▊     | 891/1875 [1:29:18<1:39:29,  6.07s/it]
[1A 48%|████▊     | 892/1875 [1:29:24<1:39:51,  6.10s/it]
[1A 48%|████▊     | 893/1875 [1:29:30<1:40:08,  6.12s/it]
[1A 48%|████▊     | 894/1875 [1:29:36<1:39:10,  6.07s/it]
[1A 48%|████▊     | 895/1875 [1:29:42<1:38:28,  6.03s/it]
[1A 48%|████▊     | 896/1875 [1:29:48<1:38:24,  6.03s/it]
[1A 48%|████▊     | 897/1875 [1:29:54<1:37:48,  6.00s/it]
[1A 48%|████▊     | 898/1875 [1:30:00<1:38:29,  6.05s/it]
[1A 48%|████▊     | 899/1875 [1:30:06<1:37:52,  6.02s/it]
{'loss': '1.062', 'grad_norm': '0.301', 'learning_rate': '0.0001096', 'entropy': '1.061', 'num_tokens': '1.469e+07', 'mean_token_accuracy': '0.7022', 'epoch': '0.48'}
[1A 48%|████▊     | 900/1875 [1:30:12<1:37:26,  6.00s/it]                                                      
[1A
[1A 48%|████▊     | 900/1875 [1:30:12<1:37:26,  6.00s/it]
[1A 48%|████▊     | 901/1875 [1:30:18<1:37:02,  5.98s/it]
[1A 48%|████▊     | 902/1875 [1:30:24<1:36:42,  5.96s/it]
[1A 48%|████▊     | 903/1875 [1:30:30<1:38:05,  6.06s/it]
[1A 48%|████▊     | 904/1875 [1:30:36<1:38:30,  6.09s/it]
[1A 48%|████▊     | 905/1875 [1:30:42<1:37:40,  6.04s/it]
[1A 48%|████▊     | 906/1875 [1:30:48<1:37:02,  6.01s/it]
[1A 48%|████▊     | 907/1875 [1:30:54<1:37:46,  6.06s/it]
[1A 48%|████▊     | 908/1875 [1:31:00<1:37:05,  6.02s/it]
[1A 48%|████▊     | 909/1875 [1:31:06<1:37:41,  6.07s/it]
[1A 49%|████▊     | 910/1875 [1:31:12<1:37:47,  6.08s/it]
[1A 49%|████▊     | 911/1875 [1:31:18<1:36:58,  6.04s/it]
[1A 49%|████▊     | 912/1875 [1:31:24<1:36:27,  6.01s/it]
[1A 49%|████▊     | 913/1875 [1:31:30<1:37:09,  6.06s/it]
[1A 49%|████▊     | 914/1875 [1:31:36<1:36:30,  6.03s/it]
[1A 49%|████▉     | 915/1875 [1:31:42<1:36:04,  6.00s/it]
[1A 49%|████▉     | 916/1875 [1:31:48<1:36:48,  6.06s/it]
[1A 49%|████▉     | 917/1875 [1:31:55<1:36:47,  6.06s/it]
[1A 49%|████▉     | 918/1875 [1:32:00<1:36:06,  6.03s/it]
[1A 49%|████▉     | 919/1875 [1:32:06<1:35:36,  6.00s/it]
[1A 49%|████▉     | 920/1875 [1:32:12<1:35:16,  5.99s/it]
[1A 49%|████▉     | 921/1875 [1:32:19<1:36:04,  6.04s/it]
[1A 49%|████▉     | 922/1875 [1:32:25<1:36:34,  6.08s/it]
[1A 49%|████▉     | 923/1875 [1:32:31<1:35:46,  6.04s/it]
[1A 49%|████▉     | 924/1875 [1:32:37<1:35:38,  6.03s/it]
[1A 49%|████▉     | 925/1875 [1:32:43<1:36:11,  6.07s/it]
[1A 49%|████▉     | 926/1875 [1:32:49<1:35:25,  6.03s/it]
[1A 49%|████▉     | 927/1875 [1:32:55<1:34:51,  6.00s/it]
[1A 49%|████▉     | 928/1875 [1:33:01<1:34:26,  5.98s/it]
[1A 50%|████▉     | 929/1875 [1:33:07<1:34:05,  5.97s/it]
[1A 50%|████▉     | 930/1875 [1:33:13<1:34:55,  6.03s/it]
[1A 50%|████▉     | 931/1875 [1:33:19<1:34:54,  6.03s/it]
[1A 50%|████▉     | 932/1875 [1:33:25<1:36:34,  6.14s/it]
[1A 50%|████▉     | 933/1875 [1:33:31<1:35:32,  6.09s/it]
[1A 50%|████▉     | 934/1875 [1:33:37<1:34:46,  6.04s/it]
[1A 50%|████▉     | 935/1875 [1:33:43<1:35:18,  6.08s/it]
[1A 50%|████▉     | 936/1875 [1:33:49<1:34:31,  6.04s/it]
[1A 50%|████▉     | 937/1875 [1:33:55<1:35:02,  6.08s/it]
[1A 50%|█████     | 938/1875 [1:34:02<1:36:13,  6.16s/it]
[1A 50%|█████     | 939/1875 [1:34:08<1:35:08,  6.10s/it]
[1A 50%|█████     | 940/1875 [1:34:14<1:35:27,  6.13s/it]
[1A 50%|█████     | 941/1875 [1:34:20<1:34:30,  6.07s/it]
[1A 50%|█████     | 942/1875 [1:34:26<1:33:48,  6.03s/it]
[1A 50%|█████     | 943/1875 [1:34:32<1:34:22,  6.08s/it]
[1A 50%|█████     | 944/1875 [1:34:38<1:34:43,  6.10s/it]
[1A 50%|█████     | 945/1875 [1:34:44<1:34:23,  6.09s/it]
[1A 50%|█████     | 946/1875 [1:34:50<1:34:40,  6.11s/it]
[1A 51%|█████     | 947/1875 [1:34:56<1:33:46,  6.06s/it]
[1A 51%|█████     | 948/1875 [1:35:02<1:33:06,  6.03s/it]
[1A 51%|█████     | 949/1875 [1:35:08<1:33:42,  6.07s/it]
[1A 51%|█████     | 950/1875 [1:35:15<1:34:06,  6.10s/it]
[1A                                                      
{'loss': '1.052', 'grad_norm': '0.2954', 'learning_rate': '0.000104', 'entropy': '1.053', 'num_tokens': '1.551e+07', 'mean_token_accuracy': '0.7042', 'epoch': '0.5067'}
[1A
[1A 51%|█████     | 950/1875 [1:35:15<1:34:06,  6.10s/it]
[1A 51%|█████     | 951/1875 [1:35:21<1:33:14,  6.05s/it]
[1A 51%|█████     | 952/1875 [1:35:27<1:33:01,  6.05s/it]
[1A 51%|█████     | 953/1875 [1:35:32<1:32:24,  6.01s/it]
[1A 51%|█████     | 954/1875 [1:35:38<1:31:56,  5.99s/it]
[1A 51%|█████     | 955/1875 [1:35:44<1:31:36,  5.97s/it]
[1A 51%|█████     | 956/1875 [1:35:50<1:31:19,  5.96s/it]
[1A 51%|█████     | 957/1875 [1:35:56<1:31:04,  5.95s/it]
[1A 51%|█████     | 958/1875 [1:36:03<1:32:29,  6.05s/it]
[1A 51%|█████     | 959/1875 [1:36:08<1:31:53,  6.02s/it]
[1A 51%|█████     | 960/1875 [1:36:15<1:32:26,  6.06s/it]
[1A 51%|█████▏    | 961/1875 [1:36:21<1:32:48,  6.09s/it]
[1A 51%|█████▏    | 962/1875 [1:36:27<1:31:56,  6.04s/it]
[1A 51%|█████▏    | 963/1875 [1:36:33<1:31:19,  6.01s/it]
[1A 51%|█████▏    | 964/1875 [1:36:39<1:30:50,  5.98s/it]
[1A 51%|█████▏    | 965/1875 [1:36:45<1:30:53,  5.99s/it]
[1A 52%|█████▏    | 966/1875 [1:36:50<1:30:27,  5.97s/it]
[1A 52%|█████▏    | 967/1875 [1:36:57<1:31:17,  6.03s/it]
[1A 52%|█████▏    | 968/1875 [1:37:03<1:31:51,  6.08s/it]
[1A 52%|█████▏    | 969/1875 [1:37:09<1:31:07,  6.04s/it]
[1A 52%|█████▏    | 970/1875 [1:37:15<1:30:32,  6.00s/it]
[1A 52%|█████▏    | 971/1875 [1:37:21<1:30:11,  5.99s/it]
[1A 52%|█████▏    | 972/1875 [1:37:27<1:30:19,  6.00s/it]
[1A 52%|█████▏    | 973/1875 [1:37:33<1:30:53,  6.05s/it]
[1A 52%|█████▏    | 974/1875 [1:37:39<1:30:16,  6.01s/it]
[1A 52%|█████▏    | 975/1875 [1:37:45<1:29:51,  5.99s/it]
[1A 52%|█████▏    | 976/1875 [1:37:51<1:29:29,  5.97s/it]
[1A 52%|█████▏    | 977/1875 [1:37:57<1:31:17,  6.10s/it]
[1A 52%|█████▏    | 978/1875 [1:38:03<1:30:27,  6.05s/it]
[1A 52%|█████▏    | 979/1875 [1:38:09<1:30:17,  6.05s/it]
[1A 52%|█████▏    | 980/1875 [1:38:15<1:30:50,  6.09s/it]
[1A 52%|█████▏    | 981/1875 [1:38:21<1:30:04,  6.05s/it]
[1A 52%|█████▏    | 982/1875 [1:38:27<1:29:28,  6.01s/it]
[1A 52%|█████▏    | 983/1875 [1:38:33<1:29:00,  5.99s/it]
[1A 52%|█████▏    | 984/1875 [1:38:39<1:28:41,  5.97s/it]
[1A 53%|█████▎    | 985/1875 [1:38:45<1:28:23,  5.96s/it]
[1A 53%|█████▎    | 986/1875 [1:38:51<1:28:39,  5.98s/it]
[1A 53%|█████▎    | 987/1875 [1:38:57<1:29:21,  6.04s/it]
[1A 53%|█████▎    | 988/1875 [1:39:03<1:28:50,  6.01s/it]
[1A 53%|█████▎    | 989/1875 [1:39:09<1:29:28,  6.06s/it]
[1A 53%|█████▎    | 990/1875 [1:39:15<1:29:51,  6.09s/it]
[1A 53%|█████▎    | 991/1875 [1:39:22<1:30:06,  6.12s/it]
[1A 53%|█████▎    | 992/1875 [1:39:28<1:32:18,  6.27s/it]
[1A 53%|█████▎    | 993/1875 [1:39:34<1:31:46,  6.24s/it]
[1A 53%|█████▎    | 994/1875 [1:39:40<1:30:20,  6.15s/it]
[1A 53%|█████▎    | 995/1875 [1:39:46<1:30:22,  6.16s/it]
[1A 53%|█████▎    | 996/1875 [1:39:53<1:30:16,  6.16s/it]
[1A 53%|█████▎    | 997/1875 [1:39:59<1:29:13,  6.10s/it]
[1A 53%|█████▎    | 998/1875 [1:40:05<1:29:31,  6.12s/it]
[1A 53%|█████▎    | 999/1875 [1:40:11<1:29:00,  6.10s/it]
[1A 53%|█████▎    | 1000/1875 [1:40:17<1:28:13,  6.05s/it]
[1A                                                       
{'loss': '1.055', 'grad_norm': '0.3232', 'learning_rate': '9.837e-05', 'entropy': '1.056', 'num_tokens': '1.632e+07', 'mean_token_accuracy': '0.7033', 'epoch': '0.5333'}
[1A
[1A 53%|█████▎    | 1000/1875 [1:40:17<1:28:13,  6.05s/it]
[1A 53%|█████▎    | 1001/1875 [1:40:23<1:27:39,  6.02s/it]
[1A 53%|█████▎    | 1002/1875 [1:40:29<1:27:10,  5.99s/it]
[1A 53%|█████▎    | 1003/1875 [1:40:35<1:26:49,  5.97s/it]
[1A 54%|█████▎    | 1004/1875 [1:40:40<1:26:34,  5.96s/it]
[1A 54%|█████▎    | 1005/1875 [1:40:46<1:26:21,  5.96s/it]
[1A 54%|█████▎    | 1006/1875 [1:40:53<1:27:39,  6.05s/it]
[1A 54%|█████▎    | 1007/1875 [1:40:59<1:27:04,  6.02s/it]
[1A 54%|█████▍    | 1008/1875 [1:41:05<1:26:36,  5.99s/it]
[1A 54%|█████▍    | 1009/1875 [1:41:11<1:26:16,  5.98s/it]
[1A 54%|█████▍    | 1010/1875 [1:41:16<1:25:57,  5.96s/it]
[1A 54%|█████▍    | 1011/1875 [1:41:23<1:26:44,  6.02s/it]
[1A 54%|█████▍    | 1012/1875 [1:41:29<1:27:16,  6.07s/it]
[1A 54%|█████▍    | 1013/1875 [1:41:35<1:27:19,  6.08s/it]
[1A 54%|█████▍    | 1014/1875 [1:41:41<1:26:35,  6.03s/it]
[1A 54%|█████▍    | 1015/1875 [1:41:47<1:27:00,  6.07s/it]
[1A 54%|█████▍    | 1016/1875 [1:41:53<1:26:21,  6.03s/it]
[1A 54%|█████▍    | 1017/1875 [1:41:59<1:25:51,  6.00s/it]
[1A 54%|█████▍    | 1018/1875 [1:42:05<1:26:28,  6.05s/it]
[1A 54%|█████▍    | 1019/1875 [1:42:11<1:25:52,  6.02s/it]
[1A 54%|█████▍    | 1020/1875 [1:42:17<1:25:52,  6.03s/it]
[1A 54%|█████▍    | 1021/1875 [1:42:23<1:25:23,  6.00s/it]
[1A 55%|█████▍    | 1022/1875 [1:42:29<1:25:03,  5.98s/it]
[1A 55%|█████▍    | 1023/1875 [1:42:35<1:25:46,  6.04s/it]
[1A 55%|█████▍    | 1024/1875 [1:42:41<1:25:15,  6.01s/it]
[1A 55%|█████▍    | 1025/1875 [1:42:47<1:25:47,  6.06s/it]
[1A 55%|█████▍    | 1026/1875 [1:42:53<1:25:12,  6.02s/it]
[1A 55%|█████▍    | 1027/1875 [1:42:59<1:25:06,  6.02s/it]
[1A 55%|█████▍    | 1028/1875 [1:43:05<1:24:38,  6.00s/it]
[1A 55%|█████▍    | 1029/1875 [1:43:11<1:24:15,  5.98s/it]
[1A 55%|█████▍    | 1030/1875 [1:43:17<1:23:57,  5.96s/it]
[1A 55%|█████▍    | 1031/1875 [1:43:23<1:23:45,  5.95s/it]
[1A 55%|█████▌    | 1032/1875 [1:43:29<1:24:33,  6.02s/it]
[1A 55%|█████▌    | 1033/1875 [1:43:35<1:24:08,  6.00s/it]
[1A 55%|█████▌    | 1034/1875 [1:43:41<1:24:12,  6.01s/it]
[1A 55%|█████▌    | 1035/1875 [1:43:47<1:24:43,  6.05s/it]
[1A 55%|█████▌    | 1036/1875 [1:43:53<1:24:08,  6.02s/it]
[1A 55%|█████▌    | 1037/1875 [1:43:59<1:24:40,  6.06s/it]
[1A 55%|█████▌    | 1038/1875 [1:44:05<1:24:09,  6.03s/it]
[1A 55%|█████▌    | 1039/1875 [1:44:11<1:23:43,  6.01s/it]
[1A 55%|█████▌    | 1040/1875 [1:44:17<1:23:25,  5.99s/it]
[1A 56%|█████▌    | 1041/1875 [1:44:23<1:24:43,  6.10s/it]
[1A 56%|█████▌    | 1042/1875 [1:44:30<1:24:53,  6.11s/it]
[1A 56%|█████▌    | 1043/1875 [1:44:36<1:24:04,  6.06s/it]
[1A 56%|█████▌    | 1044/1875 [1:44:42<1:23:27,  6.03s/it]
[1A 56%|█████▌    | 1045/1875 [1:44:48<1:23:56,  6.07s/it]
[1A 56%|█████▌    | 1046/1875 [1:44:54<1:23:17,  6.03s/it]
[1A 56%|█████▌    | 1047/1875 [1:45:00<1:22:53,  6.01s/it]
[1A 56%|█████▌    | 1048/1875 [1:45:06<1:23:06,  6.03s/it]
[1A 56%|█████▌    | 1049/1875 [1:45:12<1:22:38,  6.00s/it]
[1A 56%|█████▌    | 1050/1875 [1:45:18<1:22:18,  5.99s/it]
[1A                                                       
{'loss': '1.048', 'grad_norm': '0.3712', 'learning_rate': '9.276e-05', 'entropy': '1.046', 'num_tokens': '1.714e+07', 'mean_token_accuracy': '0.7059', 'epoch': '0.56'}
[1A
[1A 56%|█████▌    | 1050/1875 [1:45:18<1:22:18,  5.99s/it]
[1A 56%|█████▌    | 1051/1875 [1:45:24<1:22:57,  6.04s/it]
[1A 56%|█████▌    | 1052/1875 [1:45:30<1:23:23,  6.08s/it]
[1A 56%|█████▌    | 1053/1875 [1:45:36<1:22:44,  6.04s/it]
[1A 56%|█████▌    | 1054/1875 [1:45:42<1:22:12,  6.01s/it]
[1A 56%|█████▋    | 1055/1875 [1:45:48<1:23:08,  6.08s/it]
[1A 56%|█████▋    | 1056/1875 [1:45:54<1:22:28,  6.04s/it]
[1A 56%|█████▋    | 1057/1875 [1:46:00<1:21:54,  6.01s/it]
[1A 56%|█████▋    | 1058/1875 [1:46:06<1:21:30,  5.99s/it]
[1A 56%|█████▋    | 1059/1875 [1:46:12<1:21:13,  5.97s/it]
[1A 57%|█████▋    | 1060/1875 [1:46:18<1:20:57,  5.96s/it]
[1A 57%|█████▋    | 1061/1875 [1:46:24<1:20:47,  5.95s/it]
[1A 57%|█████▋    | 1062/1875 [1:46:30<1:20:59,  5.98s/it]
[1A 57%|█████▋    | 1063/1875 [1:46:36<1:20:46,  5.97s/it]
[1A 57%|█████▋    | 1064/1875 [1:46:42<1:20:33,  5.96s/it]
[1A 57%|█████▋    | 1065/1875 [1:46:47<1:20:20,  5.95s/it]
[1A 57%|█████▋    | 1066/1875 [1:46:53<1:20:10,  5.95s/it]
[1A 57%|█████▋    | 1067/1875 [1:47:00<1:20:57,  6.01s/it]
[1A 57%|█████▋    | 1068/1875 [1:47:06<1:20:32,  5.99s/it]
[1A 57%|█████▋    | 1069/1875 [1:47:12<1:20:56,  6.02s/it]
[1A 57%|█████▋    | 1070/1875 [1:47:18<1:20:28,  6.00s/it]
[1A 57%|█████▋    | 1071/1875 [1:47:24<1:20:08,  5.98s/it]
[1A 57%|█████▋    | 1072/1875 [1:47:30<1:20:52,  6.04s/it]
[1A 57%|█████▋    | 1073/1875 [1:47:36<1:20:23,  6.01s/it]
[1A 57%|█████▋    | 1074/1875 [1:47:42<1:20:57,  6.06s/it]
[1A 57%|█████▋    | 1075/1875 [1:47:48<1:20:20,  6.03s/it]
[1A 57%|█████▋    | 1076/1875 [1:47:54<1:20:23,  6.04s/it]
[1A 57%|█████▋    | 1077/1875 [1:48:00<1:20:50,  6.08s/it]
[1A 57%|█████▋    | 1078/1875 [1:48:06<1:21:02,  6.10s/it]
[1A 58%|█████▊    | 1079/1875 [1:48:12<1:21:15,  6.12s/it]
[1A 58%|█████▊    | 1080/1875 [1:48:18<1:20:24,  6.07s/it]
[1A 58%|█████▊    | 1081/1875 [1:48:25<1:21:38,  6.17s/it]
[1A 58%|█████▊    | 1082/1875 [1:48:31<1:21:33,  6.17s/it]
[1A 58%|█████▊    | 1083/1875 [1:48:37<1:21:00,  6.14s/it]
[1A 58%|█████▊    | 1084/1875 [1:48:43<1:21:02,  6.15s/it]
[1A 58%|█████▊    | 1085/1875 [1:48:49<1:21:02,  6.15s/it]
[1A 58%|█████▊    | 1086/1875 [1:48:55<1:20:04,  6.09s/it]
[1A 58%|█████▊    | 1087/1875 [1:49:01<1:19:22,  6.04s/it]
[1A 58%|█████▊    | 1088/1875 [1:49:07<1:19:45,  6.08s/it]
[1A 58%|█████▊    | 1089/1875 [1:49:13<1:19:27,  6.07s/it]
[1A 58%|█████▊    | 1090/1875 [1:49:20<1:19:47,  6.10s/it]
[1A 58%|█████▊    | 1091/1875 [1:49:26<1:19:58,  6.12s/it]
[1A 58%|█████▊    | 1092/1875 [1:49:32<1:19:10,  6.07s/it]
[1A 58%|█████▊    | 1093/1875 [1:49:38<1:19:29,  6.10s/it]
[1A 58%|█████▊    | 1094/1875 [1:49:44<1:19:38,  6.12s/it]
[1A 58%|█████▊    | 1095/1875 [1:49:50<1:18:52,  6.07s/it]
[1A 58%|█████▊    | 1096/1875 [1:49:56<1:18:38,  6.06s/it]
[1A 59%|█████▊    | 1097/1875 [1:50:02<1:18:58,  6.09s/it]
[1A 59%|█████▊    | 1098/1875 [1:50:08<1:18:16,  6.04s/it]
[1A 59%|█████▊    | 1099/1875 [1:50:14<1:17:46,  6.01s/it]
[1A 59%|█████▊    | 1100/1875 [1:50:20<1:17:19,  5.99s/it]
[1A                                                       
{'loss': '1.043', 'grad_norm': '0.328', 'learning_rate': '8.714e-05', 'entropy': '1.043', 'num_tokens': '1.796e+07', 'mean_token_accuracy': '0.7056', 'epoch': '0.5867'}
[1A
[1A 59%|█████▊    | 1100/1875 [1:50:20<1:17:19,  5.99s/it]
[1A 59%|█████▊    | 1101/1875 [1:50:26<1:17:57,  6.04s/it]
[1A 59%|█████▉    | 1102/1875 [1:50:32<1:17:26,  6.01s/it]
[1A 59%|█████▉    | 1103/1875 [1:50:38<1:17:27,  6.02s/it]
[1A 59%|█████▉    | 1104/1875 [1:50:44<1:17:01,  5.99s/it]
[1A 59%|█████▉    | 1105/1875 [1:50:50<1:17:37,  6.05s/it]
[1A 59%|█████▉    | 1106/1875 [1:50:56<1:17:08,  6.02s/it]
[1A 59%|█████▉    | 1107/1875 [1:51:02<1:16:42,  5.99s/it]
[1A 59%|█████▉    | 1108/1875 [1:51:08<1:16:26,  5.98s/it]
[1A 59%|█████▉    | 1109/1875 [1:51:14<1:16:08,  5.96s/it]
[1A 59%|█████▉    | 1110/1875 [1:51:20<1:17:08,  6.05s/it]
[1A 59%|█████▉    | 1111/1875 [1:51:26<1:16:38,  6.02s/it]
[1A 59%|█████▉    | 1112/1875 [1:51:32<1:16:13,  5.99s/it]
[1A 59%|█████▉    | 1113/1875 [1:51:38<1:15:55,  5.98s/it]
[1A 59%|█████▉    | 1114/1875 [1:51:44<1:16:32,  6.03s/it]
[1A 59%|█████▉    | 1115/1875 [1:51:50<1:16:57,  6.08s/it]
[1A 60%|█████▉    | 1116/1875 [1:51:56<1:16:21,  6.04s/it]
[1A 60%|█████▉    | 1117/1875 [1:52:02<1:16:13,  6.03s/it]
[1A 60%|█████▉    | 1118/1875 [1:52:08<1:16:36,  6.07s/it]
[1A 60%|█████▉    | 1119/1875 [1:52:15<1:16:52,  6.10s/it]
[1A 60%|█████▉    | 1120/1875 [1:52:21<1:16:09,  6.05s/it]
[1A 60%|█████▉    | 1121/1875 [1:52:27<1:16:29,  6.09s/it]
[1A 60%|█████▉    | 1122/1875 [1:52:33<1:15:51,  6.04s/it]
[1A 60%|█████▉    | 1123/1875 [1:52:39<1:15:23,  6.02s/it]
[1A 60%|█████▉    | 1124/1875 [1:52:45<1:15:52,  6.06s/it]
[1A 60%|██████    | 1125/1875 [1:52:51<1:15:17,  6.02s/it]
[1A 60%|██████    | 1126/1875 [1:52:57<1:16:36,  6.14s/it]
[1A 60%|██████    | 1127/1875 [1:53:03<1:15:46,  6.08s/it]
[1A 60%|██████    | 1128/1875 [1:53:09<1:16:03,  6.11s/it]
[1A 60%|██████    | 1129/1875 [1:53:15<1:15:21,  6.06s/it]
[1A 60%|██████    | 1130/1875 [1:53:21<1:15:11,  6.06s/it]
[1A 60%|██████    | 1131/1875 [1:53:27<1:14:39,  6.02s/it]
[1A 60%|██████    | 1132/1875 [1:53:33<1:14:15,  6.00s/it]
[1A 60%|██████    | 1133/1875 [1:53:39<1:14:49,  6.05s/it]
[1A 60%|██████    | 1134/1875 [1:53:45<1:14:19,  6.02s/it]
[1A 61%|██████    | 1135/1875 [1:53:51<1:13:55,  5.99s/it]
[1A 61%|██████    | 1136/1875 [1:53:57<1:13:38,  5.98s/it]
[1A 61%|██████    | 1137/1875 [1:54:03<1:13:46,  6.00s/it]
[1A 61%|██████    | 1138/1875 [1:54:09<1:13:28,  5.98s/it]
[1A 61%|██████    | 1139/1875 [1:54:15<1:14:08,  6.04s/it]
[1A 61%|██████    | 1140/1875 [1:54:21<1:13:38,  6.01s/it]
[1A 61%|██████    | 1141/1875 [1:54:27<1:13:15,  5.99s/it]
[1A 61%|██████    | 1142/1875 [1:54:33<1:13:49,  6.04s/it]
[1A 61%|██████    | 1143/1875 [1:54:39<1:13:18,  6.01s/it]
[1A 61%|██████    | 1144/1875 [1:54:45<1:13:29,  6.03s/it]
[1A 61%|██████    | 1145/1875 [1:54:51<1:13:01,  6.00s/it]
[1A 61%|██████    | 1146/1875 [1:54:57<1:12:41,  5.98s/it]
[1A 61%|██████    | 1147/1875 [1:55:03<1:12:25,  5.97s/it]
[1A 61%|██████    | 1148/1875 [1:55:09<1:13:01,  6.03s/it]
[1A 61%|██████▏   | 1149/1875 [1:55:15<1:12:36,  6.00s/it]
[1A 61%|██████▏   | 1150/1875 [1:55:21<1:12:17,  5.98s/it]
[1A                                                       
{'loss': '1.052', 'grad_norm': '0.3053', 'learning_rate': '8.153e-05', 'entropy': '1.053', 'num_tokens': '1.877e+07', 'mean_token_accuracy': '0.7035', 'epoch': '0.6133'}
[1A
[1A 61%|██████▏   | 1150/1875 [1:55:21<1:12:17,  5.98s/it]
[1A 61%|██████▏   | 1151/1875 [1:55:28<1:13:19,  6.08s/it]
[1A 61%|██████▏   | 1152/1875 [1:55:33<1:12:41,  6.03s/it]
[1A 61%|██████▏   | 1153/1875 [1:55:40<1:13:06,  6.07s/it]
[1A 62%|██████▏   | 1154/1875 [1:55:46<1:13:18,  6.10s/it]
[1A 62%|██████▏   | 1155/1875 [1:55:52<1:12:33,  6.05s/it]
[1A 62%|██████▏   | 1156/1875 [1:55:58<1:12:53,  6.08s/it]
[1A 62%|██████▏   | 1157/1875 [1:56:04<1:12:16,  6.04s/it]
[1A 62%|██████▏   | 1158/1875 [1:56:10<1:12:06,  6.03s/it]
[1A 62%|██████▏   | 1159/1875 [1:56:16<1:11:38,  6.00s/it]
[1A 62%|██████▏   | 1160/1875 [1:56:22<1:11:17,  5.98s/it]
[1A 62%|██████▏   | 1161/1875 [1:56:28<1:11:01,  5.97s/it]
[1A 62%|██████▏   | 1162/1875 [1:56:34<1:10:49,  5.96s/it]
[1A 62%|██████▏   | 1163/1875 [1:56:40<1:10:39,  5.95s/it]
[1A 62%|██████▏   | 1164/1875 [1:56:45<1:10:26,  5.94s/it]
[1A 62%|██████▏   | 1165/1875 [1:56:51<1:10:38,  5.97s/it]
[1A 62%|██████▏   | 1166/1875 [1:56:57<1:10:26,  5.96s/it]
[1A 62%|██████▏   | 1167/1875 [1:57:03<1:10:16,  5.95s/it]
[1A 62%|██████▏   | 1168/1875 [1:57:09<1:10:07,  5.95s/it]
[1A 62%|██████▏   | 1169/1875 [1:57:15<1:09:59,  5.95s/it]
[1A 62%|██████▏   | 1170/1875 [1:57:21<1:09:57,  5.95s/it]
[1A 62%|██████▏   | 1171/1875 [1:57:27<1:09:50,  5.95s/it]
[1A 63%|██████▎   | 1172/1875 [1:57:33<1:10:17,  6.00s/it]
[1A 63%|██████▎   | 1173/1875 [1:57:39<1:10:45,  6.05s/it]
[1A 63%|██████▎   | 1174/1875 [1:57:45<1:10:17,  6.02s/it]
[1A 63%|██████▎   | 1175/1875 [1:57:51<1:09:53,  5.99s/it]
[1A 63%|██████▎   | 1176/1875 [1:57:57<1:10:22,  6.04s/it]
[1A 63%|██████▎   | 1177/1875 [1:58:03<1:09:55,  6.01s/it]
[1A 63%|██████▎   | 1178/1875 [1:58:09<1:09:33,  5.99s/it]
[1A 63%|██████▎   | 1179/1875 [1:58:15<1:09:45,  6.01s/it]
[1A 63%|██████▎   | 1180/1875 [1:58:21<1:09:24,  5.99s/it]
[1A 63%|██████▎   | 1181/1875 [1:58:27<1:09:11,  5.98s/it]
[1A 63%|██████▎   | 1182/1875 [1:58:33<1:08:55,  5.97s/it]
[1A 63%|██████▎   | 1183/1875 [1:58:39<1:08:46,  5.96s/it]
[1A 63%|██████▎   | 1184/1875 [1:58:45<1:08:35,  5.96s/it]
[1A 63%|██████▎   | 1185/1875 [1:58:51<1:08:26,  5.95s/it]
[1A 63%|██████▎   | 1186/1875 [1:58:57<1:08:39,  5.98s/it]
[1A 63%|██████▎   | 1187/1875 [1:59:03<1:08:26,  5.97s/it]
[1A 63%|██████▎   | 1188/1875 [1:59:09<1:09:02,  6.03s/it]
[1A 63%|██████▎   | 1189/1875 [1:59:15<1:09:29,  6.08s/it]
[1A 63%|██████▎   | 1190/1875 [1:59:22<1:09:44,  6.11s/it]
[1A 64%|██████▎   | 1191/1875 [1:59:28<1:09:03,  6.06s/it]
[1A 64%|██████▎   | 1192/1875 [1:59:33<1:08:30,  6.02s/it]
[1A 64%|██████▎   | 1193/1875 [1:59:40<1:10:04,  6.17s/it]
[1A 64%|██████▎   | 1194/1875 [1:59:46<1:09:59,  6.17s/it]
[1A 64%|██████▎   | 1195/1875 [1:59:52<1:09:53,  6.17s/it]
[1A 64%|██████▍   | 1196/1875 [1:59:58<1:09:02,  6.10s/it]
[1A 64%|██████▍   | 1197/1875 [2:00:04<1:08:22,  6.05s/it]
[1A 64%|██████▍   | 1198/1875 [2:00:10<1:07:52,  6.02s/it]
[1A 64%|██████▍   | 1199/1875 [2:00:16<1:07:32,  5.99s/it]
[1A 64%|██████▍   | 1200/1875 [2:00:22<1:07:49,  6.03s/it]                                                       
{'loss': '1.045', 'grad_norm': '0.291', 'learning_rate': '7.591e-05', 'entropy': '1.046', 'num_tokens': '1.959e+07', 'mean_token_accuracy': '0.7062', 'epoch': '0.64'}
[1A
[1A 64%|██████▍   | 1200/1875 [2:00:22<1:07:49,  6.03s/it]
[1A 64%|██████▍   | 1201/1875 [2:00:28<1:08:12,  6.07s/it]
[1A 64%|██████▍   | 1202/1875 [2:00:34<1:07:39,  6.03s/it]
[1A 64%|██████▍   | 1203/1875 [2:00:40<1:08:03,  6.08s/it]
[1A 64%|██████▍   | 1204/1875 [2:00:46<1:07:29,  6.04s/it]
[1A 64%|██████▍   | 1205/1875 [2:00:53<1:07:50,  6.07s/it]
[1A 64%|██████▍   | 1206/1875 [2:00:59<1:08:04,  6.11s/it]
[1A 64%|██████▍   | 1207/1875 [2:01:05<1:07:50,  6.09s/it]
[1A 64%|██████▍   | 1208/1875 [2:01:11<1:07:15,  6.05s/it]
[1A 64%|██████▍   | 1209/1875 [2:01:17<1:06:47,  6.02s/it]
[1A 65%|██████▍   | 1210/1875 [2:01:23<1:06:25,  5.99s/it]
[1A 65%|██████▍   | 1211/1875 [2:01:29<1:06:08,  5.98s/it]
[1A 65%|██████▍   | 1212/1875 [2:01:35<1:05:55,  5.97s/it]
[1A 65%|██████▍   | 1213/1875 [2:01:40<1:05:45,  5.96s/it]
[1A 65%|██████▍   | 1214/1875 [2:01:47<1:07:26,  6.12s/it]
[1A 65%|██████▍   | 1215/1875 [2:01:53<1:06:42,  6.06s/it]
[1A 65%|██████▍   | 1216/1875 [2:01:59<1:06:11,  6.03s/it]
[1A 65%|██████▍   | 1217/1875 [2:02:05<1:05:48,  6.00s/it]
[1A 65%|██████▍   | 1218/1875 [2:02:11<1:05:29,  5.98s/it]
[1A 65%|██████▌   | 1219/1875 [2:02:17<1:05:17,  5.97s/it]
[1A 65%|██████▌   | 1220/1875 [2:02:23<1:05:27,  6.00s/it]
[1A 65%|██████▌   | 1221/1875 [2:02:29<1:05:12,  5.98s/it]
[1A 65%|██████▌   | 1222/1875 [2:02:35<1:04:55,  5.97s/it]
[1A 65%|██████▌   | 1223/1875 [2:02:41<1:04:42,  5.95s/it]
[1A 65%|██████▌   | 1224/1875 [2:02:47<1:05:19,  6.02s/it]
[1A 65%|██████▌   | 1225/1875 [2:02:53<1:04:53,  5.99s/it]
[1A 65%|██████▌   | 1226/1875 [2:02:59<1:04:36,  5.97s/it]
[1A 65%|██████▌   | 1227/1875 [2:03:05<1:04:43,  5.99s/it]
[1A 65%|██████▌   | 1228/1875 [2:03:11<1:04:29,  5.98s/it]
[1A 66%|██████▌   | 1229/1875 [2:03:16<1:04:19,  5.97s/it]
[1A 66%|██████▌   | 1230/1875 [2:03:22<1:04:06,  5.96s/it]
[1A 66%|██████▌   | 1231/1875 [2:03:28<1:03:56,  5.96s/it]
[1A 66%|██████▌   | 1232/1875 [2:03:34<1:03:49,  5.95s/it]
[1A 66%|██████▌   | 1233/1875 [2:03:41<1:05:11,  6.09s/it]
[1A 66%|██████▌   | 1234/1875 [2:03:47<1:04:57,  6.08s/it]
[1A 66%|██████▌   | 1235/1875 [2:03:53<1:05:09,  6.11s/it]
[1A 66%|██████▌   | 1236/1875 [2:03:59<1:05:18,  6.13s/it]
[1A 66%|██████▌   | 1237/1875 [2:04:05<1:04:34,  6.07s/it]
[1A 66%|██████▌   | 1238/1875 [2:04:11<1:04:03,  6.03s/it]
[1A 66%|██████▌   | 1239/1875 [2:04:17<1:03:39,  6.01s/it]
[1A 66%|██████▌   | 1240/1875 [2:04:23<1:03:21,  5.99s/it]
[1A 66%|██████▌   | 1241/1875 [2:04:29<1:03:24,  6.00s/it]
[1A 66%|██████▌   | 1242/1875 [2:04:35<1:03:07,  5.98s/it]
[1A 66%|██████▋   | 1243/1875 [2:04:41<1:02:52,  5.97s/it]
[1A 66%|██████▋   | 1244/1875 [2:04:47<1:02:41,  5.96s/it]
[1A 66%|██████▋   | 1245/1875 [2:04:53<1:02:32,  5.96s/it]
[1A 66%|██████▋   | 1246/1875 [2:04:59<1:02:22,  5.95s/it]
[1A 67%|██████▋   | 1247/1875 [2:05:05<1:02:58,  6.02s/it]
[1A 67%|██████▋   | 1248/1875 [2:05:11<1:03:00,  6.03s/it]
[1A 67%|██████▋   | 1249/1875 [2:05:17<1:02:35,  6.00s/it]
[1A 67%|██████▋   | 1250/1875 [2:05:23<1:02:17,  5.98s/it]
[1A                                                       
{'loss': '1.047', 'grad_norm': '0.3122', 'learning_rate': '7.03e-05', 'entropy': '1.046', 'num_tokens': '2.04e+07', 'mean_token_accuracy': '0.7058', 'epoch': '0.6667'}
[1A
[1A 67%|██████▋   | 1250/1875 [2:05:23<1:02:17,  5.98s/it]
[1A 67%|██████▋   | 1251/1875 [2:05:29<1:02:04,  5.97s/it]
[1A 67%|██████▋   | 1252/1875 [2:05:35<1:01:50,  5.96s/it]
[1A 67%|██████▋   | 1253/1875 [2:05:41<1:01:42,  5.95s/it]
[1A 67%|██████▋   | 1254/1875 [2:05:47<1:02:15,  6.02s/it]
[1A 67%|██████▋   | 1255/1875 [2:05:53<1:02:39,  6.06s/it]
[1A 67%|██████▋   | 1256/1875 [2:05:59<1:02:52,  6.09s/it]
[1A 67%|██████▋   | 1257/1875 [2:06:05<1:02:16,  6.05s/it]
[1A 67%|██████▋   | 1258/1875 [2:06:11<1:01:49,  6.01s/it]
[1A 67%|██████▋   | 1259/1875 [2:06:17<1:02:13,  6.06s/it]
[1A 67%|██████▋   | 1260/1875 [2:06:23<1:02:28,  6.10s/it]
[1A 67%|██████▋   | 1261/1875 [2:06:29<1:02:12,  6.08s/it]
[1A 67%|██████▋   | 1262/1875 [2:06:35<1:01:39,  6.04s/it]
[1A 67%|██████▋   | 1263/1875 [2:06:41<1:01:20,  6.01s/it]
[1A 67%|██████▋   | 1264/1875 [2:06:48<1:02:25,  6.13s/it]
[1A 67%|██████▋   | 1265/1875 [2:06:54<1:01:44,  6.07s/it]
[1A 68%|██████▊   | 1266/1875 [2:06:59<1:01:12,  6.03s/it]
[1A 68%|██████▊   | 1267/1875 [2:07:05<1:00:50,  6.00s/it]
[1A 68%|██████▊   | 1268/1875 [2:07:12<1:01:29,  6.08s/it]
[1A 68%|██████▊   | 1269/1875 [2:07:18<1:00:54,  6.03s/it]
[1A 68%|██████▊   | 1270/1875 [2:07:24<1:01:14,  6.07s/it]
[1A 68%|██████▊   | 1271/1875 [2:07:30<1:00:43,  6.03s/it]
[1A 68%|██████▊   | 1272/1875 [2:07:36<1:00:20,  6.00s/it]
[1A 68%|██████▊   | 1273/1875 [2:07:42<1:00:03,  5.99s/it]
[1A 68%|██████▊   | 1274/1875 [2:07:48<59:50,  5.97s/it]  
[1A 68%|██████▊   | 1275/1875 [2:07:54<1:00:09,  6.02s/it]
[1A 68%|██████▊   | 1276/1875 [2:08:00<1:00:29,  6.06s/it]
[1A 68%|██████▊   | 1277/1875 [2:08:06<1:00:03,  6.03s/it]
[1A 68%|██████▊   | 1278/1875 [2:08:12<1:00:22,  6.07s/it]
[1A 68%|██████▊   | 1279/1875 [2:08:18<59:54,  6.03s/it]  
[1A 68%|██████▊   | 1280/1875 [2:08:24<59:30,  6.00s/it]
[1A 68%|██████▊   | 1281/1875 [2:08:30<59:16,  5.99s/it]
[1A 68%|██████▊   | 1282/1875 [2:08:36<59:20,  6.00s/it]
[1A 68%|██████▊   | 1283/1875 [2:08:42<59:03,  5.99s/it]
[1A 68%|██████▊   | 1284/1875 [2:08:48<58:48,  5.97s/it]
[1A 69%|██████▊   | 1285/1875 [2:08:54<58:38,  5.96s/it]
[1A 69%|██████▊   | 1286/1875 [2:09:00<58:29,  5.96s/it]
[1A 69%|██████▊   | 1287/1875 [2:09:06<58:20,  5.95s/it]
[1A 69%|██████▊   | 1288/1875 [2:09:11<58:13,  5.95s/it]
[1A 69%|██████▊   | 1289/1875 [2:09:18<59:01,  6.04s/it]
[1A 69%|██████▉   | 1290/1875 [2:09:24<58:38,  6.01s/it]
[1A 69%|██████▉   | 1291/1875 [2:09:30<58:19,  5.99s/it]
[1A 69%|██████▉   | 1292/1875 [2:09:36<58:02,  5.97s/it]
[1A 69%|██████▉   | 1293/1875 [2:09:42<58:32,  6.04s/it]
[1A 69%|██████▉   | 1294/1875 [2:09:48<58:10,  6.01s/it]
[1A 69%|██████▉   | 1295/1875 [2:09:54<57:50,  5.98s/it]
[1A 69%|██████▉   | 1296/1875 [2:10:00<58:31,  6.06s/it]
[1A 69%|██████▉   | 1297/1875 [2:10:06<59:24,  6.17s/it]
[1A 69%|██████▉   | 1298/1875 [2:10:12<58:38,  6.10s/it]
[1A 69%|██████▉   | 1299/1875 [2:10:18<58:02,  6.05s/it]
[1A 69%|██████▉   | 1300/1875 [2:10:24<58:18,  6.08s/it]                                                     
{'loss': '1.045', 'grad_norm': '0.3101', 'learning_rate': '6.468e-05', 'entropy': '1.046', 'num_tokens': '2.122e+07', 'mean_token_accuracy': '0.7062', 'epoch': '0.6933'}
[1A
[1A 69%|██████▉   | 1300/1875 [2:10:24<58:18,  6.08s/it]
[1A 69%|██████▉   | 1301/1875 [2:10:30<57:44,  6.04s/it]
[1A 69%|██████▉   | 1302/1875 [2:10:36<57:21,  6.01s/it]
[1A 69%|██████▉   | 1303/1875 [2:10:42<58:10,  6.10s/it]
[1A 70%|██████▉   | 1304/1875 [2:10:49<58:14,  6.12s/it]
[1A 70%|██████▉   | 1305/1875 [2:10:55<57:35,  6.06s/it]
[1A 70%|██████▉   | 1306/1875 [2:11:01<57:11,  6.03s/it]
[1A 70%|██████▉   | 1307/1875 [2:11:06<56:49,  6.00s/it]
[1A 70%|██████▉   | 1308/1875 [2:11:12<56:34,  5.99s/it]
[1A 70%|██████▉   | 1309/1875 [2:11:18<56:19,  5.97s/it]
[1A 70%|██████▉   | 1310/1875 [2:11:24<56:29,  6.00s/it]
[1A 70%|██████▉   | 1311/1875 [2:11:30<56:16,  5.99s/it]
[1A 70%|██████▉   | 1312/1875 [2:11:36<56:02,  5.97s/it]
[1A 70%|███████   | 1313/1875 [2:11:42<55:50,  5.96s/it]
[1A 70%|███████   | 1314/1875 [2:11:48<55:40,  5.95s/it]
[1A 70%|███████   | 1315/1875 [2:11:54<56:10,  6.02s/it]
[1A 70%|███████   | 1316/1875 [2:12:00<55:51,  6.00s/it]
[1A 70%|███████   | 1317/1875 [2:12:06<55:51,  6.01s/it]
[1A 70%|███████   | 1318/1875 [2:12:12<55:33,  5.98s/it]
[1A 70%|███████   | 1319/1875 [2:12:18<55:19,  5.97s/it]
[1A 70%|███████   | 1320/1875 [2:12:24<55:08,  5.96s/it]
[1A 70%|███████   | 1321/1875 [2:12:30<55:00,  5.96s/it]
[1A 71%|███████   | 1322/1875 [2:12:36<55:31,  6.02s/it]
[1A 71%|███████   | 1323/1875 [2:12:42<55:10,  6.00s/it]
[1A 71%|███████   | 1324/1875 [2:12:48<55:49,  6.08s/it]
[1A 71%|███████   | 1325/1875 [2:12:54<55:20,  6.04s/it]
[1A 71%|███████   | 1326/1875 [2:13:01<56:12,  6.14s/it]
[1A 71%|███████   | 1327/1875 [2:13:07<55:31,  6.08s/it]
[1A 71%|███████   | 1328/1875 [2:13:13<55:37,  6.10s/it]
[1A 71%|███████   | 1329/1875 [2:13:19<55:41,  6.12s/it]
[1A 71%|███████   | 1330/1875 [2:13:25<55:04,  6.06s/it]
[1A 71%|███████   | 1331/1875 [2:13:31<55:43,  6.15s/it]
[1A 71%|███████   | 1332/1875 [2:13:37<55:42,  6.16s/it]
[1A 71%|███████   | 1333/1875 [2:13:43<55:00,  6.09s/it]
[1A 71%|███████   | 1334/1875 [2:13:49<54:30,  6.05s/it]
[1A 71%|███████   | 1335/1875 [2:13:55<54:05,  6.01s/it]
[1A 71%|███████▏  | 1336/1875 [2:14:01<53:47,  5.99s/it]
[1A 71%|███████▏  | 1337/1875 [2:14:07<53:32,  5.97s/it]
[1A 71%|███████▏  | 1338/1875 [2:14:13<54:16,  6.07s/it]
[1A 71%|███████▏  | 1339/1875 [2:14:19<53:49,  6.02s/it]
[1A 71%|███████▏  | 1340/1875 [2:14:26<54:08,  6.07s/it]
[1A 72%|███████▏  | 1341/1875 [2:14:31<53:42,  6.03s/it]
[1A 72%|███████▏  | 1342/1875 [2:14:37<53:19,  6.00s/it]
[1A 72%|███████▏  | 1343/1875 [2:14:43<53:00,  5.98s/it]
[1A 72%|███████▏  | 1344/1875 [2:14:49<52:48,  5.97s/it]
[1A 72%|███████▏  | 1345/1875 [2:14:55<52:52,  5.99s/it]
[1A 72%|███████▏  | 1346/1875 [2:15:01<52:39,  5.97s/it]
[1A 72%|███████▏  | 1347/1875 [2:15:07<52:28,  5.96s/it]
[1A 72%|███████▏  | 1348/1875 [2:15:13<52:20,  5.96s/it]
[1A 72%|███████▏  | 1349/1875 [2:15:19<52:47,  6.02s/it]
[1A 72%|███████▏  | 1350/1875 [2:15:25<52:28,  6.00s/it]
[1A                                                     
{'loss': '1.03', 'grad_norm': '0.33', 'learning_rate': '5.907e-05', 'entropy': '1.032', 'num_tokens': '2.204e+07', 'mean_token_accuracy': '0.7088', 'epoch': '0.72'}
[1A
[1A 72%|███████▏  | 1350/1875 [2:15:25<52:28,  6.00s/it]
[1A 72%|███████▏  | 1351/1875 [2:15:31<52:28,  6.01s/it]
[1A 72%|███████▏  | 1352/1875 [2:15:37<52:45,  6.05s/it]
[1A 72%|███████▏  | 1353/1875 [2:15:43<52:22,  6.02s/it]
[1A 72%|███████▏  | 1354/1875 [2:15:49<52:03,  5.99s/it]
[1A 72%|███████▏  | 1355/1875 [2:15:55<52:23,  6.04s/it]
[1A 72%|███████▏  | 1356/1875 [2:16:01<52:00,  6.01s/it]
[1A 72%|███████▏  | 1357/1875 [2:16:08<52:19,  6.06s/it]
[1A 72%|███████▏  | 1358/1875 [2:16:14<52:08,  6.05s/it]
[1A 72%|███████▏  | 1359/1875 [2:16:20<51:44,  6.02s/it]
[1A 73%|███████▎  | 1360/1875 [2:16:25<51:25,  5.99s/it]
[1A 73%|███████▎  | 1361/1875 [2:16:31<51:10,  5.97s/it]
[1A 73%|███████▎  | 1362/1875 [2:16:37<50:59,  5.96s/it]
[1A 73%|███████▎  | 1363/1875 [2:16:43<50:49,  5.96s/it]
[1A 73%|███████▎  | 1364/1875 [2:16:49<50:38,  5.95s/it]
[1A 73%|███████▎  | 1365/1875 [2:16:55<50:47,  5.98s/it]
[1A 73%|███████▎  | 1366/1875 [2:17:01<50:35,  5.96s/it]
[1A 73%|███████▎  | 1367/1875 [2:17:07<50:58,  6.02s/it]
[1A 73%|███████▎  | 1368/1875 [2:17:14<51:15,  6.07s/it]
[1A 73%|███████▎  | 1369/1875 [2:17:19<50:49,  6.03s/it]
[1A 73%|███████▎  | 1370/1875 [2:17:25<50:28,  6.00s/it]
[1A 73%|███████▎  | 1371/1875 [2:17:31<50:12,  5.98s/it]
[modal-client] 2026-05-07T02:37:08-0500 Loop attempt for _run_app.<locals>.heartbeat failed
Traceback (most recent call last):
  File "C:\Users\benja\Documents\slm_learning\.venv\Lib\site-packages\grpclib\client.py", line 174, in send_request
    protocol = await self._channel.__connect__()
               ^^^^^^^^^^^^^^^^^^^^^^^^^^^^^^^^^
  File "C:\Users\benja\Documents\slm_learning\.venv\Lib\site-packages\grpclib\client.py", line 744, in __connect__
    async with self._connect_lock:
               ^^^^^^^^^^^^^^^^^^
  File "C:\Python314\Lib\asyncio\locks.py", line 14, in __aenter__
    await self.acquire()
  File "C:\Python314\Lib\asyncio\locks.py", line 110, in acquire
    await fut
asyncio.exceptions.CancelledError

During handling of the above exception, another exception occurred:

Traceback (most recent call last):
  File "C:\Users\benja\Documents\slm_learning\.venv\Lib\site-packages\modal\_grpc_client.py", line 158, in direct
    return await self.client._call_unary(self.wrapped_method, req, timeout=timeout, metadata=metadata)
           ^^^^^^^^^^^^^^^^^^^^^^^^^^^^^^^^^^^^^^^^^^^^^^^^^^^^^^^^^^^^^^^^^^^^^^^^^^^^^^^^^^^^^^^^^^^
  File "C:\Users\benja\Documents\slm_learning\.venv\Lib\site-packages\modal\client.py", line 347, in _call_unary
    return await self._call_safely(coro, grpclib_method.name)
           ^^^^^^^^^^^^^^^^^^^^^^^^^^^^^^^^^^^^^^^^^^^^^^^^^^
  File "C:\Users\benja\Documents\slm_learning\.venv\Lib\site-packages\modal\client.py", line 304, in _call_safely
    return await request_task
           ^^^^^^^^^^^^^^^^^^
  File "C:\Users\benja\Documents\slm_learning\.venv\Lib\site-packages\grpclib\client.py", line 912, in __call__
    await stream.send_message(message, end=True)
  File "C:\Users\benja\Documents\slm_learning\.venv\Lib\site-packages\grpclib\client.py", line 242, in send_message
    await self.send_request()
  File "C:\Users\benja\Documents\slm_learning\.venv\Lib\site-packages\grpclib\client.py", line 173, in send_request
    with self._wrapper:
         ^^^^^^^^^^^^^
  File "C:\Users\benja\Documents\slm_learning\.venv\Lib\site-packages\grpclib\utils.py", line 70, in __exit__
    raise self._error
TimeoutError: Deadline exceeded

During handling of the above exception, another exception occurred:

Traceback (most recent call last):
  File "C:\Users\benja\Documents\slm_learning\.venv\Lib\site-packages\modal\_utils\async_utils.py", line 574, in loop_coro
    await asyncio.wait_for(async_f(), timeout=timeout)
  File "C:\Python314\Lib\asyncio\tasks.py", line 488, in wait_for
    return await fut
           ^^^^^^^^^
  File "C:\Users\benja\Documents\slm_learning\.venv\Lib\site-packages\modal\runner.py", line 66, in _heartbeat
    await client.stub.AppHeartbeat(request, retry=Retry(attempt_timeout=HEARTBEAT_TIMEOUT))
modal.exception.ConnectionError: Deadline exceeded
[1A 73%|███████▎  | 1372/1875 [2:17:37<50:12,  5.99s/it]
[1A 73%|███████▎  | 1373/1875 [2:17:43<49:59,  5.98s/it]
[1A 73%|███████▎  | 1374/1875 [2:17:49<49:47,  5.96s/it]
[1A 73%|███████▎  | 1375/1875 [2:17:55<49:36,  5.95s/it]
[1A 73%|███████▎  | 1376/1875 [2:18:01<49:29,  5.95s/it]
[1A 73%|███████▎  | 1377/1875 [2:18:07<49:23,  5.95s/it]
[1A 73%|███████▎  | 1378/1875 [2:18:13<49:53,  6.02s/it]
[1A 74%|███████▎  | 1379/1875 [2:18:19<49:48,  6.02s/it]
[1A 74%|███████▎  | 1380/1875 [2:18:25<49:27,  6.00s/it]
[1A 74%|███████▎  | 1381/1875 [2:18:31<49:15,  5.98s/it]
[1A 74%|███████▎  | 1382/1875 [2:18:37<49:35,  6.04s/it]
[1A 74%|███████▍  | 1383/1875 [2:18:43<49:14,  6.01s/it]
[1A 74%|███████▍  | 1384/1875 [2:18:49<48:58,  5.98s/it]
[1A 74%|███████▍  | 1385/1875 [2:18:55<48:44,  5.97s/it]
[1A 74%|███████▍  | 1386/1875 [2:19:01<49:05,  6.02s/it]
[1A 74%|███████▍  | 1387/1875 [2:19:07<48:45,  5.99s/it]
[1A 74%|███████▍  | 1388/1875 [2:19:13<49:04,  6.05s/it]
[1A 74%|███████▍  | 1389/1875 [2:19:19<48:43,  6.02s/it]
[1A 74%|███████▍  | 1390/1875 [2:19:25<48:25,  5.99s/it]
[1A 74%|███████▍  | 1391/1875 [2:19:31<48:46,  6.05s/it]
[1A 74%|███████▍  | 1392/1875 [2:19:37<48:41,  6.05s/it]
[1A 74%|███████▍  | 1393/1875 [2:19:43<48:19,  6.02s/it]
[1A 74%|███████▍  | 1394/1875 [2:19:50<49:09,  6.13s/it]
[1A 74%|███████▍  | 1395/1875 [2:19:56<48:33,  6.07s/it]
[1A 74%|███████▍  | 1396/1875 [2:20:02<48:09,  6.03s/it]
[1A 75%|███████▍  | 1397/1875 [2:20:08<47:48,  6.00s/it]
[1A 75%|███████▍  | 1398/1875 [2:20:14<47:32,  5.98s/it]
[1A 75%|███████▍  | 1399/1875 [2:20:20<47:34,  6.00s/it]
[1A 75%|███████▍  | 1400/1875 [2:20:25<47:18,  5.98s/it]                                                     
{'loss': '1.029', 'grad_norm': '0.33', 'learning_rate': '5.345e-05', 'entropy': '1.029', 'num_tokens': '2.285e+07', 'mean_token_accuracy': '0.7084', 'epoch': '0.7467'}
[1A
[1A 75%|███████▍  | 1400/1875 [2:20:25<47:18,  5.98s/it]
[1A 75%|███████▍  | 1401/1875 [2:20:31<47:06,  5.96s/it]
[1A 75%|███████▍  | 1402/1875 [2:20:37<46:56,  5.95s/it]
[1A 75%|███████▍  | 1403/1875 [2:20:44<47:22,  6.02s/it]
[1A 75%|███████▍  | 1404/1875 [2:20:49<47:05,  6.00s/it]
[1A 75%|███████▍  | 1405/1875 [2:20:55<46:51,  5.98s/it]
[1A 75%|███████▍  | 1406/1875 [2:21:02<46:59,  6.01s/it]
[1A 75%|███████▌  | 1407/1875 [2:21:08<47:15,  6.06s/it]
[1A 75%|███████▌  | 1408/1875 [2:21:14<47:26,  6.09s/it]
[1A 75%|███████▌  | 1409/1875 [2:21:20<47:31,  6.12s/it]
[1A 75%|███████▌  | 1410/1875 [2:21:26<47:32,  6.13s/it]
[1A 75%|███████▌  | 1411/1875 [2:21:32<46:59,  6.08s/it]
[1A 75%|███████▌  | 1412/1875 [2:21:38<47:06,  6.10s/it]
[1A 75%|███████▌  | 1413/1875 [2:21:44<46:47,  6.08s/it]
[1A 75%|███████▌  | 1414/1875 [2:21:50<46:21,  6.03s/it]
[1A 75%|███████▌  | 1415/1875 [2:21:56<46:03,  6.01s/it]
[1A 76%|███████▌  | 1416/1875 [2:22:02<45:47,  5.98s/it]
[1A 76%|███████▌  | 1417/1875 [2:22:08<45:36,  5.98s/it]
[1A 76%|███████▌  | 1418/1875 [2:22:14<45:25,  5.96s/it]
[1A 76%|███████▌  | 1419/1875 [2:22:20<45:15,  5.95s/it]
[1A 76%|███████▌  | 1420/1875 [2:22:26<45:21,  5.98s/it]
[1A 76%|███████▌  | 1421/1875 [2:22:32<45:08,  5.97s/it]
[1A 76%|███████▌  | 1422/1875 [2:22:38<45:00,  5.96s/it]
[1A 76%|███████▌  | 1423/1875 [2:22:44<45:24,  6.03s/it]
[1A 76%|███████▌  | 1424/1875 [2:22:50<45:09,  6.01s/it]
[1A 76%|███████▌  | 1425/1875 [2:22:56<44:53,  5.98s/it]
[1A 76%|███████▌  | 1426/1875 [2:23:02<44:40,  5.97s/it]
[1A 76%|███████▌  | 1427/1875 [2:23:08<44:43,  5.99s/it]
[1A 76%|███████▌  | 1428/1875 [2:23:14<45:02,  6.04s/it]
[1A 76%|███████▌  | 1429/1875 [2:23:20<44:41,  6.01s/it]
[1A 76%|███████▋  | 1430/1875 [2:23:26<44:26,  5.99s/it]
[1A 76%|███████▋  | 1431/1875 [2:23:32<44:13,  5.98s/it]
[1A 76%|███████▋  | 1432/1875 [2:23:38<44:05,  5.97s/it]
[1A 76%|███████▋  | 1433/1875 [2:23:44<43:57,  5.97s/it]
[1A 76%|███████▋  | 1434/1875 [2:23:50<44:10,  6.01s/it]
[1A 77%|███████▋  | 1435/1875 [2:23:56<43:54,  5.99s/it]
[1A 77%|███████▋  | 1436/1875 [2:24:02<43:42,  5.97s/it]
[1A 77%|███████▋  | 1437/1875 [2:24:08<44:02,  6.03s/it]
[1A 77%|███████▋  | 1438/1875 [2:24:14<43:44,  6.01s/it]
[1A 77%|███████▋  | 1439/1875 [2:24:20<43:29,  5.99s/it]
[1A 77%|███████▋  | 1440/1875 [2:24:26<43:18,  5.97s/it]
[1A 77%|███████▋  | 1441/1875 [2:24:32<43:23,  6.00s/it]
[1A 77%|███████▋  | 1442/1875 [2:24:38<43:11,  5.99s/it]
[1A 77%|███████▋  | 1443/1875 [2:24:44<43:00,  5.97s/it]
[1A 77%|███████▋  | 1444/1875 [2:24:50<42:50,  5.96s/it]
[1A 77%|███████▋  | 1445/1875 [2:24:56<43:42,  6.10s/it]
[1A 77%|███████▋  | 1446/1875 [2:25:02<43:47,  6.12s/it]
[1A 77%|███████▋  | 1447/1875 [2:25:08<43:18,  6.07s/it]
[1A 77%|███████▋  | 1448/1875 [2:25:14<43:10,  6.07s/it]
[1A 77%|███████▋  | 1449/1875 [2:25:20<42:47,  6.03s/it]
[1A 77%|███████▋  | 1450/1875 [2:25:26<42:29,  6.00s/it]
[1A                                                     
{'loss': '1.044', 'grad_norm': '0.3213', 'learning_rate': '4.784e-05', 'entropy': '1.045', 'num_tokens': '2.367e+07', 'mean_token_accuracy': '0.7065', 'epoch': '0.7733'}
[1A
[1A 77%|███████▋  | 1450/1875 [2:25:26<42:29,  6.00s/it]
[1A 77%|███████▋  | 1451/1875 [2:25:32<42:15,  5.98s/it]
[1A 77%|███████▋  | 1452/1875 [2:25:38<42:03,  5.97s/it]
[1A 77%|███████▋  | 1453/1875 [2:25:44<41:54,  5.96s/it]
[1A 78%|███████▊  | 1454/1875 [2:25:50<41:46,  5.95s/it]
[1A 78%|███████▊  | 1455/1875 [2:25:56<41:52,  5.98s/it]
[1A 78%|███████▊  | 1456/1875 [2:26:02<41:39,  5.96s/it]
[1A 78%|███████▊  | 1457/1875 [2:26:08<41:58,  6.02s/it]
[1A 78%|███████▊  | 1458/1875 [2:26:14<41:41,  6.00s/it]
[1A 78%|███████▊  | 1459/1875 [2:26:20<41:27,  5.98s/it]
[1A 78%|███████▊  | 1460/1875 [2:26:26<41:17,  5.97s/it]
[1A 78%|███████▊  | 1461/1875 [2:26:32<41:37,  6.03s/it]
[1A 78%|███████▊  | 1462/1875 [2:26:38<42:08,  6.12s/it]
[1A 78%|███████▊  | 1463/1875 [2:26:44<41:39,  6.07s/it]
[1A 78%|███████▊  | 1464/1875 [2:26:50<41:17,  6.03s/it]
[1A 78%|███████▊  | 1465/1875 [2:26:56<40:59,  6.00s/it]
[1A 78%|███████▊  | 1466/1875 [2:27:02<41:13,  6.05s/it]
[1A 78%|███████▊  | 1467/1875 [2:27:08<40:53,  6.01s/it]
[1A 78%|███████▊  | 1468/1875 [2:27:14<41:07,  6.06s/it]
[1A 78%|███████▊  | 1469/1875 [2:27:21<41:30,  6.13s/it]
[1A 78%|███████▊  | 1470/1875 [2:27:27<41:01,  6.08s/it]
[1A 78%|███████▊  | 1471/1875 [2:27:33<40:37,  6.03s/it]
[1A 79%|███████▊  | 1472/1875 [2:27:39<40:47,  6.07s/it]
[1A 79%|███████▊  | 1473/1875 [2:27:45<40:25,  6.03s/it]
[1A 79%|███████▊  | 1474/1875 [2:27:51<40:34,  6.07s/it]
[1A 79%|███████▊  | 1475/1875 [2:27:57<40:12,  6.03s/it]
[1A 79%|███████▊  | 1476/1875 [2:28:03<40:35,  6.10s/it]
[1A 79%|███████▉  | 1477/1875 [2:28:09<40:09,  6.05s/it]
[1A 79%|███████▉  | 1478/1875 [2:28:15<39:52,  6.03s/it]
[1A 79%|███████▉  | 1479/1875 [2:28:21<39:35,  6.00s/it]
[1A 79%|███████▉  | 1480/1875 [2:28:27<39:24,  5.99s/it]
[1A 79%|███████▉  | 1481/1875 [2:28:33<39:13,  5.97s/it]
[1A 79%|███████▉  | 1482/1875 [2:28:39<39:16,  6.00s/it]
[1A 79%|███████▉  | 1483/1875 [2:28:45<39:02,  5.98s/it]
[1A 79%|███████▉  | 1484/1875 [2:28:51<38:52,  5.97s/it]
[1A 79%|███████▉  | 1485/1875 [2:28:57<39:10,  6.03s/it]
[1A 79%|███████▉  | 1486/1875 [2:29:03<38:54,  6.00s/it]
[1A 79%|███████▉  | 1487/1875 [2:29:09<38:40,  5.98s/it]
[1A 79%|███████▉  | 1488/1875 [2:29:15<38:29,  5.97s/it]
[1A 79%|███████▉  | 1489/1875 [2:29:21<39:26,  6.13s/it]
[1A 79%|███████▉  | 1490/1875 [2:29:27<38:58,  6.07s/it]
[1A 80%|███████▉  | 1491/1875 [2:29:33<38:37,  6.03s/it]
[1A 80%|███████▉  | 1492/1875 [2:29:39<38:20,  6.01s/it]
[1A 80%|███████▉  | 1493/1875 [2:29:45<38:33,  6.06s/it]
[1A 80%|███████▉  | 1494/1875 [2:29:51<38:14,  6.02s/it]
[1A 80%|███████▉  | 1495/1875 [2:29:57<37:58,  6.00s/it]
[1A 80%|███████▉  | 1496/1875 [2:30:03<37:56,  6.01s/it]
[1A 80%|███████▉  | 1497/1875 [2:30:09<38:08,  6.05s/it]
[1A 80%|███████▉  | 1498/1875 [2:30:15<37:49,  6.02s/it]
[1A 80%|███████▉  | 1499/1875 [2:30:22<38:26,  6.13s/it]
[1A 80%|████████  | 1500/1875 [2:30:28<37:59,  6.08s/it]
[1A                                                     
{'loss': '1.031', 'grad_norm': '0.3098', 'learning_rate': '4.222e-05', 'entropy': '1.032', 'num_tokens': '2.448e+07', 'mean_token_accuracy': '0.7089', 'epoch': '0.8'}
[1A
[1A 80%|████████  | 1500/1875 [2:30:28<37:59,  6.08s/it]
[1A 80%|████████  | 1501/1875 [2:30:34<37:37,  6.04s/it]
[1A 80%|████████  | 1502/1875 [2:30:40<37:46,  6.08s/it]
[1A 80%|████████  | 1503/1875 [2:30:46<37:33,  6.06s/it]
[1A 80%|████████  | 1504/1875 [2:30:52<37:41,  6.09s/it]
[1A 80%|████████  | 1505/1875 [2:30:58<37:17,  6.05s/it]
[1A 80%|████████  | 1506/1875 [2:31:04<37:00,  6.02s/it]
[1A 80%|████████  | 1507/1875 [2:31:10<36:45,  5.99s/it]
[1A 80%|████████  | 1508/1875 [2:31:16<36:31,  5.97s/it]
[1A 80%|████████  | 1509/1875 [2:31:22<36:48,  6.03s/it]
[1A 81%|████████  | 1510/1875 [2:31:28<37:07,  6.10s/it]
[1A 81%|████████  | 1511/1875 [2:31:34<36:42,  6.05s/it]
[1A 81%|████████  | 1512/1875 [2:31:40<36:24,  6.02s/it]
[1A 81%|████████  | 1513/1875 [2:31:46<36:08,  5.99s/it]
[1A 81%|████████  | 1514/1875 [2:31:52<35:56,  5.97s/it]
[1A 81%|████████  | 1515/1875 [2:31:58<35:46,  5.96s/it]
[1A 81%|████████  | 1516/1875 [2:32:04<36:01,  6.02s/it]
[1A 81%|████████  | 1517/1875 [2:32:10<36:36,  6.13s/it]
[1A 81%|████████  | 1518/1875 [2:32:16<36:08,  6.07s/it]
[1A 81%|████████  | 1519/1875 [2:32:22<35:48,  6.04s/it]
[1A 81%|████████  | 1520/1875 [2:32:28<35:54,  6.07s/it]
[1A 81%|████████  | 1521/1875 [2:32:34<35:35,  6.03s/it]
[1A 81%|████████  | 1522/1875 [2:32:40<35:18,  6.00s/it]
[1A 81%|████████  | 1523/1875 [2:32:46<35:16,  6.01s/it]
[1A 81%|████████▏ | 1524/1875 [2:32:52<35:01,  5.99s/it]
[1A 81%|████████▏ | 1525/1875 [2:32:58<35:13,  6.04s/it]
[1A 81%|████████▏ | 1526/1875 [2:33:04<34:56,  6.01s/it]
[1A 81%|████████▏ | 1527/1875 [2:33:10<34:43,  5.99s/it]
[1A 81%|████████▏ | 1528/1875 [2:33:16<34:57,  6.04s/it]
[1A 82%|████████▏ | 1529/1875 [2:33:22<34:39,  6.01s/it]
[1A 82%|████████▏ | 1530/1875 [2:33:28<34:36,  6.02s/it]
[1A 82%|████████▏ | 1531/1875 [2:33:34<34:22,  6.00s/it]
[1A 82%|████████▏ | 1532/1875 [2:33:40<34:10,  5.98s/it]
[1A 82%|████████▏ | 1533/1875 [2:33:46<34:00,  5.97s/it]
[1A 82%|████████▏ | 1534/1875 [2:33:52<33:51,  5.96s/it]
[1A 82%|████████▏ | 1535/1875 [2:33:58<33:43,  5.95s/it]
[1A 82%|████████▏ | 1536/1875 [2:34:04<33:59,  6.02s/it]
[1A 82%|████████▏ | 1537/1875 [2:34:10<34:01,  6.04s/it]
[1A 82%|████████▏ | 1538/1875 [2:34:16<33:44,  6.01s/it]
[1A 82%|████████▏ | 1539/1875 [2:34:22<33:54,  6.05s/it]
[1A 82%|████████▏ | 1540/1875 [2:34:28<33:34,  6.01s/it]
[1A 82%|████████▏ | 1541/1875 [2:34:34<33:19,  5.99s/it]
[1A 82%|████████▏ | 1542/1875 [2:34:40<33:30,  6.04s/it]
[1A 82%|████████▏ | 1543/1875 [2:34:46<33:15,  6.01s/it]
[1A 82%|████████▏ | 1544/1875 [2:34:52<33:11,  6.02s/it]
[1A 82%|████████▏ | 1545/1875 [2:34:58<32:58,  5.99s/it]
[1A 82%|████████▏ | 1546/1875 [2:35:04<32:47,  5.98s/it]
[1A 83%|████████▎ | 1547/1875 [2:35:10<32:37,  5.97s/it]
[1A 83%|████████▎ | 1548/1875 [2:35:16<32:28,  5.96s/it]
[1A 83%|████████▎ | 1549/1875 [2:35:22<32:21,  5.96s/it]
{'loss': '1.02', 'grad_norm': '0.3481', 'learning_rate': '3.661e-05', 'entropy': '1.02', 'num_tokens': '2.53e+07', 'mean_token_accuracy': '0.7101', 'epoch': '0.8267'}
[1A 83%|████████▎ | 1550/1875 [2:35:28<32:14,  5.95s/it]                                                     
[1A 83%|████████▎ | 1550/1875 [2:35:28<32:14,  5.95s/it]
[1A 83%|████████▎ | 1551/1875 [2:35:34<32:15,  5.97s/it]
[1A 83%|████████▎ | 1552/1875 [2:35:40<32:05,  5.96s/it]
[1A 83%|████████▎ | 1553/1875 [2:35:46<31:58,  5.96s/it]
[1A 83%|████████▎ | 1554/1875 [2:35:52<31:50,  5.95s/it]
[1A 83%|████████▎ | 1555/1875 [2:35:58<31:41,  5.94s/it]
[1A 83%|████████▎ | 1556/1875 [2:36:04<31:35,  5.94s/it]
[1A 83%|████████▎ | 1557/1875 [2:36:10<31:29,  5.94s/it]
[1A 83%|████████▎ | 1558/1875 [2:36:16<31:33,  5.97s/it]
[1A 83%|████████▎ | 1559/1875 [2:36:22<31:25,  5.97s/it]
[1A 83%|████████▎ | 1560/1875 [2:36:28<31:16,  5.96s/it]
[1A 83%|████████▎ | 1561/1875 [2:36:34<31:30,  6.02s/it]
[1A 83%|████████▎ | 1562/1875 [2:36:40<31:15,  5.99s/it]
[1A 83%|████████▎ | 1563/1875 [2:36:46<31:28,  6.05s/it]
[1A 83%|████████▎ | 1564/1875 [2:36:52<31:11,  6.02s/it]
[1A 83%|████████▎ | 1565/1875 [2:36:58<31:13,  6.04s/it]
[1A 84%|████████▎ | 1566/1875 [2:37:04<30:59,  6.02s/it]
[1A 84%|████████▎ | 1567/1875 [2:37:10<31:07,  6.06s/it]
[1A 84%|████████▎ | 1568/1875 [2:37:16<31:10,  6.09s/it]
[1A 84%|████████▎ | 1569/1875 [2:37:22<30:49,  6.04s/it]
[1A 84%|████████▎ | 1570/1875 [2:37:28<30:34,  6.02s/it]
[1A 84%|████████▍ | 1571/1875 [2:37:34<30:21,  5.99s/it]
[1A 84%|████████▍ | 1572/1875 [2:37:40<30:23,  6.02s/it]
[1A 84%|████████▍ | 1573/1875 [2:37:46<30:09,  5.99s/it]
[1A 84%|████████▍ | 1574/1875 [2:37:52<29:59,  5.98s/it]
[1A 84%|████████▍ | 1575/1875 [2:37:58<29:49,  5.97s/it]
[1A 84%|████████▍ | 1576/1875 [2:38:04<29:40,  5.96s/it]
[1A 84%|████████▍ | 1577/1875 [2:38:10<29:33,  5.95s/it]
[1A 84%|████████▍ | 1578/1875 [2:38:16<29:25,  5.95s/it]
[1A 84%|████████▍ | 1579/1875 [2:38:22<29:47,  6.04s/it]
[1A 84%|████████▍ | 1580/1875 [2:38:28<29:32,  6.01s/it]
[1A 84%|████████▍ | 1581/1875 [2:38:34<29:41,  6.06s/it]
[1A 84%|████████▍ | 1582/1875 [2:38:40<29:24,  6.02s/it]
[1A 84%|████████▍ | 1583/1875 [2:38:46<29:09,  5.99s/it]
[1A 84%|████████▍ | 1584/1875 [2:38:52<28:58,  5.97s/it]
[1A 85%|████████▍ | 1585/1875 [2:38:58<29:09,  6.03s/it]
[1A 85%|████████▍ | 1586/1875 [2:39:04<29:04,  6.03s/it]
[1A 85%|████████▍ | 1587/1875 [2:39:10<29:09,  6.07s/it]
[1A 85%|████████▍ | 1588/1875 [2:39:17<29:12,  6.10s/it]
[1A 85%|████████▍ | 1589/1875 [2:39:22<28:50,  6.05s/it]
[1A 85%|████████▍ | 1590/1875 [2:39:29<28:55,  6.09s/it]
[1A 85%|████████▍ | 1591/1875 [2:39:35<28:36,  6.04s/it]
[1A 85%|████████▍ | 1592/1875 [2:39:41<28:21,  6.01s/it]
[1A 85%|████████▍ | 1593/1875 [2:39:47<28:36,  6.09s/it]
[1A 85%|████████▌ | 1594/1875 [2:39:53<28:17,  6.04s/it]
[1A 85%|████████▌ | 1595/1875 [2:39:59<28:03,  6.01s/it]
[1A 85%|████████▌ | 1596/1875 [2:40:05<27:50,  5.99s/it]
[1A 85%|████████▌ | 1597/1875 [2:40:11<27:40,  5.97s/it]
[1A 85%|████████▌ | 1598/1875 [2:40:16<27:31,  5.96s/it]
[1A 85%|████████▌ | 1599/1875 [2:40:22<27:24,  5.96s/it]
[1A 85%|████████▌ | 1600/1875 [2:40:29<27:28,  5.99s/it]
[1A                                                     
{'loss': '1.035', 'grad_norm': '0.325', 'learning_rate': '3.099e-05', 'entropy': '1.036', 'num_tokens': '2.612e+07', 'mean_token_accuracy': '0.707', 'epoch': '0.8533'}
[1A
[1A 85%|████████▌ | 1600/1875 [2:40:29<27:28,  5.99s/it]
[1A 85%|████████▌ | 1601/1875 [2:40:34<27:18,  5.98s/it]
[1A 85%|████████▌ | 1602/1875 [2:40:40<27:07,  5.96s/it]
[1A 85%|████████▌ | 1603/1875 [2:40:46<26:59,  5.95s/it]
[1A 86%|████████▌ | 1604/1875 [2:40:52<27:10,  6.02s/it]
[1A 86%|████████▌ | 1605/1875 [2:40:58<26:58,  5.99s/it]
[1A 86%|████████▌ | 1606/1875 [2:41:04<26:47,  5.97s/it]
[1A 86%|████████▌ | 1607/1875 [2:41:10<26:46,  5.99s/it]
[1A 86%|████████▌ | 1608/1875 [2:41:16<26:36,  5.98s/it]
[1A 86%|████████▌ | 1609/1875 [2:41:22<26:27,  5.97s/it]
[1A 86%|████████▌ | 1610/1875 [2:41:29<26:56,  6.10s/it]
[1A 86%|████████▌ | 1611/1875 [2:41:35<26:38,  6.06s/it]
[1A 86%|████████▌ | 1612/1875 [2:41:41<26:23,  6.02s/it]
[1A 86%|████████▌ | 1613/1875 [2:41:47<26:18,  6.02s/it]
[1A 86%|████████▌ | 1614/1875 [2:41:53<26:06,  6.00s/it]
[1A 86%|████████▌ | 1615/1875 [2:41:58<25:55,  5.98s/it]
[1A 86%|████████▌ | 1616/1875 [2:42:04<25:46,  5.97s/it]
[1A 86%|████████▌ | 1617/1875 [2:42:11<25:55,  6.03s/it]
[1A 86%|████████▋ | 1618/1875 [2:42:17<25:43,  6.01s/it]
[1A 86%|████████▋ | 1619/1875 [2:42:22<25:32,  5.99s/it]
[1A 86%|████████▋ | 1620/1875 [2:42:29<25:31,  6.01s/it]
[1A 86%|████████▋ | 1621/1875 [2:42:35<25:37,  6.05s/it]
[1A 87%|████████▋ | 1622/1875 [2:42:41<25:40,  6.09s/it]
[1A 87%|████████▋ | 1623/1875 [2:42:47<25:23,  6.04s/it]
[1A 87%|████████▋ | 1624/1875 [2:42:53<25:09,  6.01s/it]
[1A 87%|████████▋ | 1625/1875 [2:42:59<24:57,  5.99s/it]
[1A 87%|████████▋ | 1626/1875 [2:43:05<25:06,  6.05s/it]
[1A 87%|████████▋ | 1627/1875 [2:43:11<25:16,  6.12s/it]
[1A 87%|████████▋ | 1628/1875 [2:43:17<24:57,  6.06s/it]
[1A 87%|████████▋ | 1629/1875 [2:43:23<24:59,  6.09s/it]
[1A 87%|████████▋ | 1630/1875 [2:43:29<24:41,  6.05s/it]
[1A 87%|████████▋ | 1631/1875 [2:43:35<24:27,  6.01s/it]
[1A 87%|████████▋ | 1632/1875 [2:43:41<24:16,  5.99s/it]
[1A 87%|████████▋ | 1633/1875 [2:43:47<24:06,  5.98s/it]
[1A 87%|████████▋ | 1634/1875 [2:43:53<24:04,  6.00s/it]
[1A 87%|████████▋ | 1635/1875 [2:43:59<23:54,  5.98s/it]
[1A 87%|████████▋ | 1636/1875 [2:44:05<24:18,  6.10s/it]
[1A 87%|████████▋ | 1637/1875 [2:44:11<24:00,  6.05s/it]
[1A 87%|████████▋ | 1638/1875 [2:44:17<23:45,  6.02s/it]
[1A 87%|████████▋ | 1639/1875 [2:44:23<23:34,  5.99s/it]
[1A 87%|████████▋ | 1640/1875 [2:44:29<23:40,  6.04s/it]
[1A 88%|████████▊ | 1641/1875 [2:44:35<23:33,  6.04s/it]
[1A 88%|████████▊ | 1642/1875 [2:44:41<23:20,  6.01s/it]
[1A 88%|████████▊ | 1643/1875 [2:44:47<23:25,  6.06s/it]
[1A 88%|████████▊ | 1644/1875 [2:44:54<23:27,  6.09s/it]
[1A 88%|████████▊ | 1645/1875 [2:45:00<23:26,  6.12s/it]
[1A 88%|████████▊ | 1646/1875 [2:45:06<23:08,  6.06s/it]
[1A 88%|████████▊ | 1647/1875 [2:45:12<22:53,  6.02s/it]
[1A 88%|████████▊ | 1648/1875 [2:45:18<22:57,  6.07s/it]
[1A 88%|████████▊ | 1649/1875 [2:45:24<22:43,  6.03s/it]
[1A 88%|████████▊ | 1650/1875 [2:45:30<23:02,  6.14s/it]
[1A                                                     
{'loss': '1.022', 'grad_norm': '0.3217', 'learning_rate': '2.538e-05', 'entropy': '1.024', 'num_tokens': '2.693e+07', 'mean_token_accuracy': '0.7102', 'epoch': '0.88'}
[1A
[1A 88%|████████▊ | 1650/1875 [2:45:30<23:02,  6.14s/it]
[1A 88%|████████▊ | 1651/1875 [2:45:36<22:41,  6.08s/it]
[1A 88%|████████▊ | 1652/1875 [2:45:42<22:26,  6.04s/it]
[1A 88%|████████▊ | 1653/1875 [2:45:48<22:29,  6.08s/it]
[1A 88%|████████▊ | 1654/1875 [2:45:54<22:20,  6.07s/it]
[1A 88%|████████▊ | 1655/1875 [2:46:00<22:06,  6.03s/it]
[1A 88%|████████▊ | 1656/1875 [2:46:06<21:53,  6.00s/it]
[1A 88%|████████▊ | 1657/1875 [2:46:13<22:14,  6.12s/it]
[1A 88%|████████▊ | 1658/1875 [2:46:19<22:10,  6.13s/it]
[1A 88%|████████▊ | 1659/1875 [2:46:25<21:51,  6.07s/it]
[1A 89%|████████▊ | 1660/1875 [2:46:31<21:52,  6.11s/it]
[1A 89%|████████▊ | 1661/1875 [2:46:37<21:43,  6.09s/it]
[1A 89%|████████▊ | 1662/1875 [2:46:43<21:42,  6.11s/it]
[1A 89%|████████▊ | 1663/1875 [2:46:49<21:25,  6.06s/it]
[1A 89%|████████▊ | 1664/1875 [2:46:55<21:10,  6.02s/it]
[1A 89%|████████▉ | 1665/1875 [2:47:01<21:13,  6.06s/it]
[1A 89%|████████▉ | 1666/1875 [2:47:07<20:59,  6.03s/it]
[1A 89%|████████▉ | 1667/1875 [2:47:13<20:48,  6.00s/it]
[1A 89%|████████▉ | 1668/1875 [2:47:19<20:46,  6.02s/it]
[1A 89%|████████▉ | 1669/1875 [2:47:25<20:35,  6.00s/it]
[1A 89%|████████▉ | 1670/1875 [2:47:31<20:25,  5.98s/it]
[1A 89%|████████▉ | 1671/1875 [2:47:37<20:16,  5.96s/it]
[1A 89%|████████▉ | 1672/1875 [2:47:43<20:09,  5.96s/it]
[1A 89%|████████▉ | 1673/1875 [2:47:49<20:02,  5.95s/it]
[1A 89%|████████▉ | 1674/1875 [2:47:55<19:55,  5.95s/it]
[1A 89%|████████▉ | 1675/1875 [2:48:01<19:54,  5.97s/it]
[1A 89%|████████▉ | 1676/1875 [2:48:07<19:46,  5.96s/it]
[1A 89%|████████▉ | 1677/1875 [2:48:13<19:38,  5.95s/it]
[1A 89%|████████▉ | 1678/1875 [2:48:19<19:31,  5.95s/it]
[1A 90%|████████▉ | 1679/1875 [2:48:24<19:25,  5.95s/it]
[1A 90%|████████▉ | 1680/1875 [2:48:30<19:18,  5.94s/it]
[1A 90%|████████▉ | 1681/1875 [2:48:36<19:11,  5.94s/it]
[1A 90%|████████▉ | 1682/1875 [2:48:42<19:12,  5.97s/it]
[1A 90%|████████▉ | 1683/1875 [2:48:48<19:03,  5.96s/it]
[1A 90%|████████▉ | 1684/1875 [2:48:54<18:57,  5.95s/it]
[1A 90%|████████▉ | 1685/1875 [2:49:00<18:51,  5.95s/it]
[1A 90%|████████▉ | 1686/1875 [2:49:06<18:43,  5.95s/it]
[1A 90%|████████▉ | 1687/1875 [2:49:12<18:50,  6.02s/it]
[1A 90%|█████████ | 1688/1875 [2:49:18<18:53,  6.06s/it]
[1A 90%|█████████ | 1689/1875 [2:49:25<18:58,  6.12s/it]
[1A 90%|█████████ | 1690/1875 [2:49:31<18:41,  6.06s/it]
[1A 90%|█████████ | 1691/1875 [2:49:37<18:27,  6.02s/it]
[1A 90%|█████████ | 1692/1875 [2:49:43<18:17,  6.00s/it]
[1A 90%|█████████ | 1693/1875 [2:49:48<18:08,  5.98s/it]
[1A 90%|█████████ | 1694/1875 [2:49:54<18:00,  5.97s/it]
[1A 90%|█████████ | 1695/1875 [2:50:00<17:52,  5.96s/it]
[1A 90%|█████████ | 1696/1875 [2:50:07<18:05,  6.07s/it]
[1A 91%|█████████ | 1697/1875 [2:50:13<17:52,  6.03s/it]
[1A 91%|█████████ | 1698/1875 [2:50:19<17:41,  6.00s/it]
[1A 91%|█████████ | 1699/1875 [2:50:24<17:32,  5.98s/it]
[1A 91%|█████████ | 1700/1875 [2:50:30<17:23,  5.96s/it]                                                     
{'loss': '1.028', 'grad_norm': '0.3168', 'learning_rate': '1.976e-05', 'entropy': '1.029', 'num_tokens': '2.775e+07', 'mean_token_accuracy': '0.7096', 'epoch': '0.9067'}
[1A
[1A 91%|█████████ | 1700/1875 [2:50:30<17:23,  5.96s/it]
[1A 91%|█████████ | 1701/1875 [2:50:37<17:28,  6.03s/it]
[1A 91%|█████████ | 1702/1875 [2:50:42<17:18,  6.00s/it]
[1A 91%|█████████ | 1703/1875 [2:50:49<17:14,  6.01s/it]
[1A 91%|█████████ | 1704/1875 [2:50:55<17:16,  6.06s/it]
[1A 91%|█████████ | 1705/1875 [2:51:01<17:03,  6.02s/it]
[1A 91%|█████████ | 1706/1875 [2:51:07<16:53,  6.00s/it]
[1A 91%|█████████ | 1707/1875 [2:51:13<16:43,  5.97s/it]
[1A 91%|█████████ | 1708/1875 [2:51:19<16:47,  6.03s/it]
[1A 91%|█████████ | 1709/1875 [2:51:25<16:47,  6.07s/it]
[1A 91%|█████████ | 1710/1875 [2:51:31<16:40,  6.06s/it]
Task's current input(s) ["in-01KR0DFM3F9Z85XHR0V61AYVC5:1778130604149-0"] cancelled because: Task's current input in-01KR0DFM3F9Z85XHR0V61AYVC5:1778130604149-0 hit its timeout of 10800s
[1A 91%|█████████▏| 1711/1875 [2:51:37<16:27,  6.02s/it][modal-client] 2026-05-07T08:10:08+0000 Received a cancellation signal while processing input ('in-01KR0DFM3F9Z85XHR0V61AYVC5:1778130604149-0',)
[modal-client] 2026-05-07T08:10:08+0000 Successfully canceled input ('in-01KR0DFM3F9Z85XHR0V61AYVC5:1778130604149-0',)
Stopping app - uncaught exception raised locally: FunctionTimeoutError("Task's current input in-01KR0DFM3F9Z85XHR0V61AYVC5:1778130604149-0 hit its timeout of 10800s").

[1A 91%|█████████▏| 1711/1875 [2:51:42<16:27,  6.02s/it]
┌───────────────────── Traceback (most recent call last) ─────────────────────┐
│ C:\Users\benja\Documents\slm_learning\modal_app/train_lora.py:400 in main   │
│                                                                             │
│   399 │   fn = {"L4": train, "A10G": train_a10g, "A100": train_a100}.get(gp │
│ > 400 │   result = fn.remote(spec)                                          │
│   401 │   print()                                                           │
│                                                                             │
│ C:\Users\benja\Documents\slm_learning\.venv\Lib\site-packages\modal\_object │
│ .py:46 in wrapped                                                           │
│                                                                             │
│    45 │   │   await self.hydrate()                                          │
│ >  46 │   │   return await method(self, *args, **kwargs)                    │
│    47                                                                       │
│                                                                             │
│ C:\Users\benja\Documents\slm_learning\.venv\Lib\site-packages\modal\_functi │
│ ons.py:1699 in remote                                                       │
│                                                                             │
│   1698 │   │                                                                │
│ > 1699 │   │   return await self._call_function(args, kwargs)               │
│   1700                                                                      │
│                                                                             │
│ C:\Users\benja\Documents\slm_learning\.venv\Lib\site-packages\modal\_functi │
│ ons.py:1643 in _call_function                                               │
│                                                                             │
│   1642 │   │                                                                │
│ > 1643 │   │   return await invocation.run_function()                       │
│   1644                                                                      │
│                                                                             │
│ C:\Users\benja\Documents\slm_learning\.venv\Lib\site-packages\modal\_functi │
│ ons.py:291 in run_function                                                  │
│                                                                             │
│    290 │   │   │   item = await self._get_single_output()                   │
│ >  291 │   │   │   return await _process_result(item.result, item.data_form │
│    292                                                                      │
│                                                                             │
│ C:\Users\benja\Documents\slm_learning\.venv\Lib\site-packages\modal\_utils\ │
│ function_utils.py:489 in _process_result                                    │
│                                                                             │
│   488 │   if result.status == api_pb2.GenericResult.GENERIC_STATUS_TIMEOUT: │
│ > 489 │   │   raise FunctionTimeoutError(result.exception)                  │
│   490 │   elif result.status == api_pb2.GenericResult.GENERIC_STATUS_INTERN │
└─────────────────────────────────────────────────────────────────────────────┘
FunctionTimeoutError: Task's current input 
in-01KR0DFM3F9Z85XHR0V61AYVC5:1778130604149-0 hit its timeout of 10800s
